Id,Kazakh,Russian,English,Level
1,танысу,знакомство,acquaintance,A1
2,Сәлем!,Привет!,Hello!,A1
3,сәлемдесу,приветствие,greeting,A1
4,Сәлеметсіз бе!,Здравствуйте!,Hello!,A1
5,Қош келдіңіз!,Добро пожаловать!,You are welcome!,A1
6,Қайырлы таң!,Доброе утро!,Good morning!,A1
7,Қайырлы күн!,Добрый день!,Good afternoon!,A1
8,Қайырлы кеш!,Добрый вечер!,Good evening!,A1
9,Қайырлы түн!,Доброй ночи!,Good night!,A1
10,Қалыңыз қалай?,Как Ваши дела?,How are you?,A1
11,Қалайсыз (қалайсың)?,Как Вы (ты)?,How are you?,A1
12,тамаша,отлично,very good,A1
13,жақсы,"хорошо, хороший",good,A1
14,жаман,плохо,bad,A1
15,рақмет,спасибо,thank you,A1
16,жаңалық,новость,news,A1
17,бар,есть,there is,A1
18,жоқ,нет,no,A1
19,иә,да,yes,A1
20,және,и,and,A1
21,таныс болайық,будем знакомы,we will know each other,A1
22,әрине,конечно,оf course,A1
23,қуаныш,радость,happiness,A1
24,кездесу,"встреча, встречаться","meeting, to meet",A1
25,бұрын,раньше,before,A1
26,рұқсат етіңіз,разрешите,allow me,A1
27,кешіріңіз,простите,excuse me,A1
28,айтыңызшы,"подскажите, пожалуйста",tell me please,A1
29,қарындас,девушка (обращение,a girl (a man’s address to,A1
30,бойжеткен,девушка,girl,A1
31,жігіт,парень,boy,A1
32,қыз,девочка,girl,A1
33,қарағым,ласковое обращение к,caressing the younger,A1
34,әріптес,коллега,colleagues,A1
35,мен,я,I,A1
36,сен,ты,you,A1
37,Сіз,Вы,you,A1
38,ол,"он, она","he, she",A1
39,біз,мы,we,A1
40,кім? не?,кто? что?,who? what?,A1
41,қайда?,где?,where?,A1
42,қалай?,как?,how?,A1
43,қандай?,какой?,which?,A1
44,кімдікі?,чей?,whose?,A1
45,аты,имя,name,A1
46,тегі,фамилия,surname,A1
47,ұлты,национальность,natonality,A1
48,қазақ,казах,kazakh,A1
49,орыс,"русский, русская",russian,A1
50,алғыс айту,благодарить,thank,A1
51,шын жүректен,от всей души,heartily,A1
52,өтініш айту,выражать просьбу,request,A1
53,қоштасу,прощание,saying goodbye,A1
54,Сау болыңыз!,До свидания!,Bye!,A1
55,Кездескенше!,До встречи!,See you!,A1
56,Бәрі сәтті болсын!,Всего хорошего!,Good luck!,A1
57,Жолыңыз болсын!,Счастливого пути!,Have a good trip!,A1
58,хабарласу,быть на связи,be in touch,A1
59,отбасы,семья,family,A1
60,ата,дедушка,grandfather / grandad,A1
61,әже,бабушка,grandmother /grandma,A1
62,әке,отец,father,A1
63,ана,мать,mother,A1
64,әпке,старшая сестра,elder  sister,A1
65,аға,старший брат,elder brother,A1
66,ағайынды,братья,brothers,A1
67,іні,младший брат,younger brother,A1
68,сіңлі,обращение старшей,younger sister,A1
69,бала,ребёнок/мальчик,boy,A1
70,ұл,сын,son,A1
71,бауыр,кровный родственник,relative,A1
72,күйеу,муж,husband,A1
73,әйел,"жена, женщина",wife,A1
74,құрбы,подруга,friend,A1
75,дос,друг,friend,A1
76,құрдас,ровестник,coeval,A1
77,үлкен,старший,older,A1
78,кіші,младший,elder,A1
79,жас,возраст,age,A1
80,еркек,мужчина,male,A1
81,қарт адам,старый человек,old man,A1
82,қарт әйел,пожилая женщина,old lady,A1
83,зейнеткер,пенсионер(-ка),pensioner,A1
84,көрші,сосед,neighbour,A1
85,үйлену,жениться,to marry,A1
86,тұрмыста,замужняя,married,A1
87,шағын,небольшой,small,A1
88,бақытты,счастливый,happy,A1
89,қызықты,интересный,interesting,A1
90,махаббат,любовь,love,A1
91,көңіл күй,настроение,mood,A1
92,күлкі,смех,laughter,A1
93,қуану,радоваться,to be happy,A1
94,жақсы көру,любить,to love,A1
95,ұнау,"нравиться, понравиться",to like,A1
96,ақкөңіл,искренний,sincere,A1
97,мінез,характер,character,A1
98,ақылды,умный,clever,A1
99,білімді,образованный,educated,A1
100,белсенді,активный,active,A1
101,еңбекқор,трудолюбивый,hard working,A1
102,жалқау,ленивый,lazy,A1
103,көңілді,весёлый,cheerful,A1
104,қарапайым,скромный,humble,A1
105,салмақты,спокойный,calm,A1
106,сенімді,верный,trustful,A1
107,сыпайы,вежливый,polite,A1
108,ұқыпты,внимательный,"attentive, careful",A1
109,нөл,ноль,zero,A1
110,сандар,цифры,numeral,A1
111,бір,один,one,A1
112,екі,два,two,A1
113,үш,три,three,A1
114,төрт,четыре,four,A1
115,бес,пять,five,A1
116,алты,шесть,six,A1
117,жеті,семь,seven,A1
118,сегіз,восемь,eight,A1
119,тоғыз,девять,nine,A1
120,он,десять,ten,A1
121,он бір,одиннадцать,eleven,A1
122,он екі,двенадцать,twelve,A1
123,он үш,тринадцать,thirteen,A1
124,он төрт,четырнадцать,fourteen,A1
125,он бес,пятнадцать,fifteen,A1
126,он алты,шестнадцать,sixteen,A1
127,он жеті,семнадцать,seventeen,A1
128,он сегіз,восемнадцать,eighteen,A1
129,он тоғыз,девятнадцать,nineteen,A1
130,жиырма,двадцать,twenty,A1
131,отыз,тридцать,thirty,A1
132,қырық,сорок,forty,A1
133,елу,пятьдесят,fifty,A1
134,алпыс,шестьдесят,sixty,A1
135,жетпіс,семьдесят,seventy,A1
136,сексен,восемьдесят,eighty,A1
137,тоқсан,девяносто,ninety,A1
138,жүз,сто,one hundred/ a hundred,A1
139,мың,тысяча,thousand,A1
140,бірінші,первый,the first,A1
141,біреу,один,one,A1
142,екеу,двое,two,A1
143,үшеу,трое,three,A1
144,төртеу,четверо,four,A1
145,бесеу,пятеро,five,A1
146,алтау,шестеро,six,A1
147,жетеу,семеро,seven,A1
148,жартысы,половина,half,A1
149,қанша?,сколько?,how many/much,A1
150,аз,мало,small/little,A1
151,көп,много,many/ a lot of/much,A1
152,бірнеше,несколько,some/few,A1
153,нешінші?,какой по порядку?,which one in order?,A1
154,астана,столица,capital,A1
155,қала,город,city,A1
156,аудан,район,area,A1
157,ықшамаудан,микрорайон,microdistrict,A1
158,жағалау,берег,bank,A1
159,сырты,внешняя сторона,outer side,A1
160,шеті,край,edge,A1
161,орталық,центр,center,A1
162,алаң,площадь,squarе,A1
163,даңғыл,проспект,avenue,A1
164,көше,улица,street,A1
165,аула,двор,yard,A1
166,көлік,транспорт,transport,A1
167,бағдаршам,светофор,traffic light,A1
168,аялдама,остановка,bus stop,A1
169,ескерткіш,памятник,monument,A1
170,мекеме,здание,building,A1
171,бақ,сад,garden,A1
172,саябақ,парк,park,A1
173,қоғамдық,общественный,society,A1
174,орын,место,public place,A1
175,әкімдік,акимат,city administration,A1
176,аурухана,больница,hospital,A1
177,емхана,поликлиника,polyclinic/clinic,A1
178,дәріхана,аптека,chemist’s shop,A1
179,жедел жәрдем,скорая помощь,ambulance,A1
180,асхана,столовая,dining-hall,A1
181,дәмхана,кафе,a cafe,A1
182,мейрамхана,ресторан,restaurant,A1
183,қонақүй,гостиница,hotel,A1
184,пошта,почта,post office,A1
185,дүкен,магазин,store/shop,A1
186,зауыт,завод,factory,A1
187,мектеп,школа,school,A1
188,балабақша,детский сад,kindergarten,A1
189,шаштараз,парикмахерская,"hairdressr’s, baber shop",A1
190,қызмет,служба,service,A1
191,айналасы,вокруг,around,A1
192,алдында,впереди,in front of,A1
193,артында,позади,behind,A1
194,жанында,"рядом, около, возле",next to,A1
195,оң жақ,правая сторона,right side,A1
196,сол жақ,левая сторона,left side,A1
197,ақырын,медленно,slow,A1
198,үнемі,"регулярно, постоянно",regularly,A1
199,жақын,близко,near,A1
200,алыс,далеко,far,A1
201,тура,прямо,straight,A1
202,қиылыс,перекресток,intersection,A1
203,отыру,садиться,sit down,A1
204,көшу,"переезжать, переехать",move,A1
205,кіру,войти,come in,A1
206,шығу,выходить,go out,A1
207,өту,проходить,go through,A1
208,сұрау,спросить,ask,A1
209,тоқтау,остановиться,stop,A1
210,тұру,жить,live,A1
211,үй,дом,house,A1
212,пәтер,квартира,flat,A1
213,қабат,этаж,floor,A1
214,қабырға,стена,wall,A1
215,еден,пол,floor,A1
216,терезе,окно,window,A1
217,бұрыш,угол,corner,A1
218,есік,дверь,door,A1
219,кілт,ключ,key,A1
220,бөлме,комната,room,A1
221,асүй,кухня,kitchen,A1
222,жуынатын бөлме,ванная комната,bathroom,A1
223,әжетхана,туалет,toilet,A1
224,дәліз,коридор,hall,A1
225,қонақ бөлме,"гостиная, зал",living room,A1
226,жатын бөлме,спальная комната,bedroom,A1
227,төсек,постель,bedding,A1
228,жастық,подушка,pillow,A1
229,көрпе,одеяло,blanket,A1
230,кең,"широкий (-ая,-ие,-ое)",wide,A1
231,жылы,тёплый,warm,A1
232,жайлы,удобный,comfortable,A1
233,тар,узкий,narrow,A1
234,ыңғайлы,удобный,convenient,A1
235,жамылу,укрываться,cover,A1
236,жуыну,мыться,wash,A1
237,жату,ложиться,go to bed,A1
238,ұйықтау,спать,sleep,A1
239,зат,предмет,subject,A1
240,тұрмыстық заттар,бытовые приборы,нousehold aplliances,A1
241,үтік,утюг,iron,A1
242,шаңсорғыш,пылесос,vaccum cleaner,A1
243,тоңазытқыш,холодильник,refrigerator,A1
244,теледидар,телевизор,television/ tv set,A1
245,кір жуатын мәшине,стиральная машина,washing machine,A1
246,айна,зеркало,mirror,A1
247,жиhаз,мебель,furniture,A1
248,кереует,кровать,bed,A1
249,кілем,ковёр,carpet,A1
250,орындық,стул,chair,A1
251,сурет,картина,picture/painting,A1
252,үстел,стол,table,A1
253,шам,лампа,lamp,A1
254,жұмыс,работа,work,A1
255,уақыт,время,time,A1
256,күнтізбе,календарь,calendar,A1
257,жұмыс күні,рабочий день,working day,A1
258,жұмыс кестесі,график работы,"timetable, schedule",A1
259,түскі үзіліс,обеденный перерыв,lunch break,A1
260,жиналыс,"собрание, совещание",meeting,A1
261,ақпарат,информация,information,A1
262,басшы,руководитель,head,A1
263,есеп,отчёт,report,A1
264,қорытынды,"вывод, заключение",conclusion,A1
265,өтініш,заявление,application,A1
266,өмірбаян,автобиография,autobiography,A1
267,түйіндеме,резюме,summary,A1
268,еңбек,труд,work/job,A1
269,еңбек демалысы,трудовой отпуск,basic leave,A1
270,демалыс,отдых,rest/holiday,A1
271,бөлім,отдел,department,A1
272,өтіл,стаж,work experience,A1
273,ұйым,организация,organization,A1
274,жекеменшік,частный,private,A1
275,кәсіп,профессия,рrofession,A1
276,кәсіпкер,предприниматель,businessman,A1
277,маман,специалист,specialist,A1
278,мамандық,специальность,specialty,A1
279,ғалым,учёный,a scientist,A1
280,заңгер,юрист,a lawyer,A1
281,дәрігер,врач,a doctor,A1
282,мейіргер,"медбрат, медсестра",a nurse,A1
283,сәулетші,архитектор,an architect,A1
284,суретші,художник,an artist,A1
285,есепші,бухгалтер,an accountant,A1
286,аспаз,повар,a cook,A1
287,даярлау,готовить,to cook,A1
288,даяшы,официант,a waiter,A1
289,ғарышкер,космонавт,an astronaut,A1
290,хат,письмо,letter,A1
291,хатшы,секретарь,a secretary,A1
292,ал,а,but,A1
293,алайда,но,only,A1
294,әлде,или,or,A1
295,біріншіден,во-первых,first of all,A1
296,дегенмен,"все-таки, несмотря на",however,A1
297,жалпы айтқанда,в целом,generally speaking,A1
298,керек,надо,need,A1
299,менің ойымша,по моему мнению,in my opinion,A1
300,мүмкін,возможно,maybe,A1
301,өйткені,"потому что, ведь, ибо",because,A1
302,өкінішке қарай,к сожалению,unfortunately,A1
303,сондай-ақ,а также,also,A1
304,сондықтан,поэтому,"because of, so",A1
305,сонымен қатар,"наряду с этим, а также",also,A1
306,тиіс,должен,"have to, must",A1
307,аудармашы,переводчик,"interpreter, translator",A1
308,оқытушы,преподаватель,teacher,A1
309,мұғалім,учитель,teacher,A1
310,мұнайшы,нефтяник,oilman,A1
311,сатушы,продавец,shop assistant,A1
312,әнші,певец,singer,A1
313,тілші,журналист,journalist,A1
314,ақын,поэт,poet,A1
315,жұмысшы,рабочий,worker,A1
316,жүргізуші,водитель,driver,A1
317,айту,говорить,speak,A1
318,алу,брать,take,A1
319,аудару,переводить,translate,A1
320,ауыру,болеть,"ill, to be seak",A1
321,ашу,открывать,open,A1
322,беру,дать,give,A1
323,бояну,краситься,put on make up,A1
324,бояу,красить,paint,A1
325,білу,знать,know,A1
326,дайындау,готовить,cook,A1
327,даму,развиваться,develop,A1
328,емдеу,лечить,treat,A1
329,есту,слышать,hear,A1
330,жабу,закрывать,close,A1
331,жазу,писать,write,A1
332,жасау,делать,do,A1
333,жауап беру,отвечать,answer,A1
334,жеу,кушать,eat,A1
335,жинау,убираться,clean,A1
336,жуу,мыть,wash,A1
337,жүгіру,бегать,run,A1
338,жүру,ходить,walk,A1
339,келу,прийти,come,A1
340,кептіру,сушить,dry,A1
341,кету,"уйти, уходить",go away,A1
342,кигізу,одевать,put on,A1
343,киіну,одеваться,get dressed,A1
344,көмек беру,оказывать помощь,help,A1
345,көру,"видеть, смотреть","see, watch",A1
346,көшіру,переписывать,rewrite,A1
347,күлу,смеяться,laugh,A1
348,кір жуу,стирать вещи,do the washing,A1
349,қабылдау,принимать,employ,A1
350,қайнату,кипятить,boil,A1
351,қайталау,повторять,repeat,A1
352,қолдану,пользоваться,enjoy,A1
353,қою,ставить,put,A1
354,қуыру,жарить,fry,A1
355,мақтан ету,гордиться,be proud of,A1
356,ойлау,думать,think,A1
357,оқу,читать,read,A1
358,оқыту,обучать,teach,A1
359,ояну,просыпаться,wake up,A1
360,қайтыс болу,умирать,die,A1
361,өмір сүру,жить,live,A1
362,пісіру,варить,boil,A1
363,салу,ложить,lie down,A1
364,санау,считать,count,A1
365,сөйлеу,говорить,speak,A1
366,сүрту,вытирать,wipe,A1
367,сызу,чертить,draw,A1
368,сыйлау,уважать,respect,A1
369,тазалау,чистить,clean,A1
370,таңдау,выбирать,choose,A1
371,тексеру,проверить,check,A1
372,туу,родить,give birth,A1
373,түсіну,понимать,understand,A1
374,үйрену,учиться,study,A1
375,шаң сору,пылесосить,vacuum,A1
376,шығару,выносить,endure,A1
377,істеу,делать,do,A1
378,ішу,пить,drink,A1
379,мемлекеттік,государственное,state organization,A1
380,мемлекет,государство,state,A1
381,отан,родина,motherland,A1
382,ел,страна,country,A1
383,туған жер,родной край,motherland,A1
384,рәміз,символ,symbol,A1
385,ту,флаг,flag,A1
386,елтаңба,герб,emblem,A1
387,гимн,гимн,anthem,A1
388,тіл,язык,language,A1
389,халық,народ,people,A1
390,азаматтық,гражданство,"citizenship, nationality",A1
391,шекара,граница,border,A1
392,қорғау,оборонять,defend,A1
393,заң,закон,law,A1
394,шетел,иностранный,foreigner,A1
395,таңғы ас,завтрак,breakfast,A1
396,түскі ас,обед,lunch/ dinner,A1
397,кешкі ас,ужин,supper,A1
398,дастарқан,скатерть,tablecloth,A1
399,тағам,блюдо,dish,A1
400,нан,хлеб,bread,A1
401,бауырсақ,баурсаки,baursak,A1
402,май,масло,butter,A1
403,қаймақ,сметана,sour cream,A1
404,ірімшік,сыр,cheese,A1
405,сүзбе,творог,cottage cheese,A1
406,жұмыртқа,яйцо,egg,A1
407,ботқа,каша,porridge,A1
408,ет,мясо,meat,A1
409,балық,рыба,fish,A1
410,шұжық,колбаса,sausage,A1
411,қуырдақ,жаркое,roast,A1
412,палау,плов,plov,A1
413,күріш,рис,rice,A1
414,сорпа,бульон,broth,A1
415,көже,суп,soup,A1
416,бақша,огород,garden,A1
417,көгөніс,овощь,vegetable,A1
418,картоп,картофель,potato,A1
419,қырыққабат,капуста,cabbage,A1
420,пияз,лук,onion,A1
421,сәбіз,морковь,carrot,A1
422,қияр,огурец,cucumber,A1
423,қызанақ,помидор,tomotoe,A1
424,қауын,дыня,melon,A1
425,қарбыз,арбуз,water melon,A1
426,жеміс,фрукты,fruit,A1
427,алма,яблоко,apple,A1
428,алмұрт,груша,pear,A1
429,жидек,ягоды,berry,A1
430,жүзім,виноград,grapes,A1
431,құлпынай,клубника,strawberry,A1
432,өрік,абрикос,apricot,A1
433,шабдалы,персик,peach,A1
434,шие,вишня,cherry,A1
435,піскен,спелый,ripe,A1
436,қышқыл,кислый,sour,A1
437,ащы,горький,spicy,A1
438,қатты,твёрдый,solid,A1
439,жұмсақ,мягкий,soft,A1
440,тәтті,сладкий,sweet,A1
441,қант,сахар,sugar,A1
442,бал,мёд,honey,A1
443,балмұздақ,мороженое,ice cream,A1
444,тосап,варенье,jam,A1
445,сусын,напиток,drink,A1
446,шай,чай,tea,A1
447,сүт,молоко,milk,A1
448,шырын,сок,juice,A1
449,ұлттық тағамдар,национальные блюда,tradiotonal meal,A1
450,айран,кефир,kefir,A1
451,қымыз,кумыс,permented from mare’s,A1
452,шұбат,шубат,shybat (national drink,A1
453,тұз,соль,salt,A1
454,майлы,жирный,fatty,A1
455,пайдалы,полезный,useful,A1
456,зиян,вредный,harmful,A1
457,қуырылған,жареный,fried,A1
458,қайнатылған,кипячёный,boiled,A1
459,буға піскен,приготовленный на,steamed,A1
460,ыдыс,посуда,dishes,A1
461,майлық,салфетка,napkin,A1
462,қасық,ложка,spoon,A1
463,шайқасық,чайная ложка,tea spoon,A1
464,шанышқы,вилка,fork,A1
465,пышақ,нож,knife,A1
466,шыныаяқ,чашка,cup,A1
467,табақ,блюдо,"dish, plate",A1
468,кесе,пиала,drinking bowl,A1
469,таба,сковорода,frying pan,A1
470,сатылым,продажа,sale,A1
471,жеңілдік,скидка,a discount,A1
472,пайыз,процент,percent,A1
473,арзан,дешёвый,cheap,A1
474,қымбат,дорогой,expensive,A1
475,сауда,торговля,trade,A1
476,ақша,деньги,money,A1
477,баға,цена,price,A1
478,келі,килограмм,kilogram,A1
479,тамақ ішу,принимать пищу,to have a мeal,A1
480,айналысу,заниматься,engage in,A1
481,ән айту,петь,sing,A1
482,балық аулау,рыбачить,to fish,A1
483,дүкен аралау,ходить по магазинам,go to the mall,A1
484,жаяу қыдыру,гулять пешком,to walk,A1
485,жүзуге бару,ходить на плавание,go swimming,A1
486,кино көру,смотреть кино,to watch movie,A1
487,коньки тебу,кататься на коньках,to skate,A1
488,кітап оқу,читать книги,to read,A1
489,музыка тыңдау,слушать музыку,listen to music,A1
490,мұз айдыны,ледовый каток,ice rink,A1
491,мұражайға бару,ходить в музей,go to the museum,A1
492,серуендеу,прогуливаться,walk,A1
493,суретке түсіру,фотографировать,take a foto,A1
494,сүйікті іс,"любимое занятие, хобби",favourite buisness,A1
495,тауға шығу,подниматься в горы,go to the mountains,A1
496,шаңғы тебу,кататься на лыжах,skiing,A1
497,ағаш,дерево,tree,A1
498,табиғат,природа,nature,A1
499,ай,луна,moon,A1
500,арал,остров,island,A1
501,аспан,небо,sky,A1
502,ауа,воздух,air,A1
503,бұлт,облако,cloud,A1
504,гүл,цветок,flowers,A1
505,жер,земля,earth,A1
506,жұлдыз,звезда,star,A1
507,көл,озеро,lake,A1
508,күн,"солнце, день",sun,A1
509,мұхит,океан,ocean,A1
510,орман,лес,forest,A1
511,өзен,река,river,A1
512,су,вода,water,A1
513,тау,гора,mountain,A1
514,теңіз,море,sea,A1
515,солтүстік,север,north,A1
516,оңтүстік,юг,south,A1
517,батыс,запад,west,A1
518,шығыс,востoк,east,A1
519,жабайы,дикий,animals,A1
520,жануарлар,животный мир,wild,A1
521,аң,зверь,animal,A1
522,арыстан,лев,lion,A1
523,аю,медведь,bear,A1
524,жолбарыс,тигр,tiger,A1
525,қасқыр,волк,wolf,A1
526,қоян,заяц,hare,A1
527,маймыл,обезьяна,monkey,A1
528,піл,слон,elephant,A1
529,түлкі,лиса,fox,A1
530,құс,птица,bird,A1
531,бүркіт,беркут,golden eagle,A1
532,қыран,орёл,eagle,A1
533,аққу,лебедь,swan,A1
534,торғай,воробей,sparrow,A1
535,көгершін,голубь,dove,A1
536,бидай,пшеница,wheat,A1
537,өсімдіктер,растения,plants,A1
538,тары,просо,millet,A1
539,раушан гүлі,роза,rose,A1
540,қызғалдақ,тюльпан,tulip,A1
541,ағаш отырғызу,сажать деревья,plant trees,A1
542,жылқы,лощадь,horse,A1
543,үй жануарлары,домашние животные,domestic animals,A1
544,түйе,верблюд,camel,A1
545,сиыр,корова,cow,A1
546,қой,"баран, овца",sheep,A1
547,ешкі,коза,she goat,A1
548,ит,собака,dog,A1
549,мысық,кот,cat,A1
550,балапан,цыпленок,chicken,A1
551,тауық,курица,hen,A1
552,әтеш,петух,cock,A1
553,қаз,гусь,goose,A1
554,үйрек,утка,duck,A1
555,көктем,весна,spring,A1
556,жыл мезгілдері,времена года,season,A1
557,жаз,лето,summer,A1
558,күз,осень,autumn,A1
559,қыс,зима,winter,A1
560,маусым,сезон,season,A1
561,қаңтар,январь,January,A1
562,айлар,месяцы,months,A1
563,ақпан,февраль,February,A1
564,наурыз,март,March,A1
565,сәуір,апрель,April,A1
566,мамыр,май,May,A1
567,шілде,июль,July,A1
568,тамыз,август,August,A1
569,қыркүйек,сентябрь,September,A1
570,қазан,октябрь,October,A1
571,қараша,ноябрь,November,A1
572,желтоқсан,декабрь,December,A1
573,дүйсенбі,понедельник,Monday,A1
574,апта күндері,дни недели,the days of the week,A1
575,сейсенбі,вторник,Tuesday,A1
576,сәрсенбі,среда,Wednesday,A1
577,бейсенбі,четверг,Thursday,A1
578,жұма,пятница,Friday,A1
579,сенбі,суббота,Saturday,A1
580,жексенбі,воскресенье,Sunday,A1
581,секунд,секунда,second,A1
582,минут,минута,minute,A1
583,сағат,час,hour,A1
584,тәулік,сутки,day,A1
585,апта,неделя,a week,A1
586,жыл,год,year,A1
587,ғасыр,век,century,A1
588,таңертең,утром,in the morning,A1
589,уақыт кезеңдері,периоды времени,periods of the time,A1
590,күндіз,днем,in the afternoon,A1
591,кешке,вечером,in the evening,A1
592,түнде,ночью,at night,A1
593,кеше,вчера,yesterday,A1
594,бүгін,сегодня,today,A1
595,ертең,завтра,tomorrow,A1
596,басында,сначала,"at first, at the beginning",A1
597,аяғында,в конце,at the end,A1
598,дейін,до,before,A1
599,кейін,после,after,A1
600,баяғыда,давно,long ago,A1
601,болашақта,в будущем,in future,A1
602,жақында,скоро,soon,A1
603,ерте,рано,early,A1
604,кеш,поздно,late,A1
605,әдетте,обычно,usually,A1
606,жиі,часто,often,A1
607,сирек,редко,seldom,A1
608,күнде,каждый день,everyday,A1
609,қазір,сейчас,now,A1
610,одан кейін,"потом, после этого",later,A1
611,бұршақ,град,hail storm,A1
612,ауа райы,погода,weather,A1
613,жаңбыр,дождь,rain,A1
614,жел,ветер,wind,A1
615,қар,снег,snow,A1
616,салқын,прохладно,cool,A1
617,тайғақ,гололёд,іce-crusted ground,A1
618,ыстық,жарко,hot,A1
619,аяқкиім,обувь,boots,A1
620,баскиім,головной убор,hat,A1
621,бау,шнурки,shoelaces,A1
622,белдемше,юбка,skirt,A1
623,етік,сапоги,high boots,A1
624,жазғы,летний,summer,A1
625,жейде,рубашка,shirt,A1
626,жемпір,кофта,blouse,A1
627,кию,"одеть, одевать",dress,A1
628,ішкиім,нижнее бельё,underclothes,A1
629,көзілдірік,очки,glasses/spectacles,A1
630,көйлек,платье,dress,A1
631,күрте,куртка,jacket,A1
632,қалпақ,шляпа,hat,A1
633,қалта,карман,pocket,A1
634,қолғап,перчатки,gloves,A1
635,қысқы,зимний,winter,A1
636,орамал,платок,headscarf,A1
637,сән,мода,fashion,A1
638,сөмке,сумка,small  bag,A1
639,сыртқы,верхняя,оuterwear/overclothes,A1
640,тон,шуба,fur coat,A1
641,шалбар,брюки,trousers,A1
642,шұлық,носки,socks,A1
643,түстер,цвета,colours,A1
644,ақ,белый,white,A1
645,жасыл,зелёный,green,A1
646,көгілдір,голубой,light-blue,A1
647,көк,синий,blue,A1
648,қара,черный,black,A1
649,қоңыр,коричневый,brown,A1
650,қызыл,красный,red,A1
651,сары,жёлтый,yellow,A1
652,сұр,серый,grey,A1
653,алтын,золотой,golden,A1
654,сапа,серебрянный,quality,A1
655,ауыр,тяжёлый,heavy,A1
656,жеңіл,лёгкий,easy,A1
657,биік,высокий,high,A1
658,төмен,низкий,low,A1
659,қалың,толстый,fat,A1
660,жұқа,тонкий,thin,A1
661,дөңгелек,круглый,round,A1
662,таза,чистый,clean,A1
663,билет алу,"купить, брать билет",to buy ticket,A1
664,саяхат,путешествие,journey,A1
665,жету,доехать,to reach,A1
666,жоғалту,потерять,to lose,A1
667,жолға шығу,выезжать,leave,A1
668,кешігу,опаздывать,to miss the train,A1
669,ұшу,"летать, лететь",to fly,A1
670,үлгеру,успевать,to catch the train,A1
671,шаршау,уставать,to be tired,A1
672,сапарға шығу,"путешествие, туризм","journey, tourism",A1
673,қайық,лодка,boat,A1
674,кеме,корабль,ship,A1
675,әлеуметтік желі байланыс,социальная сеть связь,social network communication,A1
676,ғаламтор,интернет,internet,A1
677,жіберу,отправить,send,A1
678,анықтама теміржол,справка железная дорога,reference railway,A1
679,жеке куәлік,удостоверение личности,identification,A1
680,жолаушы,пассажир,passenger,A1
681,жолсерік,проводник,conductor,A1
682,бақылаушы,контролер,controller,A1
683,астыңғы,нижнее,lower,A1
684,үстіңгі,верхнее,upper,A1
685,әуежай әуе көлігі,аэропорт авиатранспорт,airport аir transport,A1
686,төлқұжат,паспорт,passport,A1
687,ұшақ,самолёт,plane,A1
688,тіркелу,регистрация,check-in,A1
689,адамның дене бас мүшелері,части тела голова,parts of the body head,A1
690,бет,лицо,face,A1
691,көз,глаза,eye,A1
692,қас,брови,eyebrow,A1
693,кірпік,ресницы,eyelashes,A1
694,шаш,волосы,hair,A1
695,құлақ,уши,ear,A1
696,ауыз,рот,mouth,A1
697,ерін,губы,lip,A1
698,тамақ,горло,throat,A1
699,тіс,зубы,tooth,A1
700,мұрын,нос,nose,A1
701,мойын,шея,neck,A1
702,кеуде,грудь,chest,A1
703,қол,рука,arm,A1
704,саусақ,пальцы,fingers,A1
705,іш,живот,stomack,A1
706,арқа,спина,back,A1
707,бел,поясница,loins,A1
708,аяқ,нога,leg,A1
709,адам қасиеті,сильный,describing people,A1
710,күшті,человека,strong,A1
711,әлсіз,слабый,weak,A1
712,арық,худощавый,thin,A1
713,толық,полный,fat,A1
714,бай,богатый,rich,A1
715,кедей,бедный,poor,A1
716,ауру,"болезнь, больной",hospital,A1
717,ауруханада,в больнице,vitamin,A1
718,дәрі,лекарство,medicine,A1
719,денсаулық,здоровье,health,A1
720,суық тию,простудиться,to catch cold,A1
721,тұмау,грипп,flu,A1
722,дәрігерді шақыру,вызвать врача,to call a doctor,A1
723,спортпен айналысу,заниматься спортом,go in for sports,A1
724,доп,мяч,ball,A1
725,ойын,игра,game/play,A1
726,жарысу,соревноваться,compete,A1
727,жаттығу,тренировка,training,A1
728,жеңіс,победа,win,A1
729,күресу,бороться,restling,A1
730,ойнау,играть,to play,A1
731,секіру,прыгать,to jump,A1
732,сырғанау,кататься,to skate,A1
733,шұғылдану,заниматься,go in for,A1
734,белгілі,известный,famous,A1
735,дарынды,талантливый,talented,A1
736,қайраткер,деятель,artistic creator,A1
737,өнер көрсету,выступать,protrude,A1
738,өнер түрлері,виды искусства,kinds of art,A1
739,танымал,популярный,popular,A1
740,шығарма,произведение,piece of art/composition,A1
741,шығармашылық,творчество,art work,A1
742,бейнелеу өнері,живопись,painting,A1
743,көрме,выставка,exhibition,A1
744,шебер,мастер,master,A1
745,әртіс,артист,actor/actress,A1
746,кино,кино,film,A1
747,кейіпкер,"герой, персонаж",character,A1
748,көрермен,зритель,spectator,A1
749,қатар,ряд,raw,A1
750,басты рөл,главная роль,main role/starring,A1
751,театр,театр,theatre,A1
752,мазмұны,содержание,content,A1
753,сезім,чувство,feeling,A1
754,сыйлық иегері,обладатель премии,award winner,A1
755,ақын әдебиет,поэт литература,poet literature,A1
756,әңгіме,рассказ,story,A1
757,жазушы,писатель,writer,A1
758,оқырман,читатель,reader,A1
759,өлең,стихотворение,poem,A1
760,өлең жазу,писать стихи,write poems,A1
761,домбыра музыка,домбра музыка,dombra (kazakh stringed мusic folk instrument),A1
762,күй,кюй,kuy,A1
763,қобыз,кобыз,kobuz (kazakh stringed,A1
764,сахна,сцена,stage,A1
765,топ,группа,group,A1
766,көне сәулет,древний архитектура,ancient аrchitecture,A1
767,жоба,проект,project,A1
768,туған күн МЕРЕКЕЛЕР,день рождения ПРАЗДНИКИ,birthday HOLIDAYS,A1
769,үйлену тойы,свадьба,wedding,A1
770,шілдехана,праздник в честь,the feast in honor of the,A1
771,Наурыз мейрамы,праздник Наурыз,Nauryz holiday,A1
772,Құрбан айт,религиозный праздник,“Ait” (religious festival of,A1
773,Жаңа жыл,Новый год,New year,A1
774,Жеңіс күні,День победы,Victory Day,A1
775,Тәуелсіздік күні,День независимости,Independence Day,A1
776,Мемлекеттік рәміздер,День государственных,The day of state symbols,A1
777,құрметті,уважаемый,respect,A1
778,қонақ,гость,visitor/guest,A1
779,қонақжай,гостеприимный,hospitable,A1
780,тосынсый,сюрприз,surprise,A1
781,құттықтау,поздравлять (-ение),congratulate (-tion),A1
782,ұйымдастыру,организовать,organize,A1
783,өткізу,проводить,hold,A1
784,шақыру,приглашать,invite,A1
785,тілек айту,пожелать,wish,A1
786,тойлау,праздновать,celebrate,A1
787,білім беру,образование,education,A1
788,тәрбиеші,воспитатель,mentor,A1
789,білім,знания,knowledge,A1
790,оқушы,ученик(-ца),рupil,A1
791,пән,предмет,subjects,A1
792,тарих,история,history,A1
793,дене шынықтыру,физическая культура,physical training,A1
794,сынып,класс,form/grade,A1
795,сабақ,"занятие, урок",lesson,A1
796,сабақ кестесі,расписание уроков,timetable,A1
797,тақырып,тема,theme,A1
798,тапсырма,задание,task,A1
799,қате,ошибка,mistake,A1
800,әріп,буква,letter,A1
801,дыбыс,звук,sound,A1
802,сөз,слово,word,A1
803,сөйлем,предложение,sentence,A1
804,тақта,доска,blackboard,A1
805,кітап,книга,book,A1
806,оқулық,учебник,text-book,A1
807,сөздік,словарь,dictionary,A1
808,күнделік,дневник,a diary,A1
809,дәптер,тетрадь,exercise book,A1
810,қаламсап,ручка,a pen,A1
811,қарындаш,карандаш,pencil,A1
812,сызғыш,линейка,ruler,A1
813,өшіргіш,резинка,eraser,A1
814,ғылым,наука,science,A1
815,үйрету,обучать,learn/ teach,A1
816,Ештен кеш жақсы.,"Лучше поздно, чем",Better late than never.,A1
817,Өз үйім – өлең төсегім.,Мой дом – моя  крепость.,An Englishman’s home is his castle.,A1
818,Денсаулық – зор байлық.,Здоровье всего дороже.,Good health is above wealth,A1
819,Туған жердің жуасы да тәтті.,Дома и стены лечат.,At home the air is medicine. /Dry bread at home is better than roast meat abroad.,A1
820,Халық – дана.,Народ  мудр.,The people are wise.,A1
821,Адам бір-біріне қонақ.,В жизни человек человеку – гость.,"In life, a man is a guest.",A1
822,Ер дәулеті – еңбек.,Богатство джигита – труд.,The wealth of the jigit is labor.,A1
823,Жері байдың  – елі  бай.,"Где земля богата,  там и","Where the land is rich,",A1
824,Өмір –  үлкен мектеп.,Жизнь – самая большая школа.,Life is the biggest school.,A1
825,Жаны сұлудың тәні сұлу.,Где земля богата, там и народ богат.,Where the land is rich, there people are rich.,A1
826,Сәлеметсіз бе?,Здравствуйте!,Hello!,A2
827,аты-жөні,"фамилия, имя, отчество","surname, first name",A2
828,ағылшын,"англичанин, англичанка",english,A2
829,неміс,"немец, немка",german,A2
830,кешірім өтінемін,прошу прощения,I am sorry,A2
831,айып етпеңіз,извините,excuse me,A2
832,Ақ жол!,Счастливой дороги!,Lucky road!,A2
833,телефон соғу,звонить,ring,A2
834,ата-баба,предки,ancestors,A2
835,"әке-шеше, ата-ана",родители,parents,A2
836,ер азамат,мужчина,man,A2
837,ағайын-туған,родственники,relatives,A2
838,туған,родной,native,A2
839,сәби,малыш,kid family sisters,A2
840,ағалы-інілі,родные братья,siblings,A2
841,қайын жұрт,родственники по линии мужа,in laws,A2
842,қайын ата,"отец мужа, жены",father - in - law,A2
843,қайын ене,"мать мужа, жены",mother- in- law,A2
844,қайын аға,"старший брат мужа, жены",Brother-in -law,A2
845,қайын апа,старшая сестра мужа,sister –in-law,A2
846,абысын,жены братьев,brother’s wives,A2
847,келін,сноха (жена младшей сестры),daughter-in-law (young sister’s wife),A2
848,күйеу бала,зять (муж младшей сестры),son-in-law (young sister’s husband),A2
849,балдыз,младшие родственники жены,younger relatives of the wife,A2
850,бөле,двоюродный (дети сестер),cousin (sisters’s children),A2
851,жезде,зять (муж старшей сестры),son-in-law (elder sister’s husband),A2
852,жеңге,сноха (жена старшего брата),daughter-in-law (elder brother’s the wife),A2
853,жиен,племянник (ребенок сестры),nephew (sister’s child),A2
854,нағашы,родственник по материнской линии,maternal relative,A2
855,немере,внук,grandson,A2
856,немере аға,двоюродный брат (дети братьев),cousin (brother’s children),A2
857,қара шаңырақ,"родительский дом, отчий дом","Parents’ house, father’s house",A2
858,қара шаңырақ иесі,"фразеологизм: младший сын, хранящий очаг отчего дома",phraseology: the youngest son who keeps the hearth of his father at home,A2
859,отау иесі,"фразеологизм: старший сын, создавший свой семейный очаг",phraseology: the eldest son who created his family hearth,A2
860,жасөспірім,подросток,teenagers,A2
861,ардагер,ветеран,veteran,A2
862,үйленген,женатый,married,A2
863,таңғалу,удивляться,be surprised,A2
864,қалау,желать,want,A2
865,алғыр,хваткий,grasping,A2
866,зерек,смышлёный,smart,A2
867,аңқау,наивный,naive,A2
868,дөрекі,грубый,rude,A2
869,"салмақты, сабырлы",спокойный,calm,A2
870,мазасыз,тревожный,disturbing,A2
871,қайғылы,печальный,sad,A2
872,мылжың,болтун,chatterbox,A2
873,тұйық,молчун,молчун,A2
874,шыдамды,терпеливый,patient,A2
875,адал,честный,fair,A2
876,әділ,справедливый,equitable,A2
877,уаймшыл,пессимист,pessimist,A2
878,ашушаң,обидчивый,touchy,A2
879,тапқыр,остроумный,witty,A2
880,сөзге шешен,красноречивый,eloquent,A2
881,мейірімді,гуманный,humane,A2
882,қайырымды,добрый,kind,A2
883,қатыгез,жестокий,cruel,A2
884,сараң,жадный,greedy,A2
885,әдепті,воспитанный,well-mannered,A2
886,тиянақты,"основательный,",solid,A2
887,қатаң,строгий,strict,A2
888,қорқақ,трусливый,sneaking,A2
889,батыл,решительный,decisive,A2
890,ұйқышыл,соня,sleepyhead,A2
891,екі жүз,двести,two hundred,A2
892,нөмір,номер,number,A2
893,біраз,немного,little,A2
894,"мөлшер, шама",размер,the size,A2
895,көлем,объём,volume,A2
896,деңгей,уровень,level,A2
897,үлес,доля,proportion,A2
898,молшылық,изобилие,abundance,A2
899,тұрғын,житель,a citizen,A2
900,кептеліс,пробка,traffic jam,A2
901,жолақы,плата за проезд,payment for travel,A2
902,мәдениет орталығы,культурный центр,сultural сenter,A2
903,шеберхана,мастерская,workshop,A2
904,монша,баня,bathhouse,A2
905,сауда үйі,торговый дом,trading house,A2
906,ойын-сауық орталығы,торгово-,shopping and,A2
907,өнім,продукция,production,A2
908,дүңгіршек,киоск,newsstand,A2
909,алды,впереди,ahead of,A2
910,арты,позади,behind,A2
911,жаны,"рядом, около, возле",near,A2
912,"шапшаң, тез, жылдам",быстро,fast,A2
913,әуесқойлық,хобби,hobbie,A2
914,айтыс,песенное-поэтическое состязание поэтов- импровизаторов,song-poetic contest of poets-improvisers,A2
915,айтыскер,"акын-импровизатор, участвующий в айтысе","akyn-improvisator, who participates in aitys",A2
916,домбыра тарту,играть на домбре,play dombra,A2
917,жеңімпаз,победитель,winner,A2
918,үздік,лучший,best,A2
919,атану,быть названным,be called,A2
920,айырмашылық,"отличие, различие",difference,A2
921,байқау,конкурс,competition,A2
922,басталу,начинаться,start off,A2
923,дамыған,развитый,developed,A2
924,дауыс беру,"голосовать, дать голос",vote,A2
925,ерекше,"особо, особенный",special,A2
926,ерекшелік,особенность,feature,A2
927,келесі,следующий,next,A2
928,қазіргі кезде,в настоящее время,at the present,A2
929,құнды,ценный,valuable,A2
930,құрылған,составленный,made,A2
931,лезде,"быстро, моментально",quick,A2
932,тек қана,только лишь,only,A2
933,ұқсас,схожий,similar,A2
934,ұпай,балл,score,A2
935,үлгі,образец,sample,A2
936,мысал,пример,example,A2
937,саяхат жасау,путешествовать,journey,A2
938,табу,найти,find,A2
939,жағажай,пляж,beach,A2
940,шипажай,санаторий,sanatorium,A2
941,сәулет,архитектура,аrchitecture,A2
942,көне,древний,ancient,A2
943,бағдар,"маршрут, направление","route, direction",A2
944,байланыс,связь,communication,A2
945,әлеуметтік желі,социальная сеть,social network,A2
946,іздеу,"поиск, искать",search,A2
947,бейнематериал,видеоматериал,video material,A2
948,жүктеу,скачать,download,A2
949,қарайту,выделить чёрным,black out,A2
950,сақтау,сохранить,save,A2
951,өзгерту,изменить,change,A2
952,ықшамдау,сжать,squeeze,A2
953,басып шығару,распечатывать,print out,A2
954,қыргүйек,сентябрь,September,A2
955,он екі жарым,половина первого,half past twelve,A2
956,тоқсан,квартал,quarter,A2
957,онгүндік,декада,decade,A2
958,жартыжылдық,полугодие,half-year,A2
959,мыңжыдық,тысячелетие,millennium,A2
960,түсте,в обед,at lunch,A2
961,алдыңгүні,послезавтра,day after tomorrow,A2
962,бүрсігүні,позавчера,day before yesterday,A2
963,былтыр,в прошлом году,last year,A2
964,биыл,в этом году,this year,A2
965,"дейін, шейін",до,before,A2
966,бірге,вместе,together,A2
967,"сияқты, секілді",такой как,such as,A2
968,беске қарай,ближе к пяти,closer to five,A2
969,онға жуық,около десяти,about ten,A2
970,күнделікті,повседневно,day to day,A2
971,"кейде, анда-санда",иногда,sometimes,A2
972,"бір күні, бірде","как-то раз, однажды",one day,A2
973,"енді, қазір","теперь, сейчас",now,A2
974,мерекелер,праздники,holidays,A2
975,туған күн,день рождения,birthday,A2
976,қоныс тойы,новоселье,housewarming,A2
977,шаңырағың биік болсын,фразеологизм: пусть купол твоего дома будет высоким и светлым,phraseology: let the top of your house be high and light,A2
978,Мемлекеттік рәміздер күні,День государственных символов,day of state symbols,A2
979,салтанатты,торжественный,solemn,A2
980,есім қою,нарекание именем,censure by name,A2
981,"есім беру, ат қою",нарекать именем,call,A2
982,құрметіне қойылу,назвать в честь (кого-то),to name in honor of (someone),A2
983,үміт,надежда,hope,A2
984,үміт ақтау,оправдать надежды,meet one’s hopes,A2
985,амандық,благополучие,prosperity,A2
986,батыр,"герой, храбрец","hero, brave",A2
987,кейінгі кезде,в последнее время,lately,A2
988,көбею,увеличиваться,increase,A2
989,дана,мудрый,wise,A2
990,зор,крепкий,strong,A2
991,мағына,значение,value,A2
992,сәттілік,удача,luck,A2
993,есте сақтау,запомнить,remember,A2
994,салт-дәстүрлер,обычаи и традиции,customs and traditions let him live a hundred years,A2
995,айтқаның келсін,пусть исполняются желания,let the wishes come true,A2
996,жемісін көру,пожинать плоды,reap the rewards,A2
997,ниет,искреннее намерение,sincere intention,A2
998,шексіз,безграничный,unlimited,A2
999,АДАМ КЕЛБЕТІ,части тела,parts of the body,A2
1000,адамның дене мүшелері,ЧЕЛОВЕКА,APPEARANCE,A2
1001,бас,голова,head,A2
1002,кекіл,чёлка,bang,A2
1003,иек,подбородок,chin,A2
1004,иық,плечо,shoulder,A2
1005,тамыр,вена,vein,A2
1006,сүйек,кость,bone,A2
1007,бұлшық ет,мышцы,muscles,A2
1008,келбет,внешность,appearance,A2
1009,ұзын бойлы,высокого роста,high growth,A2
1010,қысқа бойлы,низкого роста,low growth,A2
1011,томпақ,"пухленький, упитанный",chubby,A2
1012,салмақ,вес,the weight,A2
1013,қараторы,смуглый,dark,A2
1014,аққұба,светлый,light,A2
1015,бұйра,кудрявый,curly,A2
1016,көрікті,видный,prominent,A2
1017,сүйкімді,симпатичный,cute,A2
1018,жүзі,"лицо, облик",face,A2
1019,егіз,близнец,twin,A2
1020,қарақат көз,глаза как смородина,eyes like currants (black),A2
1021,қиғаш қас,дугообразные брови,arched eyebrows,A2
1022,қыр мұрын,прямой нос,straight nose,A2
1023,мең,родинка,mole,A2
1024,мұрт,усы,mustache,A2
1025,сақал,борода,beard,A2
1026,сұлу,красивый,beautiful,A2
1027,көпқабатты,многоэтажный,multi-storey,A2
1028,жер үй,частный дом,a private house,A2
1029,жалға алу,арендовать,to rent,A2
1030,жалға беру,сдавать в аренду,lease,A2
1031,баспалдақ,лестница,stairs,A2
1032,төгу,выливать,pour out,A2
1033,ілу,повесить,to hang up,A2
1034,бұзылу,сломаться,break down,A2
1035,қоқыс тастау,выбросить мусор,to throw out the trash,A2
1036,жөндеу,ремонтировать,repair,A2
1037,шелек,ведро,bucket,A2
1038,қорап,коробка,box,A2
1039,қап,мешок,bag,A2
1040,микротолқынды пеш,микроволновая печь,microwave,A2
1041,бесік,колыбель,cradle,A2
1042,сөре,полка,a shelf,A2
1043,ауа баптағыш,кондиционер,air conditioning,A2
1044,шыны,стекло,glass,A2
1045,түсқағаз,обои,wallpaper,A2
1046,жауынгер,воин,warrior,A2
1047,ерлік,подвиг,feat,A2
1048,елшілік,посольство,embassy,A2
1049,үкімет,правительство,government,A2
1050,құрылтай,"съезд, конгресс",congress,A2
1051,сайлау,выборы,elections,A2
1052,қор,фонд,fund,A2
1053,байлық,богатство,wealth,A2
1054,қылмыс,преступление,a crime,A2
1055,ұрлау,воровать,steal,A2
1056,тергеу,расследование,investigation,A2
1057,бап,статья,article,A2
1058,жаза,наказание,punishment,A2
1059,төреші,судья,judge,A2
1060,жапырақ,листья,leaves,A2
1061,шөп,трава,grass,A2
1062,хош иіс,аромат,scent,A2
1063,тұқым,семена,seeds,A2
1064,құрлық,материк,continent,A2
1065,ғарыш,космос,space,A2
1066,ғаламшар,планета,planet,A2
1067,ашық күн,ясный день,clear day,A2
1068,бұлтты,облачный,cloudy,A2
1069,дала,степь,steppe,A2
1070,жер үсті,земная поверхность,earth surface,A2
1071,жаға,побережье,coast,A2
1072,шөл,пустыня,desert,A2
1073,тегістік,равнина,plain,A2
1074,батпақ,топь,bog,A2
1075,шың,вершина,top,A2
1076,төбе,холм,hill,A2
1077,шұңқыр,"впадина, углубление",pit,A2
1078,тереңдік,глубина,depth,A2
1079,жазық,долина,valley,A2
1080,үңгір,пещера,cave,A2
1081,шатқал,каньон,canyon,A2
1082,минералдар,минералы,minerals,A2
1083,балшық,глина,clay,A2
1084,әктас,известняк,limestone,A2
1085,тас,камень,stone,A2
1086,бор,мел,chalk,A2
1087,құм,песок,sand,A2
1088,асыл тастар,драгоценные камни,jewel,A2
1089,гауһар,бриллиант,diamond,A2
1090,"меруерт, інжу",жемчуг,pearl,A2
1091,маржан,коралл,coral,A2
1092,су ағындары,водные потоки,water  flows,A2
1093,сарқырама,водопад,waterfall,A2
1094,бастау,источник,sourse,A2
1095,бұлақ,ключ,well,A2
1096,толқын,волна,tide,A2
1097,течение,ағыс,flow,A2
1098,табиғи апаттар,природные стихии,natural elements,A2
1099,дауыл,гроза,storm,A2
1100,жер сілкінісі,землетрясение,earthquake,A2
1101,қар көшкіні,лавина,avalanche,A2
1102,су тасқыны,наводнение,flood,A2
1103,өрт,пожар,fire,A2
1104,ластану,загрязнение,pollution,A2
1105,жүгері,кукуруза,corn,A2
1106,қарақұмық,гречиха,buckwheat,A2
1107,қалампыр,гвоздика,carnation,A2
1108,түймедақ,ромашка,chamomile,A2
1109,қоңырау гүл,колокольчик,bell,A2
1110,гүлшоқ,букет цветов,bouquet of flowers,A2
1111,емен,дуб,oak,A2
1112,қайың,берёза,birch,A2
1113,шырша,ель,spruce,A2
1114,қарағай,сосна,pine,A2
1115,терек,тополь,poplar,A2
1116,бұтақ,ветка,branch,A2
1117,алма ағашы,яблоня,apple tree,A2
1118,жануарлар әлемі,животный мир,animals,A2
1119,жабайы аңдар,дикие звери,wild,A2
1120,бөлтірік,волчонок,wolf cub,A2
1121,доңыз,кабан,boar,A2
1122,киік,сайгак,saigas,A2
1123,керік,жираф,giraffe,A2
1124,барыс,барс,leopard,A2
1125,бұғы,олень,deer,A2
1126,мекендеу,обитать,dwell,A2
1127,қауіп,опасность,danger,A2
1128,бостандық,свобода,freedom,A2
1129,қоректену,питаться,eat,A2
1130,иісті сезу,чувствовать запах,smell,A2
1131,құстар,птицы,birds,A2
1132,сауысқан,сорока,magpie,A2
1133,қарға,ворона,crow,A2
1134,ұя,гнездо,nest,A2
1135,қанат,крылья,wings,A2
1136,жәндіктер,насекомые,insects,A2
1137,ара,пчела,bee,A2
1138,шыбын,муха,fly,A2
1139,сона,оса,wasp,A2
1140,көбелек,бабочка,butterfly,A2
1141,құмырсқа,муравей,ant,A2
1142,өрмекші,паук,spider,A2
1143,маса,комар,mosquito,A2
1144,шортан,щука,pike,A2
1145,көксерке,судак,zander,A2
1146,уылдырық,икра,caviar,A2
1147,жорғалаушылар,рептилии,reptiles,A2
1148,бақа,лягушка,frog,A2
1149,құрбақа,жаба,toad,A2
1150,тасбақа,черепаха,turtle,A2
1151,тышқан,мышь,mouse,A2
1152,ұлу,улитка,snail,A2
1153,құрт,червь,worm,A2
1154,жылан,змея,snake,A2
1155,кесіртке,ящерица,lizard,A2
1156,құйрық,хвост,tail,A2
1157,қолтырауын,крокодил,crocodile,A2
1158,төрт түлік,домашний скот,livestock,A2
1159,құлын,жеребенок,foal,A2
1160,бота,верблюженок,camel,A2
1161,бұзау,теленок,calf,A2
1162,қозы,ягненок,lamb,A2
1163,лақ,козлёнок,kid,A2
1164,халыққа қызмет көрсету,центр обслуживания,center of service of the,A2
1165,орталығы,населения,population,A2
1166,көлік жөндеу орталығы,центр технического,center of maintenance,A2
1167,аяқ киім жөндеу,мастерская по ремонту,shoe repair shop,A2
1168,сағат жөндеу,мастерская по ремонту,workshop on repair of,A2
1169,шеберханасы,часов,hours,A2
1170,көшірме орталығы,копировальный центр,copy center,A2
1171,жанармай бекеті,автозаправочная,gas station,A2
1172,дүкенде,в магазине,in shop,A2
1173,азық-түлік,продукты питания,food,A2
1174,тәбет,аппетит,appetite,A2
1175,ас мәзірі,меню,menu,A2
1176,таба нан,лепёшка,flat cake,A2
1177,қамыр,тесто,dough,A2
1178,құймақ,оладьи,fritters,A2
1179,бәліш,пирог,pie,A2
1180,"қазы, қарта, жал-жая","казы, карта, жал-жая","kazyi, karta, zhal-zhaya",A2
1181,кеспе,лапша,noodles,A2
1182,сарымсақ,чеснок,garlic,A2
1183,тәттілер,сладости,tasty,A2
1184,ұлттық тағам,национальные блюда,national dishes,A2
1185,ожау,поварёшка,serving spoon,A2
1186,оқтау,скалка,rolling pin,A2
1187,елеуіш,сито,sieve,A2
1188,төлеу,платить,to pay,A2
1189,қарыз,долг,debt,A2
1190,дәрумен,витамин,vitamin,A2
1191,қызу көтерілу,повысилась,temperature has increased,A2
1192,жөтел,кашель,cough,A2
1193,ұйқы бұзылу,нарушился сон,the sleep was interrupted,A2
1194,жарақат,рана,wound,A2
1195,соқырішек,аппендицит,appendicitis,A2
1196,дәрігер шақыру,вызвать (врача),to call a doctor,A2
1197,дем алу,дышать,to breathe,A2
1198,өкпе,лёгкие,lungs,A2
1199,жүрек,сердце,heart,A2
1200,бүйрек,почки,kidneys,A2
1201,ішек,кишечник,intestines,A2
1202,қарын,живот,stomach,A2
1203,асқазан,желудок,stomach,A2
1204,ота,операция,sergery,A2
1205,ота бөлмесі,операционная,operating room,A2
1206,емдеу-сауықтыру орны,профилакторий,treatment centres,A2
1207,артериялық қан,артериальное давление,arterial blood pressure,A2
1208,дәрігерге қаралу,показаться врачам,to see doctors,A2
1209,шаншу,колики,colic,A2
1210,сауығу,выздоравливать,to recover,A2
1211,байлау,перевязать,to tie up,A2
1212,жұту,глотать,to swallow,A2
1213,тамызу,капать,to drip,A2
1214,спорт кешенінде,в спорткомплексе,in sport center,A2
1215,көтеру,поднимать,to lift,A2
1216,сүңгу,нырять,to dive,A2
1217,бату,тонуть,to sink,A2
1218,құрама,сборная,national team,A2
1219,жанкүйер,болельщик,fan,A2
1220,айғайлау,кричать,to shout,A2
1221,мектепте,в школе,at school,A2
1222,ойыншық,игрушка,a toy,A2
1223,тәрбие,воспитание,education,A2
1224,үйірме,кружок,circle,A2
1225,шәкірт,последователь,follower,A2
1226,жұп,пара,couple,A2
1227,тыныштық,тишина,silence,A2
1228,дәріс,лекция,lecture,A2
1229,есеп шығару,решать задачу,to solve a problem,A2
1230,мәтін,текст,text,A2
1231,қосу,сложить,to put,A2
1232,көбейту,умножить,to increase,A2
1233,бөлу,делить,to divide,A2
1234,шақырым,километр,kilometer,A2
1235,биіктік,высота,height,A2
1236,ені,ширина,width,A2
1237,ұзындық,длина,length,A2
1238,үшбұрыш,треугольник,triangle,A2
1239,төртбұрыш,четырёхугольник,quadrangle,A2
1240,шеңбер,круг,circle,A2
1241,шаршы,квадрат,square,A2
1242,сызық,линия,line,A2
1243,нүкте,точка,point,A2
1244,үтір,запятая,comma,A2
1245,бөлшек,часть,part,A2
1246,әдебиет,литература,literature,A2
1247,желім,клей,glue,A2
1248,сынақ,зачёт,offset,A2
1249,емтихан,экзамен,examination,A2
1250,әсер ету,влиять,to influence,A2
1251,ұсыну,предлагать,to offer,A2
1252,хабарландыру,объявление,announcement,A2
1253,арман,мечта,dream,A2
1254,мақсат,цель,purpose,A2
1255,қабілет,способность,ability,A2
1256,көрмеде,на выставке,at an exhibition,A2
1257,өнертапқыш,изобретатель,inventor,A2
1258,түрлі түсті,цветной,color,A2
1259,қолөнер,рукоделие,needlework,A2
1260,мүсін,скульптура,sculpture,A2
1261,кинода,в кино,at cinema,A2
1262,театрда,в театре,in theatre,A2
1263,шымылдық,занавес,curtain,A2
1264,кітапханада,в библиотеке,in library,A2
1265,ертегі,сказка,fairy tale,A2
1266,патша,царь,king,A2
1267,оқиға,событие,events,A2
1268,басылым,издание,edition,A2
1269,ойлап табушы,изобретатель,inventor,A2
1270,сыншы,критик,kritic,A2
1271,армандаушы,мечтатель,dreamer,A2
1272,данышпан,мудрец,wise man,A2
1273,ойшыл,мыслитель,thinker,A2
1274,негізін салушы,основоположник,founder,A2
1275,концерт залында,в концертном зале,in the concert hall,A2
1276,бағдарлама,программа,program,A2
1277,сазгер,композитор,composer,A2
1278,домбыра,домбра,dombra (kazakh stringed,A2
1279,күйсандық,пианино,piano,A2
1280,әуен,мелодия,melody,A2
1281,сауда орталығында,в торговом центре,in shopping center,A2
1282,киім,одежда,clothes,A2
1283,ұлттық киім,национальная одежда,national clothes,A2
1284,ою-өрнек,орнамент,ornament,A2
1285,шапан,шапан,shapan. Kazakh quilted,A2
1286,бөрік,шапка,borik- men’s fur hat,A2
1287,сәукеле,головной убор невесты,saykele - women’s fur hat,A2
1288,тақия,тюбетейка,takya-men’s hat,A2
1289,камзол,камзол,women’s waistcoat,A2
1290,мәсі,мягкие кожаные сапоги,tradional boots sewed,A2
1291,тігу,шить,sew,A2
1292,ине,игла,needle,A2
1293,жіп,нитки,thread,A2
1294,қайшы,ножницы,scissors,A2
1295,аяқ киім,обувь,shoes,A2
1296,бас киім,головной убор,yeadgear/headdress,A2
1297,мақта,хлопок,cotton,A2
1298,тоқыма,текстиль,textiles,A2
1299,жібек,шёлк,silk,A2
1300,былғары,кожа,skin,A2
1301,күртеше,куртка,jacket,A2
1302,әмиян,кошёлек,purse,A2
1303,түйме,пуговица,button,A2
1304,белбеу,ремень,belt,A2
1305,жең,рукав,sleeve,A2
1306,мойынорағыш,шарф,scarf,A2
1307,қол орамал,носовой платок,handkerchief,A2
1308,зергерлік бұйымдар,ювелирные изделия,jewerly,A2
1309,сақина,кольцо,ring,A2
1310,сырға,серьги,earrings,A2
1311,алқа,колье,necklace,A2
1312,білезік,браслет,a bracelet,A2
1313,әшекей,украшения,jewelry,A2
1314,аппақ,белоснежный,snow-white,A2
1315,қап-қара,чёрный-пречёрный,very black,A2
1316,күміс,серебрянный,silver,A2
1317,жасанды,искусственный,artificial,A2
1318,табиғи,натуральный,natural,A2
1319,теміржол вокзалында,на железнодорожном,at the railway station,A2
1320,шығарып салу,провожать,to see off,A2
1321,"қарсы алу, күтіп алу",встречать,to meet,A2
1322,анықтама,справка,reference,A2
1323,қозғалыс кестесі,расписание,schedule of the directions,A2
1324,жеке куәлігі,удостоверение личности,identification,A2
1325,жүрдек,скорый,fast,A2
1326,босату,освободить,to release,A2
1327,жүк,груз,freight,A2
1328,әуежайда,в аэропорту,at the airport,A2
1329,әуе көлігі,авиатранспорт,аir transport,A2
1330,бортсерік,бортпроводник,steward,A2
1331,түскі,обеденный,lunch,A2
1332,үзіліс,перерыв,break,A2
1333,пайдалану,применять,apply,A2
1334,ауызша,устный,oral,A2
1335,жазбаша,письменный,written,A2
1336,сипаттау,описание,description,A2
1337,баяндама,доклад,report,A2
1338,қысқаша,краткий,short,A2
1339,жеке меншік,частный,private,A2
1340,тапсырыс,заказ,order,A2
1341,мырза,господин,mister,A2
1342,ханым,госпожа,madam,A2
1343,"керек, қажет",надо,need,A2
1344,меніңше,по-моему,in my opinion,A2
1345,"алайда, бірақ",но,only,A2
1346,"себебі, өйткені",потому что,because,A2
1347,"сондықтан, сол себепті",поэтому,therefore,A2
1348,қысқасын айтқанда,вкратце,saying in brief,A2
1349,әкемнің айтуынша,по словам моего отца,аs my father said,A2
1350,бабаларымыз айтқандай,как говорили наши,аs our ancestors said,A2
1351,салыстырып қарағанда,если сравнить,сomparing with,A2
1352,бұрынғыға қарағанда,по сравнению с,сomparing with the past,A2
1353,бақытыма қарай,к счастью,fortunately,A2
1354,өкінішке орай,к сожалению,unfortunately,A2
1355,қорытындылай келе,в заключение,in conclusion,A2
1356,көп тіл білуші,полиглот,polyglot,A2
1357,талдамашы,аналитик,analyst,A2
1358,сарапшы,эксперт,expert,A2
1359,парасатты,интеллектуально,intellectually developed,A2
1360,құзырет,компетенция,competence,A2
1361,дүниетаным,мировозрение,world view,A2
1362,дүниежүзі,"мир, вселенная","world, universe",A2
1363,ми,мозг,brain,A2
1364,"ес, жады",память,memory,A2
1365,түсінік,понимание,understanding,A2
1366,ақыл,ум,mind,A2
1367,ой-өріс,кругозор,horizon,A2
1368,ой тұжырымы,умозаключение,inference,A2
1369,сана-сезім,разум,mind,A2
1370,таным,познание,cognition,A2
1371,өзін-өзі бағалау,самооценка,self-evaluation,A2
1372,тіршілік,существование,existence,A2
1373,нәтиже,результат,result,A2
1374,себеп,причина,reason,A2
1375,күмән,сомнение,doubt,A2
1376,салыстыру,сравнение,comparison,A2
1377,еске түсіру,воспоминание,memories,A2
1378,әсер,впечатление,impression,A2
1379,пікір,мнение,opinion,A2
1380,көзқарас,взгляды,views,A2
1381,болжал,прогноз,forecast,A2
1382,"шешу, жауабын табу",отгадка,guessing,A2
1383,ұғым,понятие,concept,A2
1384,тәртіп,"порядок, распорядок","routine, order, ceremonial",A2
1385,дәлел,аргумент,argument,A2
1386,сенім,вера,faith,A2
1387,нұсқа,"версия, вариант",version,A2
1388,қарсылық,возражение,objection,A2
1389,ойдан шығарылған,вымысел,fiction,A2
1390,жалған,ложный,false,A2
1391,қалжың,шутка,joke,A2
1392,қызығушылық,интерес,interest,A2
1393,шындық,истина,true,A2
1394,тұжырымдама,концепция,concept,A2
1395,басым бағыт,приоритетное,priority direction,A2
1396,негіз,основа,the basis,A2
1397,негіздеме,обоснование,justification,A2
1398,кездейсоқ,случайный,random error,A2
1399,"амал, тәсіл",способ,way,A2
1400,алғышарт,предпосылка,premise,A2
1401,"анықтау, нақтылау",уточнение,refinement,A2
1402,талдау,"анализ, анализировать",the analysis to analyze,A2
1403,сараптау,проводить экспертизу,to carry out expertize,A2
1404,зертхана,лаборатория,laboratory,A2
1405,сенім білдіру,доверие,confidence,A2
1406,жұмбақ,загадка,enigma/puzzle,A2
1407,ақиқат,истина,true,A2
1408,бағалау,оценка,assessment of,A2
1409,"абырой, бедел",авторитет,authority,A2
1410,"ақау, кемістік",дефект,defect,A2
1411,қиындық,трудность,difficulty,A2
1412,абыр – сабыр,суматоха,turmoil,A2
1413,жетіспеушілік,недостаток,deficiency,A2
1414,жұмысқа тұру,приступать к работе,to get to work,A2
1415,жоғары білім,высшее образование,the higher education,A2
1416,отбасы жағдайы,семейное положение,marital status,A2
1417,қызмет істеу,работать,to work,A2
1418,қосымша,дополнительный,additional,A2
1419,тәжірибе,опыт,experience,A2
1420,кезінде,во время,during,A2
1421,алғыс хат,благодарственное,letter of thanks,A2
1422,"қолтаңба, жеке қолы",подпись,signature,A2
1423,әскери міндет,военная обязанность,military affiliation,A2
1424,еркін форма,свободная форма,free-form,A2
1425,ресми құжат,официальный документ,official document,A2
1426,жеке іс парағы,личный листок,personal leaf,A2
1427,талап ету,требовать,to demand,A2
1428,еңбек кітапшасы,трудовая книжка,work pocketbook,A2
1429,біліктілік,квалификация,qualification,A2
1430,ғылыми дәреже,учёная степень,academic degree,A2
1431,ғылыми еңбек,научный труд,research work,A2
1432,лауазымдық нұсқаулық,должностные,duty regulations,A2
1433,қабылдану,быть принятым,to be accepted,A2
1434,босатылу,быть уволенным,to be dismissed,A2
1435,кезекті еңбек демалысы,очередной трудовой,another labor holiday,A2
1436,берілген күні,дата выдачи,date of issue,A2
1437,жарияланған күн,дата публикации,publication date,A2
1438,келісімшарт,договор,contract,A2
1439,сынақ мерзімі,испытательный срок,probation,A2
1440,орындалу мерзімі,срок исполнения,period of execution,A2
1441,сақталу мерзімі,срок хранения,storage period,A2
1442,құжат айналымы,документооборот,document flow,A2
1443,"айлық, жалақы",заработная плата,salary,A2
1444,сыйақы,премия,award,A2
1445,үстемеақы,надбавка,extra charge,A2
1446,өз еркімен,по собственному,at own will,A2
1447,кезектен тыс демалыс,внеочередной отпуск,extraordinary holiday,A2
1448,мәселені шешу,решить проблему,to solve a problem,A2
1449,іссапар,командировка,business trip,A2
1450,бала күтімі,уход за ребенком,care of the child,A2
1451,басқарма,правление,board,A2
1452,орынбасар,заместитель,deputy,A2
1453,өкілетті орган,уполномоченный орган,authorized body,A2
1454,марапаттау,награждать,to award,A2
1455,сөгіс,выговор,reprimand,A2
1456,ескерту,замечание,remark,A2
1457,еңбек тәртібі,трудовая дисциплина,labor discipline,A2
1458,жеке еңбек шарты,трудовой договор,employment contract,A2
1459,бұйрық шығару,издать приказ,to issue the order,A2
1460,қамтамасыз ету,обеспечить,to provide,A2
1461,жүктелу,возложить,to assign,A2
1462,төлену,прозвести оплату,to do payment,A2
1463,бекіту,утвердить,to approve,A2
1464,жою,анулировать,to cancel,A2
1465,қалу,оставаться,to remain,A2
1466,ұстап қалу,удержать,to hold,A2
1467,жоспар,план,plan,A2
1468,жауапты,ответственный,responsible,A2
1469,тізім,список,list,A2
1470,несие алу,брать кредит,to take the credit,A2
1471,айырбастау,обменять,to exchange,A2
1472,құжатты куәландыру,заверять документ,to certify the document,A2
1473,адамдардың мазасын,мешать окружающим,to disturb people around,A2
1474,рәсімдеу,оформлять,to make out/ draw up,A2
1475,жағымды,положительный,positive,A2
1476,жарнама,реклама,advertizing,A2
1477,қайтадан,"снова, заново, опять","again, anew",A2
1478,нақты,конкретный,concrete,A2
1479,дәл,точный,exact,A2
1480,одан басқа,кроме того,Besides/apart from,A2
1481,өз бетімен,самостоятельно,independently,A2
1482,озық,передовой,main,A2
1483,ортақ,единый,uniform,A2
1484,ереже,"положение, правило","provision, rule",A2
1485,айыппұл,штраф,fine,A2
1486,заңды тұлға,юридическое лицо,legal entity,A2
1487,жеке тұлға,физическое лицо,Individual/person,A2
1488,құпия,"секрет, тайна",secret,A2
1489,бөтен адам,постороний человек,stranger,A2
1490,арнайы,специальный,special,A2
1491,айналым,оборот,circulation of money,A2
1492,пайда,прибыль,profit,A2
1493,шығын,расходы,expenses,A2
1494,бюджеттен тыс,внебюджетный,extrabudgetary,A2
1495,Адам және оның қасиеті,Человек и его природа,Human being and human nature,A2
1496,Жаман жолдастан жақсы дұшпан артық.,"Чем плохой друг,  лучше достойный враг.",What a bad friend is better than a worthy enemy.,A2
1497,Уәде жанның азығы.,Уговор дороже денег.,A bargain is a bargain.,A2
1498,"Аш бала тоқ баламен ойнамайды, тоқ бала аш боламын деп ойламайды.","Брюхо глухо: словом не уймешь (что ни говори, а корми); голодное брюхо глухо (без уха).",The belly has no ears: hungry bellies have no ears.,A2
1499,Қорқақ күнде өледі.,Трус умирает много раз.,Coward dies many times.,A2
1500,"Әр елдің салты басқа, иттері қара қасқа.","Сколько стран, столько обычаев. Что город, то норов.",Many countries so many customs.,A2
1501,Ақылы жоқтың ақшасы тұрмайды.,У глупого деньги долго не держатся.,A fool and his money are soon parted.,A2
1502,Ауру қалса да әдет қалмайды.,Одна привычка вытесняет другую.,Habit cures habit.,A2
1503,Жақсы сөз жарым ырыс.,"Люди охотно верят тому, чего сами желают.",The wish is father to the thought.,A2
1504,Еңбек пен кәсіп. Ғылым және өнер.,Труд. Профессия. Наука. Искусство.,"work, labour, profession.",A2
1505,"Жеті жұрттың тілін біл, жеті түрлі ғылым біл.",Стремись изучить язык семи народов и семь разных наук.,Strive to learn the language of the seven peoples and seven different sciences.,A2
1506,"Еңбегіне қарай, өнбегі; Өмір үйретеді, еңбек ширатады.","Работая, мы учимся.",In doing we learn.,A2
1507,Әр нәрсенің басталатын жері бар.,"Все имеет начало, зачинается, починается, от начала начинается.",Everything must have a beginning,A2
1508,"Қойшы көп болса, қой арам өлер.",У семи нянек дитя без глазу.,Too many cooks spoil the broth.,A2
1509,"Білімді мыңды жығады, Білікті бірді жығады.",Хорошая наковальня не боится молота.,A good anvil does not fear the hammer,A2
1510,Өткен іске өкінбе,"Что с возу упало, то пропало.",It’s no use crying over spoilt milk.,A2
1511,Өмір. Өлім. Тағдыр.,Жизнь. Смерть. Судьба.,Life. Death. Fate.,A2
1512,Жаман хабар жерде жатпайды.,Худые вести не лежат на месте. Плохая молва на крыльях летит.,Bad news travels fast. Ill news flies fast.,A2
1513,Күнде той бола бермес.,Не все коту масленица.,Christmas comes but once a year.,A2
1514,Жоққа жүйрік жетпейді.,Противоположности притягиваются.,Extremes meet.,A2
1515,Сақтықта қорлық жоқ.,Предупреждение тоже бережение.,"Forewarned, forearmed.",A2
1516,"Заман өзгерсе, заң да өзгереді.",Новая метла по новому метет.,"New lords, new laws.",A2
1517,Бес саусақ бірдей емес.,"Что положено царю, не положено дьячку.",One mаn may steal a horse while another may not look over a hedge.,A2
1518,Байлық мұрат емес. Жоқтық ұят емес.,Бедность не порок.,Poverty is no crime.,A2
1519,"Болар іс болды, бояуы сіңді.","Что было, то было.",What’s gone is gone.,A2
1520,Қиыншылық. Үміт. Ақыл - кеңес. Тәлім -тәрбие.,Трудность. Надежда. Совет.,Difficulties. Hope. Advice.,A2
1521,"Ертеңгі астан ауыз ти, түскі асты тастама, кешкі асқа қарама.",Надо поесть немного утром и можно не есть целый день.,A bit in the morning is better than nothing all day.,A2
1522,Көрпеңе қарай көсіл.,По одёжке протягивай ножки; по одеялу ноги протягивай.,Cut the coat according to the cloth.,A2
1523,"Күлме досқа, келер басқа.","Не смейся, горох, - не лучше бобов.",Jeerers must be content to taste of their own broth.,A2
1524,"Үйлену оңай, Үй болу қиын.","Замуж выйти не напасть, как бы замужем не пропасть.",It is not every couple that is a pair. Marry in haste and repent at leisure.,A2
1525,"Денсаулық, бақыт, бақытсыздық.","Здоровье, счастье, несчастье","Health, happiness, unhappiness.",A2
1526,"Жаңбырдың соңы күншуақ, Қайғының соңы қуаныш.",Все пройдет.,Everything passes. Every cloud has a silver lining.,A2
1527,Сабыр түбі сары алтын.,Tерпенье лучшее спасенье.,Patience is a plaster for all sores.,A2
1528,Ерте тұрған озады елден.,"Кто рано ложится и рано встает, здоровье, богатство и ум наживает.",Early bird catches the worm.,A2
1529,Тіл. Тіл өнері.,Язык. Речь.,Language and speech.,A2
1530,"Аз айтып, көп тоқы.","Меньше говори, больше слушай; больше дела, меньше слов.",Keep your mouth shut and your ears open.,A2
1531,"Көп сөз көмір, Аз сөз алтын.","Слово- серебро, молчание – золото; сказано- серебро, не сказано-золото.",Speech is silver but silence is gold; no wisdom like silence.,A2
1532,Уақыт. Табиғат құбылыстары.Мән мазмұн.,Время. Естественные явления. Сущность.,Time. Natural phenomena. Essence.,A2
1533,"Жел тұрмаса, шөптің басы қимылдамайды.",Нет дыма без огня.,There is no fire without smoke.,A2
1534,Уақыт ұлы емші.,Время лучший целитель.,Time cures all things; time is the best healer.,A2
1535,Туған жердің жуасы да тәтті.,Дома и стены лечат.,At home the air is medicine.,A2
1536,"Қал-жағдай сұрау, сұраққа жауап беру Қалыңыз қалай? Жаман емес, жақсы Бірқалыпты Бәрі бұрынғыша","спрашивать о делах, отвечать на вопросы Как Вы? Неплохо, хорошо Без изменений Все по-прежнему","To ask how it is going, reply to a question How are you? Not bad, it is ok Nothing new Everything is as it used to be It is almost no news",B1
1537,Не жаңалық бар?,Что нового?,What’s new?,B1
1538,қуанышын білдіру,выражать радость,expressing pleasure,B1
1539,Кездескеніміз қандай жақсы болды!,"Я так рад(а) нашей встрече! Как хорошо, что мы встретились! Хорошо, что ты пришел!",I am so glad to meet you,B1
1540,Қандай жақсы кездесу болды!,Какая приятная встреча!,It was a pleasure to meet you.,B1
1541,Кездесу деп осыны айт!,Какая встреча! Вот эта встреча! Какая приятная встреча!,What a lucky meeting!,B1
1542,Бұл бір күтпеген кездесу болды!,Какая неожиданная встреча!,What an unexpected meeting! What a sudden meeting!,B1
1543,Сені көрмегелі қанша жыл болды!,Как давно мы не виделись!,I haven’t seen you for ages!,B1
1544,Кездеспегелі қанша жыл өтті десеші!,"Сколько лет, сколько зим!",Long time no see! It’s ages since we last met!,B1
1545,Біз кездеспегелі қай заман!,Сто лет не виделись!,I have not seen you for hundred years! I haven’t seen you for years!,B1
1546,Менің сізбен танысқым келеді,Я хочу с вами познакомиться,I want to meet you,B1
1547,Танысуға рұқсат етіңізші. Менің атым...,Разрешите с Вами познакомиться. Меня зовут …,Allow me to meet you to Let me introduce myself! My name is...,B1
1548,Өзімді таныстырайын. Менің тегім ...,Разрешите представиться. Моя фамилия ...,Let me to introduce myself. My surname ...,B1
1549,"Кешіріңіз, атыңыз кім?","Простите, как вас зовут?","Excuse me, what is your name?",B1
1550,Сіздің есіміңіз кім?,Как ваше имя?,"Excuse me, what is your first name?",B1
1551,Ал сіздің тегіңіз?,А ваша фамилия?,And what is your family name?,B1
1552,"Кешіріңіз, сіз кімсіз?","Простите, вы кто?","Excuse me, who are you?",B1
1553,"Кешіріңіз, мен кіммен сөйлесіп тұрмын?","Простите, с кем я говорю?","Excuse me, whom am I speaking with?",B1
1554,Сізбен танысқаныма қуаныштымын,Я (очень) рад (рада) с вами познакомиться,I’m very glad to meet you,B1
1555,Біз таныспыз,Мы уже знакомы,We are already familiar We are acquainted already,B1
1556,Сізбен танысқаным жақсы болды,Мне приятно с вами познакомиться,I am very pleased to meet you,B1
1557,Біз бұрын кездескенбіз,Мы уже встречались раньше,We have met before,B1
1558,Сізді бір жерден көргенмін,Я где-то уже видел (видела) вас,I’ve already seen you somewhere (saw).,B1
1559,Сізді бір жерден кездестіргенмін,Я где-то уже встречал (встречала) вас,I’ve met you somewhere before (met) We have met before,B1
1560,Мен сізді білемін,Я вас знаю,I know you,B1
1561,Сіз мені таныдыңыз ба?,Вы меня узнали?,Have you recognized me?,B1
1562,Сіз мені танымадыңыз ба?,Вы меня не узнаёте?,Do not you recognize me?,B1
1563,"Көмектескеніңізге, сыйлығыңызға, қолдағаныңызға, құттықтағаныңызға рақмет","Спасибо тебе (вам) (за что) за помощь, за подарок, за поддержку, за поздравление","Thanks for your help, gift, support, congratulation, wishes",B1
1564,Алғысымды білдіремін,Благодарю,Thanks,B1
1565,Сізге алғысымды білдіремін,Благодарю вас,Thank you,B1
1566,"Көмегіңізге, кеңесіңізге, құттықтағаныңызға, шақырғаныңызға алғысымды білдіремін","Благодарю тебя (вас) за помощь, за совет, за поздравление, за приглашение","Thank you for your help, advice, congratulation wishes, invitation",B1
1567,"Күтіп алғаныңызға, қарсы алғаныңызға рақмет","Спасибо, что встретили меня",Thank you for meeting me,B1
1568,Қысылғанда құтқарғаныңыз үшін рақмет,"Спасибо, что выручили меня",Thank you for helping me out,B1
1569,Көмектескеніңіз үшін рақмет,"Спасибо,  что помогли мне",Thank you for your help,B1
1570,Мен сізге өте ризамын,Я вам очень благодарен (благодарна),I am very grateful to you,B1
1571,"Сенің көмегіңе, кеңесіңе құттықтағаныңа өте ризамын","Я очень благодарен (благодарна) тебе за помощь за совет, за поздравление","I am very grateful for your help, advice, congratulation (wishes)",B1
1572,"кешірім сұрау, оған жауап қайтару","извиниться, дать ему/ей ответ","apologize, reply her/him",B1
1573,"Мазалағаныма, кешігіп қалғаныма, тым ерте телефон шалғаныма, кешірім өтінемін","Извини(те) за беспокойство, за опоздание, за ранний звонок","Excuse me for disturbing you, being late, unexpected arrival, an early call",B1
1574,"Кешірім өтінемін, жұмыстарым болып қалды, аздап кешігіп қалдым","Прошу прощения, я немного опоздал(а), меня задержали дела","I’m sorry, I’m a little late, I was busy",B1
1575,"Мен сізден кешірім сұрауым керек, сіздің тапсырмаңызды орындай алмадым","Я хочу (я должен, должна) перед вами извиниться, я не смог (смогла) выполнить ваше задание","I want to (I must) apologize to you, I could not fulfill your request",B1
1576,Мен сенің (сіздің) алды(ңы)зда кінәлімін,Я виноват(а) перед тобой (вами),J’owe you an apology,B1
1577,Маған ренжіме,Не обижайся на меня,Do not be angry with me,B1
1578,Менің сізді ренжіткім келген жоқ,Я не хотел вас обидеть,I didn’t mean to offend you,B1
1579,"Менің досым сізден кешірім өтінді, бүгін келе алмайтынын айтты","Мой друг просил извиниться перед Вами, так как не сможет сегодня прийти",My friend apologizes for not coming,B1
1580,Ештеңе етпейді,Не за что,That’s OK,B1
1581,"Бәрі дұрыс, ештеңеге алаңдамаңыз. Ештеңе етпейді","Все хорошо, не волнуйтесь. Всё в порядке; ничего страшного","Everything is fine, do not worry. That’s OK",B1
1582,"Алаңдама, түк те емес","Не волнуйтесь, это не проблема","Do not worry, it is not a problem",B1
1583,Уайымдама. Соншалықты ештеңе болған жоқ,Не волнуйся. Ничего особенного не случилось,Do not worry. Nothing much happened,B1
1584,Алаңдамай ақ қойсын. Бәрі дұрыс,Пусть не волнуется. Все хорошо,Do not worry. Everything is OK,B1
1585,"Өкінішті-ақ, жарайды, келесі жолы күтеміз","Жаль, хорошо, будем ждать в следующий раз","It is a pity, well, we will wait for the next time",B1
1586,Мазалағаныма айып етпеңіз,Извините за беспокойство,I must apologize for troubling you,B1
1587,"өтіну, сұрау",запрос,request,B1
1588,"Маған газет, журнал беріңізші","Дайте мне пожалуйста журнал, газету","Give me a magazine, a newspaper please",B1
1589,"Сізде сөздік (журнал, қала анықтамалығы) бар ма?","У вас есть словарь (журнал, городская справочная)?","Do you have a dictionary (journal, city reference)?",B1
1590,"Кешіріңіз, сізде қаламсап бар ма, маған бір нәрсе жазу керек еді","Извините, у вас есть ручка? Мне нужно кое-что написать","Excuse me, do you have a pen, I need to write something",B1
1591,"Айып етпесеңіз, бүгін кешке хабарласыңызшы",сегодня вечером,"Excuse me, call me this evening, please",B1
1592,Сіз маған бүгін кешке хабарласа аласыз ба?,Вы можете позвонить мне сегодня вечером?,Could you call me this evening?,B1
1593,Менің сізге бір өтінішім,У меня есть одна просьба,I have а request for you.,B1
1594,бар. Менің кітаптарымды,к вам. Не могли бы,Could you return the books,B1
1595,кітапханаға өткізе саласыз,вы сдать мои книги в,"to the library, please?",B1
1596,Маған мәтінді аударуға,Помогите мне перевести,Could you help me to,B1
1597,көмектесіңізші,текст,"translate the text, please?",B1
1598,"Айып етпесеңіз, маған","Извините, не могли бы","Excuse me, could you help",B1
1599,мәтінді аударуға,вы помочь мне перевести,"me to translate the text,",B1
1600,көмектесе аласыз ба?,текст?,please?,B1
1601,Кіруге рұқсат етіңізші,Разрешите мне войти,"Let me enter, please.",B1
1602,Телефон шалуға рұқсат,Разрешите мне позвонить,"Let me make a call, please",B1
1603,Мына кітапты алуыма,Могу ли я взять эту книгу?,Could I take this book?,B1
1604,келісу – келіспеу,согласие – несогласие,agreement – disagreement,B1
1605,"Жақсы, хабарласамын","Хорошо, я свяжусь с","Well, I’ll call (translate,",B1
1606,"(аударамын, жазамын,","вами (переведу, напишу,","write, bring, etc)",B1
1607,әкелемін және т.б.),принесу и т.д.),"Well, I will contact",B1
1608,"Әрине, уайымдамаңыз,","Конечно, не переживайте,","Sure, sure, do not worry, I’ll",B1
1609,мен бәрін реттеп қоямын,я все сделаю,do everythng,B1
1610,"Жақсы, әрине көмектесе","Ну, конечно, я могу","Well, of course, I can help",B1
1611,Кіріңіз,Входите,Come in,B1
1612,"Әрине, рұқсат","Конечно, можно","Of course, you can",B1
1613,"Алыңыз, алыңыз","Берите, берите","Take it, take it",B1
1614,"Кешіріңіз, уақытым","Простите, у меня нет","I’m sorry, I have no time",B1
1615,"Өкінішке орай, көмектесе","К сожалению, я не","Unfortunately, I can not",B1
1616,алмаймын. Бүгін бос,могу помочь. Сегодня я,help. I am busy today. I,B1
1617,емеспін. Жұмысым көп,занят(а). Много работы,have a lot of work,B1
1618,Біз әлі кездесеміз!,Увидимся! Мы ещё увидимся!,"Goodbye, see you!",B1
1619,Ұмытпаңыздар!,Не забывай(те)!,Do not forget!,B1
1620,"эмоция, көңіл күй","эмоция, настроение","emotion, mood",B1
1621,қуанышты,радостный,delighted; joyfull,B1
1622,"отбасы, туыстық қарым-қатынас ата-баба","семья, родственные отношения предки","family, family relationships ancestors",B1
1623,нәресте,младенец,baby,B1
1624,ерлі-зайыптылар,супруги,married couple,B1
1625,туған (інім),родной (брат),sibling (blood brother),B1
1626,апалы-сіңілі,родные сёстры,own/real sister,B1
1627,құда,сват,father of the son/daughter- in-law,B1
1628,құдағи,сватья,mother of the son/daughter- in-law,B1
1629,қалыңдық,невеста,bride,B1
1630,күйеу жігіт,жених,groom,B1
1631,бойдақ,незамужняя; неженатый; холостой,single,B1
1632,шағын (отбасы),небольшая (семья),small (family),B1
1633,жас мөлшері,примерный возраст,approximate age,B1
1634,балалық шақ,детство,childhood,B1
1635,жастық шақ,"юность, детство",youth,B1
1636,бозбала,молодой человек,"young man, youfh",B1
1637,егде әйел,пожилая женщина,aged woman,B1
1638,жеткіншек,подросток (молодое поколение),adolescent,B1
1639,кәрілік,старость,old age,B1
1640,ересек,взрослый,"grown-up, adult",B1
1641,жастар,молодежь,"youth, young people",B1
1642,мектеп жасына дейінгі бала,дошкольник,preschool child,B1
1643,"қарым-қатынас, байланыс араласу",отношение; общение; связь общаться,relationship; communication to communicate,B1
1644,достасу,подружиться,become friends,B1
1645,еліктеу,подражать,to imitate,B1
1646,еңбектену,работать; трудиться,to work,B1
1647,бір-бірін түсіну,понимать друг друга,understand each other,B1
1648,біреуге ұқсау,быть похожим на кого-то; кому-то подражать,to imitate someone,B1
1649,әріптес болу,быть коллегами,be colleagues,B1
1650,жанжалдасу,скандалить; конфликтовать,to conflict,B1
1651,жасырмау,не скрывать,don’t hide/ make no bones of…,B1
1652,жасырын,тайно; секретно; скрытно,hidden; secretly,B1
1653,жұмсау,тратить,to spend,B1
1654,кездестіру,встретиться; устроить встречу,met up; meet up,B1
1655,келіспеушілік,несогласие; разногласие,disagreement,B1
1656,келісу,приходить к соглашению; договариваться,agree,B1
1657,кемшілігін кешіру,соглашаться; прощать недостатки,forgiveness of shortcomings,B1
1658,көмектесу,помогать,to help,B1
1659,күш-қуат жұмсау,тратить энергию,use energy,B1
1660,көңілде кірбің қалу,осадок на душе,grieve,B1
1661,қадірін білу,знать достоинство; ценить,know the worth cherish,B1
1662,араздаспау,не ссориться,keep out of a quarrel,B1
1663,назар аудару,обращать внимание; обратить внимание,to notice,B1
1664,қамқор болу,опекать,take up,B1
1665,қашып құтылу,спастись бегством,escape,B1
1666,маңызды,важный; значительный,important,B1
1667,мүлде,совсем; вообще,absolutely,B1
1668,нағыз,настоящий,true; real,B1
1669,ойы бір,одинаково мыслить; единомышленники,to be of one mind,B1
1670,өзара,между собой; взаимный,(Between) each other,B1
1671,өмірдің мәні,смысл жизни,the meaning of life,B1
1672,ренжісу,обижаться друг на друга,to be mad at smb,B1
1673,сөйлесу,поговорить друг с другом,have a talk,B1
1674,сыр жасырмау,не скрывать; не утаивать; не таить,make no secret,B1
1675,татуласу,мириться,the reconciliation to make peace with,B1
1676,түсіндіру,объяснять; разъяснять,interpretation,B1
1677,тығыз қарым-қатынас,тесная связь; крепкие отношения,strong relationships,B1
1678,ұқсау,быть похожим; быть подобным,to be like,B1
1679,ұнату,кто-то или что-то нравится,to ike,B1
1680,шындық; ақиқат,истина; правда,true,B1
1681,бұрынғыдай,как прежде; по старому,like before; the old way,B1
1682,іздеп табу,найти,to find,B1
1683,абырой; бедел,авторитет; репутация; почёт,authority,B1
1684,ақау; кемістік,дефект,defect,B1
1685,амал; тәсіл,способ; метод; действие,"method, way",B1
1686,анықтау; нақтылау,выяснять; определять; уточнять,refinement,B1
1687,ес; жады,память,memory,B1
1688,жағдаят,ситуация,situation,B1
1689,жинақтау; синтез,собирать; копить;,synthesis,B1
1690,талдау; анализ; саралау,анализировать,analysis,B1
1691,қабылдау; ұғыну,восприятие,perception,B1
1692,ішкі түйсік; интуиция,интуиция; внутренние,"intuition, instinct",B1
1693,интуиция арқылы,по интуиции; интуитивно,by intuition,B1
1694,құбылыс,явление,phenomenon,B1
1695,күдік; күмән,сомнение; подозрение,doubt; suspicion,B1
1696,аңдау; пайымдау,созерцание,contemplation,B1
1697,талап,побуждение; требования,incentive; demands,B1
1698,"ой, ойлау",рассуждение; рассуждать,reasoning,B1
1699,ғылыми негіз,научная основа,scientific basis,B1
1700,барлық жұмыстың негізі,основа всей работы,the basis of all work,B1
1701,іріктеу негізі,основа выборки,basis of production,B1
1702,зерттеу негізі,основа обследования,basis survey,B1
1703,заңнама негіздері,основы законодательства,bases of legislation,B1
1704,еңбек туралы заңнама,основы законодательства о,basis of labor legislation,B1
1705,ғылым негіздері,основы наук,fundamentals of science,B1
1706,тарихи оқиға,историческое событие,historical event,B1
1707,халықаралық оқиға,международное событие,international events,B1
1708,күтпеген оқиға,неожиданное событие,unexpected event,B1
1709,кездейсоқ оқиғалар,случайные события,random events,B1
1710,шешу; жауабын табу,отгадка; разгадывать,guessing,B1
1711,шынайылық,реальность,reality,B1
1712,абыр-сабыр,суматоха; хаос,turmoil,B1
1713,"бір оқиғаның,","слова, обозначающие",words denoting the,B1
1714,"құбылыстың, процесстің",развитие каких либо,development of any,B1
1715,дамуына қатысты,"– процессов, явлений,","processess, phenomena,",B1
1716,сөздер,событий,events,B1
1717,жандану,возрождение,renaissance,B1
1718,кері кету,деградация,degradation,B1
1719,диалектика,диалектика,dialectics,B1
1720,дағдарыс,кризис,a crisis,B1
1721,төңкеріс,переворот,coup,B1
1722,алмасу,перемена,change,B1
1723,бетбұрыс,поворот,turning,B1
1724,алға басу,прогресс,progress,B1
1725,шығу тегі,присхождение,descent,B1
1726,тағдыр,судьба,fate,B1
1727,баспасөз,печать; пресса,press,B1
1728,құрал,средство,instrument,B1
1729,өнер жұлдыздары,звезды искусства,stars of art,B1
1730,бейнежазба,видеозапись,video record,B1
1731,отандық,отечественный,"domestic, native",B1
1732,шетелдік,зарубежный; иностранный,foreign,B1
1733,телеарна,телеканал,TV channel,B1
1734,теледидар жүргізуші,телеведуший,TV presenter,B1
1735,телехабар,телепередача; телевещание,broadcasting,B1
1736,телехикая,телесериал,TV series,B1
1737,тікелей эфир,прямой эфир,live,B1
1738,хабар,весть; известие; новости,message,B1
1739,танымдық,познавательный,cognitive,B1
1740,көпшілік,общество; публика,most people,B1
1741,баспа,издательство,publishing house,B1
1742,мақала,статья,article,B1
1743,шолушы,обозреватель,commentator; reviewer,B1
1744,тележүргізуші,телеведуший,television presenter,B1
1745,баспагер,издатель,publisher,B1
1746,бөлім бастығы,начальник отдела,Head of Department,B1
1747,түсінік беруші,комментатор,commentator,B1
1748,газет тілшісі,корреспондент,correspondent,B1
1749,меншікті тілші,собственный корреспондент,own correspondent,B1
1750,арнаулы тілші,специальный корреспондент,special correspondent,B1
1751,мерзімді баспасөз; мерзімді басылым,периодика; периодическая печать; издание,periodicals,B1
1752,кітап баспадан шықты,книга вышла из печати,the book came out of print the book has come out,B1
1753,баспа үйі,издательский дом,printing house,B1
1754,қызықтыру,заинтересовывать,"to interest, to attract",B1
1755,көрсету,показывать; демонстрировать,"to show, display (на экране)",B1
1756,жөн санау,считать правильным,to be right; to consider it right,B1
1757,тарату,распространять,to distribute,B1
1758,іске қосылу,вступить в силу или в действие,to enter/come into force,B1
1759,атау,наименование,the name,B1
1760,шығу мерзімі,дата выпуска,date of issue,B1
1761,бос сөз,пустые слова,empty word,B1
1762,ұсыныс,предложение,recommendation,B1
1763,аяқталу,окончание; завершение,end up,B1
1764,алдау,обманывать,to cheat,B1
1765,өзгеру,изменяться,change,B1
1766,әйгілі,известный,famous,B1
1767,бас қосу,объединяться; собираться,"to gather, to meet",B1
1768,ұмыту,забывать,forget,B1
1769,толқу,волноваться,excitement,B1
1770,өшіру,стирать; зачеркивать; выключать,to erase,B1
1771,қателік,ошибка,error,B1
1772,өзекті,актуальный,relevant,B1
1773,сөзсіз қате,абсолютная ошибка,absolute error,B1
1774,қателік жіберілді,допущена ошибка,there was an error,B1
1775,есептеудегі қате,ошибка при вычислении,error in calculating,B1
1776,тіркеу қатесі,ошибка регистрации,registration error,B1
1777,кездейсоқ қате,случайная ошибка,random error,B1
1778,шешімін табу,найти решение,find solution,B1
1779,дәлелдеу,доказывать,proof,B1
1780,сендіру,убедить,to convince,B1
1781,жиналу,собираться; готовиться,get together,B1
1782,алаңдату,беспокоить; отвлекать,disturbing,B1
1783,уақытылы,своевременно; регулярно;,regularly,B1
1784,қызықты мәліметтер,занимательная,entertaining information,B1
1785,күн сайын,каждый день,everyday,B1
1786,хабар тарату,передавать сообщения;,broadcasting,B1
1787,қызық бағдарлама,интересная программа,an interesting program,B1
1788,жағымды ақпарат,положительная,positive information,B1
1789,жақсы жаңалық,хорошие новости,good news,B1
1790,танымал әнші,известная; популярная,popular singer,B1
1791,атақты әртіс,знаменитый артист,famous artist,B1
1792,көңілді кино,забавный фильм,funny film,B1
1793,жаңа бағдарлама,новая программа,a new program,B1
1794,теледидар бағдарламасы,телевизионная программа,TV program,B1
1795,танымал кинофильм,популярный фильм,popular movie,B1
1796,танымдық мәліметтер,познавательные сведения,educational information,B1
1797,қызық телешоу,интересное телешоу,interesting TV show,B1
1798,көрсетілім,показ,demonstration,B1
1799,фильм түсіру,съемки фильма,film shooting,B1
1800,кинофильм өндірісі,производство фильмов,production of film,B1
1801,отандық телеарна,отечественный телеканал,native channel,B1
1802,шаршағанын ұмыту,забыть об усталости,forget about exhaution,B1
1803,жаңа тілші,новый репортер,new reporter,B1
1804,бағдарламаны жүргізу,вести программу,maintain the program,B1
1805,таңғы басылым,утренние издание,morning issuance,B1
1806,тез сатылу,быстрая продажа;,ready sale,B1
1807,жаңалықтар дайындау,подготовка новостей,news production,B1
1808,пайдасы жоқ,бесполезный,useless,B1
1809,эфирге шығу,выйти в эфир,go on the air,B1
1810,телесериал көру,смотреть телесериал,see the TV series,B1
1811,телебағдарламаға қатысу,участие в телевизионной,to participate in a TV,B1
1812,техникалық қиындықтар,технические трудности,technical difficulties,B1
1813,микрофонды өшіру,выключить микрофон,turn off microphone,B1
1814,сөзін ұмытып қалу,забыть слова (текст),forget the words (text),B1
1815,сұхбат алу,брать интервью,to interview,B1
1816,мәтінді білдіретін сөздер,"слова, обозначающие",words denoting text,B1
1817,абзац,абзац,paragraph,B1
1818,қолтаңба,подпись; автограф,autograph,B1
1819,күлкілі әңгіме,анекдот,anecdote,B1
1820,қанатты сөз,афоризм,aphorism,B1
1821,мысал әңгіме,басня,fable,B1
1822,ғұмырнама; биография,биография,biography,B1
1823,кіріспе,введение,introduction,B1
1824,сұрақ,вопрос,question,B1
1825,сауалнама,анкета; вопросник,questionnaire,B1
1826,естелік,воспоминание,memory,B1
1827,түйін,вывод,conclusion,B1
1828,тақырыпат,заголовок,title,B1
1829,нұсқаулық,инструкция,instruction  (зат есім),B1
1830,түсіндірме,комментарий; пояснение,commentary,B1
1831,корректура,корректура,proofreading,B1
1832,естелікнама,мемуары,memoir,B1
1833,әуесқойлық;,хобби,hobby,B1
1834,үздік атану,быть лучшим,to be the best,B1
1835,арасы,между,between,B1
1836,таза ауа,свежий воздух,fresh air,B1
1837,үнемдеу,экономить; беречь,to save,B1
1838,демалу,отдыхать,rest,B1
1839,қиын,трудный; сложный,difficult,B1
1840,керісінше,наоборот,on the contrary,B1
1841,ақы төлеу,платить за труд; платить за,to pay for work,B1
1842,электр қуаты,электроэнергия,electric power,B1
1843,көрініс,вид,look,B1
1844,қақпа,ворота,the gate,B1
1845,тыныш,тихий,calm,B1
1846,шулы,шумный; оживленный,noisy,B1
1847,жалықтыру,наскучить; надоесть,"tire, bore",B1
1848,залал; зиян,вред,harm,B1
1849,зиян келтіру,причинять вред; вредить,to harm,B1
1850,зияндылық,вредность,harmfulness,B1
1851,темекі тартудың,вред от курения,risk of smoking,B1
1852,қызыққа толы,полный веселья,full of fun,B1
1853,орналасу,размещение;,location,B1
1854,лас,грязный,dirty,B1
1855,алдын ала,заранее; предварительно,in advance,B1
1856,әлем бойынша,по миру,around the world,B1
1857,әлеумет,народ; публика,societies,B1
1858,қоғамдық көлік,общественный транспорт,public transport,B1
1859,тұманды,туманный,foggy,B1
1860,алып,большой; громадный,big; colossal,B1
1861,жағымсыз,неприятный; противный,unpleasant,B1
1862,созылу,продолжаться,"continue, last",B1
1863,қауіпті,опасный,dangerous,B1
1864,халық саны,численность населения,population,B1
1865,бәссауда,аукцион,on sale,B1
1866,тынымсыз өмір,беспокойная жизнь,lifelong life,B1
1867,телефон шалу,звонить по телефону,call,B1
1868,туралы,о; про,about,B1
1869,қарау,смотреть,see,B1
1870,нәрсе,вещь; предмет; что-нибудь,thing,B1
1871,түк; ешбір; ешқандай,ничего; нисколько,any,B1
1872,дәнеме; ештеңе,ничего,nothing,B1
1873,кешке таман,ближе к вечеру,in the evening,B1
1874,орын алу,занимать место,take the place,B1
1875,өзгешелік,особенность; различие,difference,B1
1876,басқаша,иначе; по-другому,otherwise,B1
1877,ұстаным,позиция,position,B1
1878,бұзу,нарушать,break,B1
1879,тырысу,стараться; стремиться,to try,B1
1880,мәселен,к примеру; например,for example,B1
1881,жауапкершілік,ответственность,responsibility,B1
1882,барынша,как можно более;,the maximum,B1
1883,мол; көп,много,"a lot of, a plenty of",B1
1884,аялау,беречь; заботиться,take care of,B1
1885,тап-таза,совершенно чистый,pure,B1
1886,шашылу,разбрасывание,scattering,B1
1887,әл-ауқат,благосостояние;,wealth,B1
1888,орта,среда,"surrounding, environment",B1
1889,қалғаны,остальное,the rest (of),B1
1890,жоспарлы,плановый,planned,B1
1891,орындау,выполнять,"to accomplish, to execute",B1
1892,қарап шығу,просмотреть,look through,B1
1893,шолу жасау,делать обзор,make a review,B1
1894,жұмыс орны,рабочее место,work place,B1
1895,тұрмыс,быт,"life, living",B1
1896,қолайлы,удобный,convenient,B1
1897,емес,не (именное отрицание),not,B1
1898,жеткізу,доставка,delivery,B1
1899,ұмытылмау,не забывается (забываться),not to be forgotten,B1
1900,ұту,выигрывать,win,B1
1901,жол жүру,путешествовать,journey,B1
1902,ақысыз,бесплатно,free,B1
1903,аралау,бродить; посещать; ходить,to roam,B1
1904,әсем жер,красивое место,a beautiful place,B1
1905,әуестену,увлекаться,get involved with,B1
1906,бөлек,отдельный; раздельный,"other, different",B1
1907,біркісілік бөлме,одноместный номер,single room,B1
1908,екікісілік бөлме,двухместный номер,double room,B1
1909,демалыс орны,зона отдыха,rest zone,B1
1910,жайлылық,удобство,convenience,B1
1911,жалғыз,один; единственный,only,B1
1912,жалдамалы пәтер,арендная квартира,rental apartment,B1
1913,жәрдем беру,помогать,to help,B1
1914,жеткізіп салу,доставлять,to deliver,B1
1915,жеткілікті,достаточно,enough,B1
1916,жүзу бассейні,бассейн для плавания,(swimming) pool,B1
1917,кеден,таможня,customs,B1
1918,кері қайту,вернуться обратно,return back,B1
1919,күнге қыздырыну,загорать,sun bathe,B1
1920,күту,ждать; ожидать,to wait,B1
1921,күту залы,зал ожидания,waiting room,B1
1922,қиял,фантазия,fantasy,B1
1923,қолжүк,ручная кладь,hand luggage,B1
1924,қуат көзі,источник питания,power source,B1
1925,құндылық,ценность,value,B1
1926,ойлану,думать,to think,B1
1927,өтініш жазу,написать заявление,to write an application,B1
1928,өшіп қалу,отключение; отключать;,to fade; turn off,B1
1929,серіктес,соратник; партнер,partner,B1
1930,сый,подарок,gift,B1
1931,сырқаттану,заболевать,getting sick,B1
1932,табиғат аясында,на природе,outdoors,B1
1933,таңғажайып,чудесный; удивительный;,wonderful,B1
1934,тарихи жер,историческое место,historical place,B1
1935,тезірек,быстрее,faster,B1
1936,тексеріп көру,проверять,check,B1
1937,төлем картасы,платежная карточка,payment card,B1
1938,тіркеуші,регистратор,registrar,B1
1939,хабарлама,объявление,announcement,B1
1940,халықаралық ұшу,международный рейс,international flight,B1
1941,шағымдану,обратиться с жалобой,to lodge a complaint,B1
1942,шипа,исцеление (целебный),treatment,B1
1943,"қоғамдық орындарда,","в общественных местах,","in public places, on the",B1
1944,"көшеде, көлікте","на улице, на транспорте","street, on transport",B1
1945,қалашық,городок,town,B1
1946,мәдени орталық,культурный центр,сultural сenter,B1
1947,анықтама бюросы,справочное бюро,information desk/bureau,B1
1948,сұлулық салоны,салон красоты,beauty saloon,B1
1949,мезгіл және процестерге,"период и время,",associated with the,B1
1950,қатысты уақыт,связанные с процессами,processes,B1
1951,көктемгі,весенний,adj. spring,B1
1952,күзгі,осенний,adj. autumn,B1
1953,онкүндік,декада,decade,B1
1954,мыңжылдық,тысячелетие,millennium,B1
1955,"бос кез, бос уақыт",досуг,"free time, entertainment",B1
1956,аралық (интервал),интервал,interval,B1
1957,"алды, қарсаңы",канун,int the eve,B1
1958,"мейрам алдында,",канун праздника,int the eve of a holiday,B1
1959,өліара,межсезонье,off-season,B1
1960,қосымша демалыс,дополнительный отпуск,additional vacation,B1
1961,демалыс алу,получить отпуск,get a vacation,B1
1962,үзіліссіз,без перерыва,without break,B1
1963,жұмыстағы үзіліс,перерыв на работе,"break time, mealtime",B1
1964,уақыт тәртібі,порядок времени,time limit,B1
1965,уақыт тәртібін белгілеу,установка порядка,set the time limit,B1
1966,уақыт тәртібін сақтау,соблюдать порядок,maintain the time limit,B1
1967,от жағатын маусым,отопительный сезон,heating season,B1
1968,мәңгілік,вечность,eternity,B1
1969,қас қағым,мгновение,instant,B1
1970,бір сәтте,в одно мгновение,in an instant,B1
1971,көзді ашып жұмғанша,в мгновение ока,in a flash/in an instant,B1
1972,"үнемі, ылғи","постоянно, регулярно",often,B1
1973,ежелгі заман,древность,high antiquity,B1
1974,өте ерте заманда,в очень глубокой древности,in the extreme antiquity,B1
1975,"қазіргі, осы шақ",настоящее,the present,B1
1976,өткен шақ,прошлое,past,B1
1977,ескі заман,старые времена (в старину),old times,B1
1978,көненің көзі,свидетель прошлого,remnants of the old,B1
1979,уақыт өткізу,проводить время,spend time,B1
1980,тәулік бойы,круглосуточно,round the clock,B1
1981,басы; басталуы; бастамасы,начало,start; beginning,B1
1982,ең басында,в самом начале,at the beginning,B1
1983,жыл басы,в начале года,at the beginning of the year,B1
1984,күннің ортасы,середина дня,middle of a day,B1
1985,соңы; бітуі; аяқталуы; ақыры; шеті,исход; конец,end; ending,B1
1986,күн батарда,на закате; на исходе дня,at the end of the day,B1
1987,істің сәтті аяқталуы,благополучный исход дела,proper outcomes (of  a day),B1
1988,жыл соңында,в конце года,by the end of the year,B1
1989,"айдың соңы, ақыры",конец месяца,the end of the month,B1
1990,ең соңында,в самом конце,"eventually,finally",B1
1991,атқару мерзімі,исполнительный срок,executive term,B1
1992,жарамдылық мерзімі,срок годности,expiring time,B1
1993,жеткізу мерзімі,срок доставки,delivery time,B1
1994,жұмыстарды орындау мерзімі,срок выполнения работ,deadline,B1
1995,зейнетақы тағайындау мерзімі,срок назначения пенсии,the appointment time of the pension,B1
1996,қадағалау мерзімі,срок наблюдения,observation period,B1
1997,қолданылу мерзімі,срок использования,validity,B1
1998,құжаттың айналу мерзімі,срок документооборота,the proceeding period of the document,B1
1999,құжаттың әрекет ету мерзімі,срок действия документа,validity period of the document,B1
2000,мезгілі өтті,истек срок; просрочен,expired,B1
2001,мезгілінде орындалды,выполнено в срок,fulfilled on time,B1
2002,мерзімі өткенше,до истечения срока,before expiry of the term,B1
2003,мерзімі өтіп барады,истекает срок,expires,B1
2004,нормативтік қызмет,срок нормативной службы,regulatory term of service,B1
2005,пайдалану мерзімі,срок эксплуатации,term of exploitation,B1
2006,сақтандыру мерзімі,cрок страхования,term of insurance,B1
2007,тағайындалған мерзім,назначенный срок,appointed time,B1
2008,"табиғат, ауа райын","понятия, связанные с","concepts related to nature,",B1
2009,сипаттауға қатысты,"природой, погодные",weather characteristics,B1
2010,қабық,кора,bark,B1
2011,түбір,корень,root,B1
2012,бүршік,почка,bud,B1
2013,дің,ствол,trunk,B1
2014,ағаштың діңі,ствол дерева,tree trunk,B1
2015,күншығыс,восток,sunrise,B1
2016,күншығысқа қарай жүру,двигаться на восток;,move to East,B1
2017,Таяу Шығыс,Ближний Восток,Near East,B1
2018,Қиыр Шығыс,Дальний Восток,Far East,B1
2019,айдың тұтылуы,лунное затмение,lunar eclipse,B1
2020,боран,буран; буря,blizzard,B1
2021,"бұлтты, түнерген","облачный, пасмурный","cloudy, gray",B1
2022,бұлтсыз,безоблачный,cloudless,B1
2023,бұлыңғыр,"пасмурный, тусклый","cloudy, dark",B1
2024,жаңбыр тамшысы,капля дождя,raindrop,B1
2025,жауын-шашын,дождевые осадки; ливень,rainfall,B1
2026,ақ жауын,мелький дождь,drizzle,B1
2027,сіркіреген жауын,моросящий,drizzly,B1
2028,найзағай,молния,lightning,B1
2029,баяу жел; бәсең жел;,бриз; легкий ветерок,breeze,B1
2030,салқын жел,прохладный ветер,cool breez,B1
2031,ылғалды,влажный; сырой,damp,B1
2032,көлеңке,тень,shadow,B1
2033,қарлы боран,снежная буря,snow blizzard,B1
2034,құйын,вихрь,whirlwind,B1
2035,қапырық,духота,stuffiness,B1
2036,құрғақшылық,сухой; сущь; засуха; сухая,dry,B1
2037,қуаңшылық,засуха,drought,B1
2038,қуаңшылықпен күресу,борьба с засухой,combating drought,B1
2039,суық түсу,похолодание,cold snap,B1
2040,суық түсе бастады,наступило похолодание,there was a cold snap,B1
2041,тұман,туман,fog,B1
2042,тұман түсті,спустился туман,the fog came down,B1
2043,қалың тұман,густой туман,dense fog,B1
2044,көлдің бетін тұман басты,туман над озером,fog over the lake,B1
2045,тұтылу,затмение,eclipse,B1
2046,күннің тұтылуы,солнечное затмение,solar eclipse,B1
2047,"барқан, құмтөбе, шағыл",барханы,barkhans,B1
2048,жазық; тегістік,долина; равнина,valley; plain,B1
2049,жайылым,луг,meadow,B1
2050,жанартау,вулкан,volcano,B1
2051,жартас,скала,rock,B1
2052,жерасты үңгірі,пещера; подземный грот,underground grotto,B1
2053,"құз, шыңырау",пропасть,abyss,B1
2054,ойпат,низменность,lowland,B1
2055,саванна,саванна,savannah,B1
2056,сөнбеген жанартау,действуюший вулкан,active volcano,B1
2057,сөнген жанартау,потухший вулкан,dormant volcano,B1
2058,тау шатқалы,горное ущелье,mountain gorge,B1
2059,таулы үстірт,плоскогорье,plateau,B1
2060,түбек,полуостров,demi-island,B1
2061,түпсіз шыңырау,бездонная пропасть,bottomless abyss,B1
2062,өсімдіктер және,мир животных и,animal and plant world,B1
2063,арпа,ячмень,snowdrop,B1
2064,бәйшешек,подснежник,wheat,B1
2065,жалбыз,мята,tulip,B1
2066,жержаңғақ,арахис,peanut,B1
2067,жусан,полынь,sagebrush,B1
2068,қымыздық,щавель,sorrel,B1
2069,лалагүл,лилия,lily,B1
2070,сұлы,овес,oat,B1
2071,үйеңкі,клен,maple,B1
2072,жабайы алма ағашы,дикая яблоня,wild apple tree,B1
2073,астық тұқымдастар,злаки,cereals,B1
2074,балды өсімдіктер,медоносные растения,melliferous,B1
2075,көпжылдық өсімдіктер,многолетние растения,perennials,B1
2076,біржылдық өсімдіктер,однолетние растения,annuals,B1
2077,бие,кобыла,mare,B1
2078,ақтүлкі,песец,arctic fox,B1
2079,бөкен,антилопа,antelopes,B1
2080,бұлғын,соболь,sable,B1
2081,жабайы жылқы,дикая лошадь,mustang,B1
2082,қабылан,леопард,leopard,B1
2083,қара қабылан,пантера,panther,B1
2084,қарақұйрық,джейран,gazelle,B1
2085,қорқау қасқыр,гиена,hyena,B1
2086,құндыз,бобер,beaver,B1
2087,су сиыры; бегемот,бегемот,hippo,B1
2088,суыр,сурок,marmot,B1
2089,тауешкі,горная коза,capricorn,B1
2090,тиін,белка,squirrel,B1
2091,бозторғай,жаворонок,skylark,B1
2092,бұлбұл,соловей,nightingale,B1
2093,бүркіт; қыран,беркут; орёл,golden eagle,B1
2094,дауылпаз,буревестник,petrel,B1
2095,дегелек,аист,stork,B1
2096,жапалақ,сова,owl,B1
2097,қараторғай,скворец,starling,B1
2098,қаршыға,ястреб,hawr,B1
2099,сұңқар,сокол,falcon,B1
2100,тауыс,павлин,peacock,B1
2101,тырна,журавль,crane,B1
2102,балық түрлеріне,"слова, касательные",the name of fish,B1
2103,қатысты сөздер,видов рыб,a fish,B1
2104,жайын,сом,catfish/wels,B1
2105,сазан,сазан,carp,B1
2106,шабақ,плотва,roach,B1
2107,ақсерке,белуга,beluga,B1
2108,ақбалық,жерех,asp,B1
2109,камбала,камбала,flounder,B1
2110,арқан балық,лосось,salmon,B1
2111,бекіре,осетр,sturgeon,B1
2112,ханбалық,форель,trout,B1
2113,ақтабан,лещ,bream,B1
2114,жәндіктер және,насекомые и,"insects, reptiles",B1
2115,инелік,стрекоза,dragonfly,B1
2116,күйе,моль,mole,B1
2117,шегіртке,саранча,grasschopper,B1
2118,шіркей,мошка,blackfly,B1
2119,есім беру; ат қою,выбирать имя; наречение имени,call,B1
2120,аты затына сай,фразеологизм: имя соответствует его сущности,Phraseological unit: the name of a person as a manifestation of his essence,B1
2121,жүз жасасын,пусть проживёт сто лет,let him live a hundred years,B1
2122,ниеттену,искреннее намерение,intention,B1
2123,мереке; қонақ шақыру,праздник; приглашение гостей праздник в честь новорождённого,holiday inviting guests,B1
2124,табысқа жету,добиваться успеха,to succeed,B1
2125,тілектес,доброжелатель,well-wisher,B1
2126,игі тілек,доброе пожелание,good wishes,B1
2127,бейресми,неофициальный,informal,B1
2128,қажымас қайрат,неиссякаемая энергия,inexhaustible energy,B1
2129,адамға қатысты жалпы,оценка человека в общем,assessment of a person in,B1
2130,атақ,известность; слава,prominence,B1
2131,ашуланшақ; ашушаң,вспыльчивый;,quick tempered,B1
2132,әділдік,справедливость,justice,B1
2133,әрқашан,всегда,always,B1
2134,бағындыру,подчинять,subdue,B1
2135,бай адам,богатый человек,rich man,B1
2136,басшының беделі,авторитет руководителя,authority of a manager,B1
2137,"батыр, ер",герой,worthy,B1
2138,бәсекелес,конкурент; соперник,competitor,B1
2139,беделден айырылу,потерять авторитет,lose credibility,B1
2140,бейне,образ,image,B1
2141,болжағыш,предвидящий;,predictor,B1
2142,бос сөзге құмар кісі,фразер; пустомеля; болтун,"phraser, chatterbox",B1
2143,бөлісу,поделиться,share,B1
2144,бөспе,хвастун,ratchet,B1
2145,бұйра шашты,кудрявые волосы,curly hair,B1
2146,біздің байлығымыз;,наша жемчужина;,our pearl,B1
2147,білімі терең адам; ғұлама,мудрый; образованный;,titanium,B1
2148,бірауыздан,единогласно,unanimously,B1
2149,бірбеткей,принципиальный,principled,B1
2150,ғашық болу,влюбляться,fall in love,B1
2151,ғылымның ғұламалары,титаны науки,titans of science,B1
2152,ғылымның көрнекті,корифей науки,Coryphaeus of science,B1
2153,дарындылық,одаренность;,giftedness,B1
2154,дарынсыз,бездарь,mediocrity,B1
2155,дарынсыздық,бездарность,incompetence,B1
2156,"дегдар, таңдаулы топ",элита,elite,B1
2157,доғару,останавливать; прекращать,stay; cease,B1
2158,енжарлық,равнодушие,indifference,B1
2159,еңбек ері,герой труда,hero of labor,B1
2160,ер көңілді; қайырымды,мужественный; добрый,knight,B1
2161,ерекше құбылыс; феномен,феномен,phenomenon,B1
2162,ерке; сүйікті,любимец,darling,B1
2163,еріншек,ленивый,lazy,B1
2164,есті,разумный,clever,B1
2165,есті қыз,умная девочка,smart girl,B1
2166,жағымсыз қасиет,отрицательная черта,negative feature,B1
2167,жақтырмау,не одобрять,disapprove,B1
2168,жау,враг,enemy,B1
2169,жетістік,достижение,attainment,B1
2170,жолы болу,везение; удачливость,to be lucky,B1
2171,жігерлі,энергичный; настойчивый;,brave,B1
2172,зерттеу,исследовать,investigate,B1
2173,келіссөз,переговоры,conversation,B1
2174,"кемеңгер,  корифей",гений; корифей,coryphae,B1
2175,көк көзді,голубоглазый,blue eyed,B1
2176,көпшіл,общительный;,sociable,B1
2177,көреген,дальновидный; зоркий,visionary,B1
2178,көшбасшы,лидер,leader,B1
2179,қайратты,сильный; энергичный,strong,B1
2180,қалаулы; таңдаулы,избранный,chosen,B1
2181,қара шашты,черноволосый,black haired,B1
2182,қауіпсіздік,безопасность,"Security, safe",B1
2183,қиялшыл,фантазер,fantasist,B1
2184,қоғамдағы бедел,авторитет в обществе,standing in society,B1
2185,қолдау,поддерживать,to support,B1
2186,қолынан келмейтіні жоқ,мастер на все руки,skillful fingers,B1
2187,қошемет,уважение; почет,respect,B1
2188,қуанту,радовать,rejoice,B1
2189,құрмет тұту,уважать; чтить,honor,B1
2190,құрметтеу,уважать,respect,B1
2191,құрметті жан,уважаемый человек,a honorable man,B1
2192,құрылым,структура,structure,B1
2193,лайықты,подходящий;,suitable,B1
2194,мойындау,признавать; осознавать,to acknowledge,B1
2195,мықты,сильный,strong,B1
2196,негізін қалау,заложить основу,lay the foundation,B1
2197,оқымысты,ученый,scientist,B1
2198,ол химия саласында,Он крупный авторитет в,He is a major authority in,B1
2199,беделі жоғары адам,области химии,the field of chemistry,B1
2200,өзге,другой; иной; особый,other,B1
2201,өкіну,сожалеть (о случившемся);,regret,B1
2202,өмірге құштар,любить жизнь;,to love life,B1
2203,періште,ангел,angel,B1
2204,сұсты,грозный; суровый,formidable,B1
2205,тақырбас,лысый,bald,B1
2206,тапсыру,поручать,entrust,B1
2207,тарихи тұлға,историческая личность,historical personality,B1
2208,тынбай еңбек ету,работать без отдыха,work without rest,B1
2209,тілтабысқыш,общительный,communicative,B1
2210,уайымшыл,пессимист; беспокойный;,pessimist,B1
2211,ұялшақ,застенчивый;,shy,B1
2212,халықтың қалаулысы,избранник народа,elected representative,B1
2213,шайқасу,сражаться,fight,B1
2214,шешім қабылдау,принять решение,decide,B1
2215,жүзі жылы,миловидный,good-loking,B1
2216,эстетикалық бағалау,оценка чего-либо в эстетическом плане красота,appraisal of something aesthetically beauty,B1
2217,"ғажап, тамаша",прелесть,gorgeous,B1
2218,амандық; аман-есендік; саулық,благополучие; здравие; невредимость,prosperity; health; unscathed,B1
2219,еңбегіне қарай,по заслугам,on merit,B1
2220,жауһар,шедевр,masterpiece,B1
2221,адамды сипаттау үшін қолданылатын сөздер бас,"слова, используемые для описания человека голова",words used to describe a person head,B1
2222,жақ,щека,cheek,B1
2223,желке,затылок,back of the head,B1
2224,көкірек,грудная клетка,thorax,B1
2225,қабақ,веко,eyelid,B1
2226,қарашық,зрачок,pupil,B1
2227,маңдай,лоб,forehead,B1
2228,самай,висок,temple,B1
2229,биші,танцовщица; танцор,dancer,B1
2230,білікті маман,квалифицированный,qualified specialist,B1
2231,қаржыгер,финансист,financier,B1
2232,құрылысшы,строитель,builder,B1
2233,саудагер,торговец,dealer,B1
2234,тігінші,портной; портниха; швея,tailor,B1
2235,тіл үйренуші,изучающий язык,language learner,B1
2236,көмекші,помощник,assistant,B1
2237,бас маман,главный специалист,chief specialist,B1
2238,түлек,выпускник,high school graduation,B1
2239,ұжым,коллектив,collective,B1
2240,шенеунік,чиновник,official,B1
2241,анағұрлым,гораздо; значительно;,much; more,B1
2242,асығу,торопиться,rush,B1
2243,асығыстық,спешка; спешность;,haste,B1
2244,ауыстыру,менять; заменять,transfer,B1
2245,әлдеқашан,давно; давным-давно,long,B1
2246,әрдайым,всегда,always,B1
2247,әсерлі,впечатляющий,impressive,B1
2248,бейбітшілік,мир,peace,B1
2249,білімділік,образованность,education,B1
2250,бірлестік,объединение,an association,B1
2251,дауыс көтермеу,не повышать голос,do not lift a voice,B1
2252,еңбек келісімшарты,трудовой договор,employment contract,B1
2253,жарасу,подходить; гармонировать;,suit,B1
2254,жарнамалау,рекламировать,to advertise,B1
2255,жөнелту,отправлять,send,B1
2256,жұмыс өтілі,стаж работы,work experience,B1
2257,жұмысбастылық,занятость,employment,B1
2258,жұмыссыздық,безработица,unemployment,B1
2259,кәсіпорын,предпрятие,enterprise,B1
2260,кеңес,совет,advice,B1
2261,киім үлгісі,образцы одежды,samples of clothes,B1
2262,көрсеткіш,показатель,index,B1
2263,күйзеліс,кризисное состояние,crisis,B1
2264,күндіз-түні,днем и ночью,day and night,B1
2265,күш-жігер,вся сила,an effort,B1
2266,қанағатсыздық,жадность; корыстолюбие;,greed,B1
2267,қауырт,спешный; авральный,rush,B1
2268,құжат,документ,document,B1
2269,құрастыру,составлять,compose,B1
2270,қысым көру,оказывать давление;,exert pressure,B1
2271,мазаламау,не беспокоить,do not disturb,B1
2272,мақсатшыл,целеустремленный,purposeful,B1
2273,назар салу,обратить внимание,note,B1
2274,нышан,знак,sign,B1
2275,оқу орны,учебное заведение,school,B1
2276,пікірлесу,обмениваться мнениями,exchange views,B1
2277,сәті түсу,удаваться,work out,B1
2278,сенімділік,уверенность,confidence,B1
2279,сөзшең,разговорчивый;,eloquent,B1
2280,табанды,стойкий; упорный,persistent,B1
2281,табандылық,настойчивость,insistence,B1
2282,табыс,доход,income,B1
2283,тазалық,чистоплотность; чистота,cleanilness,B1
2284,талқылау,обсуждать,discuss,B1
2285,таң-тамаша,удивляться,be surprised,B1
2286,татулық,дружба; согласие,friendship,B1
2287,тоқтатпау,не останавливать,do not stop,B1
2288,толтыру,заполнять,fill,B1
2289,тосқауыл,преграда; препятствие,block,B1
2290,хабар алу,получить известие,to hear,B1
2291,шыдамсыздық,нетерпеливость,impatience,B1
2292,тұрғынжайын сипаттау,"слова, используемые для",words used to describe,B1
2293,үшін қолданатын сөздер,описания жилья,living,B1
2294,жеке үй,частный дом,private home,B1
2295,үй шаруашылығына,"слова, связанные с",household words,B1
2296,қатысты ұғымдар,домохозяйством,wash,B1
2297,қызмет көрсету,обслуживание,service,B1
2298,халыққа қызмет көрсету орталығы,центр обслуживания населения,center of service of the population,B1
2299,техникалық қызмет көрсету орталығы,центр технического обслуживания,center of maintenance,B1
2300,аяқ киім жөндеу шеберханасы,мастерская по ремонту обуви,shoe (repair) workshop,B1
2301,сағат жөндеу шеберханасы,мастерская по ремонту часов,watch (repair) workshop,B1
2302,медицина саласында қолданатын сөздер тері ауруының дәрігері,"слова, используемые в области медицины дерматолог",health related words,B1
2303,жүрек ауруының дәрігері,кардиолог,cardiologist,B1
2304,дәрігерлер кеңесі,врачебный консилиум,consultation,B1
2305,сынықшы,ортопед; костоправ,orthopedist,B1
2306,құлақ ауруын қарайтын,отоларинголог,laryngologist,B1
2307,емші,лекарь,healer,B1
2308,медицина қызметкерлері,медицинский персонал,medical staff,B1
2309,шөппен емдеуші,травник,herbalist,B1
2310,тыныс алу,дышать,to breathe,B1
2311,асқазан-ішек ауруы,желудочно-кишечные,gastrointestinal diseases,B1
2312,артериялық қан қысымы,артериальное давление,arterial blood pressure,B1
2313,аурудың алдын алу,профилактика,resist disease,B1
2314,сергектік,бодрость,cheerfulness,B1
2315,буындардың ауыруы,боль в суставах,joint pain,B1
2316,дәруменсіздік,авитаминоз,vitamin defiencies,B1
2317,іріңдік,абсцесс,abscess,B1
2318,ұмытшақтық,амнезия,amnesia,B1
2319,ағзаның тітіркенуі,аллергия,allergy,B1
2320,қаназдық (анемия),анемия,anramia,B1
2321,аққандылық,белокровие,leukemia,B1
2322,жындану,бешенство,rabies,B1
2323,қабыну,воспаление,inflammation,B1
2324,"буыны таю, буыны шығу",вывих,dislocation,B1
2325,асқазан ауруы,гастрит,gastritis,B1
2326,сары ауру,гепатит,hepatitis,B1
2327,артериялық қысымның,гипотония,hypotension,B1
2328,дем шығару,выдох,exhalation,B1
2329,аштық,голод,hunger,B1
2330,қалғу,дремота,drowsiness,B1
2331,тыныс,дыхание,breath,B1
2332,"шөл, шөлдеу",жажда,thirst,B1
2333,дәрумендер,витамины,vitamins,B1
2334,шипалы батпақ,лебечная грязь,healing mud,B1
2335,дәрі-дәрмектер,медикаменты,medicines,B1
2336,қырмызыгүл,календула,calendula,B1
2337,дәрілік қырмызыгүл,календула лекарственная,calendula officinalis,B1
2338,майсана,касторка,castor oil,B1
2339,"сұйық дәрі, микстура",микстура,potion,B1
2340,тұнба,настой,infusion,B1
2341,апиын,опий,opium,B1
2342,уға қарсы дәрі,противоядие,antidote,B1
2343,емдеу құралдары,лечебные средства,"remedial measures,",B1
2344,жылытқы,грелка,hot water bottle,B1
2345,дәрі тамызғыш,капельница,IV fluids,B1
2346,қышақағаз,горчичник,mustard plaster,B1
2347,бұрау,жгут,tourniquet,B1
2348,ингалятор,ингалятор,inhaler,B1
2349,компресс,компресс,compress,B1
2350,қандауыр,скальпель,scalpel,B1
2351,демеуші,спонсор,sponsor,B1
2352,өнер қайраткері,деятель искусства,artistic creator,B1
2353,тұсаукесер,премьера; презентация,"premiere, presentation",B1
2354,Қазір қандай фильм,Какой фильм сейчас идет?,What film is being showed,B1
2355,"Комедия, фантастика,","Что выберешь: комедию,",What do you choose:,B1
2356,"мелодрама, не таңдайсың?","фантастику, мелодраму?",comedy? fantasy?,B1
2357,пьеса кейіпкері,герой пьесы,hero of play,B1
2358,Спектакльде кім,Кто играет в спектакле?,Who is playing in the,B1
2359,аялдамада,на остановке,аt the stop,B1
2360,троллейбус,троллейбус,trolley bus,B1
2361,трамвай,трамвай,"tram, tramway",B1
2362,метро,метро,"subway, underground",B1
2363,автотұрақ,автостоянка,parking,B1
2364,автобус,автобус,bus,B1
2365,кітап бастыру,кногоиздание;,book-printing,B1
2366,орманшаруашылығы,лесоводство,forestry,B1
2367,ағаш дайындау,лесозаготовка,logging,B1
2368,ағаш құлату,лесоповал,felling,B1
2369,сабын қайнату; сабын,мыловарение,soap making,B1
2370,қант қайнату,"выварка сахара, варка",sugaring,B1
2371,көмір шығару,угледобыча,coal mining,B1
2372,кәсіп; тірлік,ремесло; промысел; работа,activity; work,B1
2373,иіру,прядение; витье; рукоделие,spinning,B1
2374,сыра қайнату; сыра ашыту,пивоварение,brewing,B1
2375,шарап ашытушылық,виноделие,winemaking,B1
2376,тұз қайнату,солеварение; выварка соли; вываривать соль,salting,B1
2377,жібек иіру,щелкопрядение,click-spinning,B1
2378,жүн иіру,щерстопрядение,spinning,B1
2379,вагон жасау,вагоностроение,car building (wagon construction),B1
2380,жеңіл индустрия,легкая индустрия,light industry,B1
2381,кеме жасау,кораблестроение,shipbuilding,B1
2382,ағаш өнеркәсібі,лесопромышленность,forest products industry,B1
2383,машина жасау,машиностроение,mechanical engineering,B1
2384,халық шаруашылығының маңызды салалары,важнейшие отрасли народного хозяйства,the most important branches of the national economy,B1
2385,мал шаруашылығы саласы,отрасль животноводства,animal husbandry sector,B1
2386,жол салу,строительство дорог,constraction of roads,B1
2387,құрылыста жұмыс істеу,работать на строительстве,works of constraction,B1
2388,темір жол салу,строительство железных,railway construction,B1
2389,ғимараттар құрылысы,строительство зданий,construction of buildings,B1
2390,отандық өндіруші,отечественный,domestic manufacturer,B1
2391,тауар,товар,product,B1
2392,cүт өнімдері,молочные продукты,dairy (products),B1
2393,сапалы,качественный,qualitative,B1
2394,ұзақ,долго; продолжительно,long,B1
2395,тұрақты,постоянный; стабильный;,constant,B1
2396,жүлде,приз,prize,B1
2397,ұлттық байқау,национальный конкурс,national contest,B1
2398,абыройлы,авторитетный;,authoritative,B1
2399,ұқсастық,сходство,resemblance,B1
2400,ерекешелену,обособляться; особо,detach oneself,B1
2401,басымдық беру,приоритет,a priority,B1
2402,мән беру,придавать значение,attach importance,B1
2403,үлес қосу,вносить лепту; вклад,contribute,B1
2404,тағайындау,назначать,assign,B1
2405,жүз шақты,около ста,about a hundred,B1
2406,озып шығу,опередить,get ahead of,B1
2407,жоғары дәреже,высокий статус,high status,B1
2408,жеңіп алу,выиграть,win,B1
2409,үміткер,претендент,contender,B1
2410,ие болу,достичь; добиться; быть,have,B1
2411,санат,категория,category,B1
2412,тұтыну,потребление,consumption,B1
2413,тұтынушы,потребитель,consumer,B1
2414,тексеруші,проверяющий,inspection,B1
2415,тарап,сторона,side,B1
2416,беделді,авторитетный;,authoritative,B1
2417,түзету,корректировать;,rectify; correct,B1
2418,келісуші,согласующий;,negotiating,B1
2419,әмбебап,универсальный,universal,B1
2420,сатып алушы,покупатель,buyer,B1
2421,жарамдылық,годность; пригодность,suitability,B1
2422,ың-шың; абыр-дабыр,гам; шум,noise,B1
2423,рахаттану,наслаждаться,enjoy,B1
2424,ойлап табу,придумывать,invent,B1
2425,өнертабыс,изобретение,invention,B1
2426,ізім-қайым жоғалу,пропавший без вести,missing,B1
2427,ұрлық,воровство; кража,theft,B1
2428,ұсталу,задержание,detention,B1
2429,кінәлі,виновный,guilty,B1
2430,ендеше,если так; в таком случае;,in this case,B1
2431,бәрекелді!,браво; здорово!,bravo; great,B1
2432,шіркін!,о!; эх! (выражение чувства,eh,B1
2433,жарайсың,молодец,well done,B1
2434,жалақы,заработная плата,wage; salary,B1
2435,дайын өнім,готовая продукция,finished products,B1
2436,өндіруші,производитель,manufacturer,B1
2437,жасалу,делаться; изготовляться,be made,B1
2438,нарық,рынок,market,B1
2439,ұлттық нақыш,национальный колорит,national character,B1
2440,іс,дело,a businness,B1
2441,өңір,регион,region,B1
2442,жолықтыру,встретить,meet,B1
2443,күмбірлеу,звучать приглушенно,sound muffled,B1
2444,жөн,верно; правильно,right,B1
2445,қолға тию,попадание в руки,getting into hands,B1
2446,туынды,произведение,composition,B1
2447,жұмыспен қамту,обеспечение работой,to provide job,B1
2448,өндіріс,производство,production,B1
2449,болашақ,будущее,future,B1
2450,шынайы,настоящий; истинный,present,B1
2451,әкімшілік,администрация,administration,B1
2452,риза,согласный; довольный,consonant,B1
2453,есеп қағазы,бумажный отчет,paper report,B1
2454,дақ,пятно,spot,B1
2455,шағым,жалоба; просьба,a complaint,B1
2456,тегін,бесплатный,free,B1
2457,иемдену,овладевать,seize,B1
2458,қолжетімді,доступный,available,B1
2459,экономика саласына,"слова, связанные с",economics related words,B1
2460,салымшы,вкладчик,tax,B1
2461,салық,налог,taxpayer,B1
2462,салық төлеуші,налогоплательщик,possessor,B1
2463,жеке меншік иесі,собственник,benefactor,B1
2464,депозит салушы,депонент,depositor,B1
2465,қарыздар,должник,debtor,B1
2466,үлескер,дольщик,interest-bearer,B1
2467,ереуілші,забастовщик,striker,B1
2468,мұра қалдырушы,завещатель,testator,B1
2469,"асыраудағы, қараудағы",иждивенец,dependent,B1
2470,"бір іске, кәсіпке капитал",инвестор,investor,B1
2471,қарыз беруші,кредитор,creditor,B1
2472,алпауыт,магнат,magnate,B1
2473,мұнай магнаты,нефтяной магнат,oil tycoon,B1
2474,делдал,маклер,broker,B1
2475,мұрагер,наследник,heir,B1
2476,көтерме саудагер,оптовик,wholesaler,B1
2477,жарнашы,пайщик,shareholder,B1
2478,төлеуші,плательщик,payer,B1
2479,жалдаушы; мердігер,подрядчик,contractor,B1
2480,құрылыстағы мердігер,подрядчик в строительстве,contractor for the,B1
2481,кепілгер,поручитель,construction,B1
2482,жеткізуші,поставщик,mediator,B1
2483,"бақылаушы, ревизор",ревизор,provider,B1
2484,қаржы,финансы,owner,B1
2485,жарна,взносы,finance,B1
2486,салым,вклад,fee,B1
2487,қосымша шығындар,дополнительные затраты;,contribution,B1
2488,бағам,расходы,additional expenses,B1
2489,қолма-қол ақша,курс,currency rate,B1
2490,баж салығы,процент,percent,B1
2491,жәрдемақы,пошлина,tax,B1
2492,алғы төлем,пособие,"benefit,  allowance",B1
2493,жанама салық; акциз,аванс,prepaid expense,B1
2494,пара,акциз,excise duty,B1
2495,шегеру,штраф,fine,B1
2496,"кепілдеме, кепілақы",вычет,deduction,B1
2497,ұсталған шығын,задаток,deposit,B1
2498,"импорт, шеттен әкелу",издержки,costs,B1
2499,қазына,импорт,import,B1
2500,мемлекеттік қазына,казна,"treasury, coffers",B1
2501,қаржылық салымдар,государственная казна,state treasury,B1
2502,пәтерақы,капиталовложения,investments,B1
2503,"қойма, көмбе, қазына",квартплата,rent,B1
2504,несие,склад; помещение; клад,hoard,B1
2505,үстеме,кредит,credit,B1
2506,"қор, жинақ, қорлану",надбавка,surcharge,B1
2507,үстеме баға,накопление,accumulation,B1
2508,ҚҚС (қосылған құн,наценка,extra charge,B1
2509,салығы),НДС,VAT,B1
2510,"ақша жіберу, аударым",денежный перевод,money transfer,B1
2511,жинақ ақша,сбережение,saving,B1
2512,көмек; көмек қарыз,ссуда,loan,B1
2513,құн,стоимость,standing,B1
2514,сақтандыру; қамсыздандыру,страховка,insurance,B1
2515,мүлікті сақтандыру,страховка имущества,property insurance,B1
2516,сақтандыру құжаттарын рәсімдеу,оформить страховку,arrange insurance,B1
2517,көмекқаржы,субсидия,subsidy,B1
2518,мемлекеттік көмекқаржы,государственная субсидия,state subsidy,B1
2519,қайырымдылық,благотворительность,charity,B1
2520,кепіл,залог,deposit,B1
2521,жекешелендіру,приватизация,privatization,B1
2522,қаржыландыру,финансирование,financing,B1
2523,"салыстыру, жүйелеуді білдіретін критерилер шек, шекара","критерии сопоставления, систематизации граница","indicating criteria for comparison, ordering border",B1
2524,"біркелкілік, біртүрлілік",единообразие,uniformity,B1
2525,"балама, эквивалент",эквивалент,equivalent,B1
2526,"эталон, үлгі",эталон,standard,B1
2527,әлемдегі қызықты мәліметтер,интересные факты в мире,interesting facts in the world,B1
2528,назарларыңызға ұсынамыз,предлагаем вашему вниманию,we offer you,B1
2529,салмағы мен көлемі жағынан үлкен,больше по объему и весу,more by volume and weight,B1
2530,халықтың айтуынша,по словам людей,according to people,B1
2531,дұрыс пікір,правильное мнение,correct opinion,B1
2532,зерттеу жүргізген,проведено исследование,conducted research,B1
2533,ешбір кем емес,ничуть не меньше,no less than,B1
2534,анықтау,определить,to define,B1
2535,таңғажайып ағаштар,удивительные деревья,wonderful trees,B1
2536,мүмкін емес,не может быть,cannot be,B1
2537,соңғы кездері,в последнее время,during the last period,B1
2538,тиімді,выгодный,advantageous,B1
2539,пайдасы бар,полезно; полезный,to be useful,B1
2540,шынымен,на самом деле,actually,B1
2541,өз-өзіңді алдау,обманывать себя,lying to yourself,B1
2542,уақыт өлтіру,убивать время,waste time,B1
2543,ұзақ өмір сүру үшін,чтобы долго жить,to live long,B1
2544,статистикалық мәлімет,по статистическим,according to statistical data,B1
2545,медициналық,медицинские показатели,medical indicators,B1
2546,мүмкіндік,возможность,opportunity,B1
2547,зерттеу нәтижесі,результат исследования,results of research,B1
2548,нәтижені құптау/растау,подтверждение результата,confirmation of the results,B1
2549,бірнеше гипотеза,несколько гипотез,several hypotheses,B1
2550,теріс ықпал ету,отрицательное,negatively affect,B1
2551,сенімін ақтау,оправдывать веру,justify belief,B1
2552,ұятқа қалдыру,опозорить; не оправдать,shame,B1
2553,басты қасиеті,основное качество,main qualities,B1
2554,сену,верить,believe,B1
2555,куә болу,быть свидетелем,to be a witness,B1
2556,қызықты оқиға,интересное событие,interesting event,B1
2557,таңғалдыру,удивлять,surprise,B1
2558,алып ара тұқымы,порода гигантских пчел,breed of giant bees,B1
2559,сүт беретін ағаш,молочная древесина,dairy wood,B1
2560,айнымау,быть похожим,to be like,B1
2561,жағымсыз ойлардан,избавление от негативных,empty mind of negative,B1
2562,арылу,мыслей,thoughts,B1
2563,жолын табу,найти способ,find a way,B1
2564,пайдалануға болады,может использоваться,can be used,B1
2565,сенуі қиын (жаңалық),трудно поверить,cannot believe,B1
2566,басқаша айтқанда,другими словами,in other words,B1
2567,жадыны өшіру,удалить память,free memory,B1
2568,бір-біріне ұқсас,похожие друг на друга,similar to each other,B1
2569,ең кішкентай,самый маленький,the smallest,B1
2570,ең үлкен,самый большой,the biggest,B1
2571,ең ауыр,самый тяжелый,the heaviest,B1
2572,ең қымбат,самый дорогой,the most expensive,B1
2573,ең бай,самый богатый,the richest,B1
2574,Гиннес рекордтар кітабы,книга рекордов Гиннеса,The Guinness Book of,B1
2575,кітапқа енген,внесен в книгу,to be entered in book,B1
2576,кейінгі тізім,последующий список,further list,B1
2577,рас,правда,true,B1
2578,өтірік,ложь,lie,B1
2579,жалған мәлімет,ложная информация,false information,B1
2580,әлемді дүр сілкіндіру,шокировать мир,shocking the world,B1
2581,бұрынырақ,пораньше,early,B1
2582,бастан-аяқ,от начала до конца,from the beginning to the end,B1
2583,біршама,несколько,several,B1
2584,дерек,данные,data,B1
2585,ағза,организм,organism,B1
2586,қиындыққа ұшырау,"воздействие трудностей, оказаться в трудном положении, ситуации",impact of difficulties,B1
2587,топтастыру,группировать,to group,B1
2588,ұқсату,уподоблять; находить сходство,liken,B1
2589,ұзақтық,продолжительность,duration,B1
2590,төзімділік,терпеливость,patience,B1
2591,мазасыздық,беспокойство; тревога,anxiety,B1
2592,маусымдық,сезонные,seasonal,B1
2593,сөз қылу,говорить; судачить; обсуждать,speak,B1
2594,ықпал ету,влияние,influence,B1
2595,шапшаңдық,скорость,rapidity,B1
2596,"минерал, асыл тастар, металға қатысты ұғымдар","минералы, драгоценные камни, слова, связанные с металлом","minerals, precious stones, words related to metal",B1
2597,саз,глина,"clay, clunch",B1
2598,бетон,бетон,concrete,B1
2599,гипс,гипс,plaster,B1
2600,пластмасса,пластмасса,plastic,B1
2601,табиғи силикаттар,природные силикаты,natural silicates,B1
2602,силикаттардан жасалған құрылыс материалдары,строительные материалы из силикатов,building materials from silicates,B1
2603,кесек,брусок,bar,B1
2604,кесек алтын,брусок золота,a bar of gold,B1
2605,өртелген кірпіш,обоженный кирпич,adorned brick,B1
2606,алмаз,алмаз,diamond,B1
2607,"анартас, гранит",гранит,granite,B1
2608,жақұт,сапфир,sapphire,B1
2609,зүбаржат,изумруд,emerald,B1
2610,зүбаржат жүзік,перстень с изумрудом,ring with emerald,B1
2611,кәріптас,янтарь,amber,B1
2612,көгілдір ақық,бирюза,turquoise,B1
2613,металдар,металлы,metals,B1
2614,темір,железо,iron,B1
2615,қорғасын,свинец,lead,B1
2616,қалайы,олово,tin,B1
2617,алюминий,алюминий,aluminium,B1
2618,қола,бронза,bronze,B1
2619,мыс,медь,copper,B1
2620,"суға, табиғи апатқа","слова, относящиеся","words related to water, to",B1
2621,қатысты қолданылатын,"к воде, природным",force of nature,B1
2622,ағыс,течение,water area,B1
2623,су кеңістігі,водное пространство,storage reservioir,B1
2624,су қоймасы,водохранилище,water area,B1
2625,су айдын,акватория,"harbor, port",B1
2626,айлақ,гавань,"natural elements, force of",B1
2627,көшкін,лавина,avalanche,B1
2628,қалдықтар,отходы,waste products,B1
2629,шаң,пыль,dust,B1
2630,қоқыс,мусор,rubbish,B1
2631,темір қалдықтары,металлолом,scrap metal,B1
2632,қағаз қалдықтары,макулатура,waste paper,B1
2633,күл қоқыс,зола,ashes/leach,B1
2634,сұйықтық және май заттарына қатысты қолданылатын сөздер иіссу,слова применяемые касательно масел и жидкостей духи,words related to liquids and oils,B1
2635,сұйықтық,жидкость,liquid,B1
2636,тұздық,рассол,brine,B1
2637,ащы тұздық,подливка; соус; острый соус,strong brine,B1
2638,ерітінді,раствор,solution,B1
2639,қышқыл (хим.),кислота,acid,B1
2640,сия,чернила,ink,B1
2641,спирт,спирт,alcohol,B1
2642,ағаш спирті,древесный спирт,wood alcohol,B1
2643,мүсәтір спирті,нашатырный спирт,ammonia,B1
2644,майлы заттар,"маслянистые, жировые вещества","oily, fatty substances",B1
2645,иісмай,крем,cream,B1
2646,жақпа май,мазь,ointment,B1
2647,далап,помада,lipstick,B1
2648,"газ, сыйымдылықты білдіретін заттар газ","предметы означающие газ, емкости газы",words related to gas and compressibility gases,B1
2649,сутегі,водород,hydrogen,B1
2650,түтін,дым,smoke,B1
2651,оттегі,кислород,oxygen,B1
2652,бу,пар,steam,B1
2653,ыстық бу,горячий пар,hot steam,B1
2654,күкіртті сутегі,сернистый водород,hydrogen sulphide,B1
2655,оттегі баллоны,кислородный баллон,oxygen balloon,B1
2656,газ баллоны,газовый балон,gas bottle (container),B1
2657,"шыны сауыт, колба",колба,glass bulb,B1
2658,"құты, фляга",фляга,flask,B1
2659,жорық құтысы,походная фляга,camping jar,B1
2660,сандық,сундук,chest,B1
2661,жәшік,ящик,box,B1
2662,қара жәшік,черный ящик,black box,B1
2663,картон жәшік,картонный ящик,cardboard box,B1
2664,ағаш жәшік,деревянный ящик,wooden box,B1
2665,адамның,интелектуальные,intellectual qualities of a,B1
2666,интеллектуалдық,качества человека,person,B1
2667,елестету,воображение,imagination,B1
2668,парасат; интеллект,интеллект,intelligence,B1
2669,дүниені сезіну,мироощущение,attitude,B1
2670,хабардарлық; білгендік,осведомленность,awareness,B1
2671,тапқырлық,остроумие,wit,B1
2672,ақыл-парасат; сана,разум,mind,B1
2673,пайым-парасат,рассудок,"common sense, mind",B1
2674,өзін өзі тану,самопознание,self-knowledge,B1
2675,әйелдер киімі,женская одежда,ladie’s wear,B1
2676,ерлер киімі,мужская одежда,men’s wear,B1
2677,балалар киімі,детская одежда,children’s wear,B1
2678,нәресте киімі,"одежда для младенцев, новорожденных",baby clothes,B1
2679,шомылу киімі,купальник; пляжная одежда,beachwear,B1
2680,спорт киімі,спортивная одежда,sport wear,B1
2681,ұйықтауға арналған киім,одежда для сна; пижама,sleep wear,B1
2682,қыстық киім,зимняя одежда,winter clothes,B1
2683,жаздық киім,летняя одежда,summer clothes,B1
2684,күнделікті киім,повседневная одежда,casual clothes,B1
2685,"салтанатты кеште, қабылдауларда киетін киім",одежда для торжественных вечерних приёмов,formal clothes,B1
2686,қымбат киім,дорогая одежда,expensive clothes,B1
2687,арзан киім,дешевая одежда,cheap clothes,B1
2688,мерекелік киім,праздничная одежда,best clothes,B1
2689,"көне, тозған киім",ветхая поношенная одежда,shabby clothes,B1
2690,дизайнерлік киім,дизайнерская одежда,designer clothes,B1
2691,қол жұмысымен тігілген киім,одежда ручной работы,hand - made clothes,B1
2692,бейсболка ( күнқағары бар,бейсболка,baseball cap,B1
2693,берет,берет,beret,B1
2694,дулыға,шлем,helmet,B1
2695,кубанка бөрік,кубанка,men’s fur hat,B1
2696,күнқағар,козырек,visor,B1
2697,құлақшын,шапка-ушанка,hat with ear flaps,B1
2698,малақай,шапка (малахай),a cap,B1
2699,сәлде,чалма,turban,B1
2700,телпек,чепчик,bonnet,B1
2701,үшкіл орамал,косынка,kerchief,B1
2702,шәлі,шаль,shawl,B1
2703,сыртқы киім,верхняя одежда,outerwear/ overclothes,B1
2704,жадағай,плащ,raincoat,B1
2705,ішік,шуба,coat,B1
2706,қамзол,камзол,women’s waistcoat,B1
2707,мамықтан жасалған сырт,пуховик,down jacket,B1
2708,қыстық  пальто,зимнее пальто,winter coat,B1
2709,жылы пальто,теплое пальто,warm coat,B1
2710,шаңғы костюмі,лыжный комбинезон,snowsuit,B1
2711,"киім, ішкиім","одежда, белье","clothes, underclothes",B1
2712,бешпет,жакет/пиджак,coat/jacket,B1
2713,бәтеңке,ботинки/туфли,shoes,B1
2714,қосымша тұтыну заттары галстук,аксессуары,accessories,B1
2715,қол сөмке,сумочка,small  bag,B1
2716,белдік,пояс,belt,B1
2717,беторамал,носовой платок,handkerchief,B1
2718,биялай,варежки,mittens,B1
2719,қалталы,с карманами,with pockets,B1
2720,түймелі,с пуговицами,with buttons,B1
2721,жағалы,с воротником,with a collar,B1
2722,"мата түрлері, оны пайдалануға қатысты сөздер мақта",слова применяемые касательно видов тканей и использования их хлопок,tissue types and words refered to its usage,B1
2723,мата,ткань,tissue,B1
2724,киіз,войлок,felt,B1
2725,жүн мата,шерсть,wool,B1
2726,атлас,атлас,atlas,B1
2727,барқыт,бархат,velvet,B1
2728,баршын,парча,brocade,B1
2729,бәтес,батист,batiste,B1
2730,бөз,бязь,coarse calico,B1
2731,бүртік,букле,boucle,B1
2732,ватин (жылы астар),ватин,batting,B1
2733,дәке,марля,gauze,B1
2734,жасанды жібек,вискоза,viscose,B1
2735,жұмсақ тері; күдері,замша,suede,B1
2736,кенеп,полотно,canvas,B1
2737,крепдешин (жұқа жібек,крепдешин,crepe de chine,B1
2738,қыжым,плюш,plush,B1
2739,лавсан,лавсан,lavsan,B1
2740,масаты,велюр,velours,B1
2741,помази (түкті мақта мата),бумазея,paper,B1
2742,сәтен,сатин,satin,B1
2743,суретті кілем,гобелен,tapestry,B1
2744,торғын (селдір жібек,тонкий шелк,silk,B1
2745,шибарқыт,вельвет,velveteen,B1
2746,шілтер,кружева,laces,B1
2747,шыт,ситец,chintz,B1
2748,шашақ,бахрома,fringe,B1
2749,кесте,вышивка,embroidery,B1
2750,жең бүкпесі,манжет,cuffs,B1
2751,домалақ шашақ,помпон,pompon,B1
2752,сәнгер,модельер,fashion designer,B1
2753,қазақы,"казахский(ая, ое, ие)",kazakh,B1
2754,әшекей бұйым,ювелирные изделия,jewelry,B1
2755,сәндік,"наряд, украшение",outfit,B1
2756,жетерлік,достаточно,in sufficient,B1
2757,қатысушы,участник,participant,B1
2758,шығарушы,изготовитель,manufacturer,B1
2759,табысты,успешный,successful,B1
2760,брендті,брендовый,branded,B1
2761,өзгеріс,изменение,change,B1
2762,"иегер, иесі",владелец,owner,B1
2763,қазақи рух,казахский дух,the Kazakh spirit,B1
2764,кәдімгі,обыкновенный; обычный,ordinary,B1
2765,топтама,коллекция,collection,B1
2766,сіңу,впитываться; всасываться,soak in,B1
2767,өлшем,размер,the size,B1
2768,ырым,примета,sign,B1
2769,талғампаз,разборчивый;,legible,B1
2770,сәнді киіну,модно одеваться,to wear trendy clothes,B1
2771,келістіре кию,одеваться по вкусу,to have taste in clothing,B1
2772,сезіну,"чувствовать,",feel,B1
2773,сәндеу,украшать,decorate,B1
2774,қадам басу,шагать,step,B1
2775,әлемге таныту,представлять на  весь мир,present to the world,B1
2776,желбегей жамылу,накинуть на себя,thrown on,B1
2777,құпия ұстау,держать в секрете,keep a secret,B1
2778,жалығып кету,утомиться; скучать; скука,to get bored,B1
2779,ақсүйек,аристократ,aristocrat,B1
2780,жарқын,яркий,bright,B1
2781,екпінді,порывистый; сильный;,strong; impetuous,B1
2782,көзге түсу,попадаться в глаза,come across in the eye,B1
2783,көзі шалу,замечать,notice,B1
2784,қайта оралу,"возвращаться вновь,",come back again,B1
2785,жалғасын табу,найти продолжение,find a sequel,B1
2786,жүріс-тұрыс,поведение,behavior,B1
2787,жарасымды,подходящий; ладный; к,suitable,B1
2788,синтетикалық киім,синтетическая одежда,synthetic clothing,B1
2789,өзгеріс әкелу,внести изменение,lead to change,B1
2790,елеулі,значительный;,significant,B1
2791,қатысы бар,имеет отношение (к ...),relates to,B1
2792,бірте-бірте,постепенно,gradually,B1
2793,сәтті,"успешно, успешный",successfully,B1
2794,шыдамдылық,терпение,patience,B1
2795,жылдам жүру,ходить быстро,walk fast,B1
2796,баяу жүру,ходить медленно,walk slowly,B1
2797,қолға алу,взять в руки,pick up,B1
2798,қолма-қол төлеу,платить наличными,pay in cash,B1
2799,танымдылық,познавательность,popularity,B1
2800,заман ағымы,поток времени,time flow,B1
2801,қызмет түрі,вид  деятельности,kind of activity,B1
2802,жүгіну,обращение,recourse,B1
2803,киіп көру,примерить,try on,B1
2804,кербездік,элегантность,elegance,B1
2805,құмарту,пристраститься;,get addicted to,B1
2806,айқындау; анықтау,выяснение; определение;,ascertaining,B1
2807,Жақсылыққа киіңіз!,Носите на здоровье!,Wear with pleasure!,B1
2808,сәнді түйреуіш,брошка,brooch,B1
2809,моншақ,бусы,beads,B1
2810,"веер, желпуіш",веер,fan,B1
2811,жеңілгек,запонка,stud,B1
2812,мойыналқа,кулон,pendant,B1
2813,палау күріш сорпа жалбыз бұрыш тұз қыша күнжіт,плов рис бульон мята перец соль горчица кунжут,plov rice broth mint pepper salt mustard sesame,B1
2814,қырыққабат сарымсақ қияр қызанақ қауын қарбыз шалғам қызылша асқабақ,капуста чеснок огурец помидор дыня арбуз редиска свекла тыква,cabbage garlic cucumber tomoto melon water melon radish beet pumpkin,B1
2815,жеміс-жидек,фрукты и ягоды,fruit and berry,B1
2816,бүлдірген,земляника,strawberries,B1
2817,қаражидек,черника,blueberry,B1
2818,қарақат,смородина,currant,B1
2819,қараөрік,слива,plum,B1
2820,таңқурай,малина,raspberry,B1
2821,кәмпит,конфеты,candy,B1
2822,жент,жент,zhent,B1
2823,шарап,вино,wine,B1
2824,бір қайнатым,заварка,boil,B1
2825,шәрбәт (жеміс шырыны),сироп,sirup,B1
2826,майлы айран,ряженка,buttermilk,B1
2827,"қатық, ұйыған сүт",простокваша,curdled milk,B1
2828,сыра,пиво,beer,B1
2829,кілегей,сливки,cream,B1
2830,тағам құрамына,"понятия, касательно",words refered to dish,B1
2831,балғындық,свежесть; сочность,freshness,B1
2832,бағаламау,недооценивать,underestimate,B1
2833,бас тарту,отказ,renouncement,B1
2834,дұрыс тамақтану,правильное питание,proper nutrition,B1
2835,газдалған су,газированная вода,sparkling water,B1
2836,жақсарту,улучшать,improve,B1
2837,жапсырма,"наклейка, нашивка",sticker,B1
2838,жапсырмалы,клеящийся,sticky,B1
2839,жасыру,прятать; скрывать,hide,B1
2840,жегізу,кормить; давать есть,to feed,B1
2841,жергілікті,местный,local,B1
2842,жеткіліксіз,недостаточный,lack,B1
2843,жұмсару,смягчаться,soften,B1
2844,жүйке жүйесі,нервная система,nervous system,B1
2845,жігерлендіруші күш,вдохновляющая сила,inspirational force,B1
2846,зақымдану,повреждение,damage,B1
2847,кері әсерін тигізу,обратная реакция,bad influence,B1
2848,көмекке зәру,нуждающийся в  помощи,needy,B1
2849,көмірсу,углевод,carbohydrate,B1
2850,көңіл көтеру,развлекаться,amuse oneself,B1
2851,көңіл-күйі көтерілу,поднимать настроение;,cheer up,B1
2852,қағида,принцип,principle,B1
2853,қайсыбір,некоторый; иной; другой,some,B1
2854,қалыпты жағдай,нормальное условие,normal condition,B1
2855,қарбалас,суета; суматоха; спешка,rush,B1
2856,қартаю,стареть; стариться,get old,B1
2857,қатаю,затвердевать,cobble,B1
2858,қауіпсіз,безопасно,safely,B1
2859,қиынға соғу,осложняться (о деле);,meet an obstacle,B1
2860,құлшыныс,рвение,zeal,B1
2861,құрамы,состав,composition,B1
2862,мезгілінен бұрын,преждевременно,prematurely,B1
2863,минералды дәрі,минеральное лекарство,mineral remedy,B1
2864,минералды тұз,минеральная соль,mineral salt,B1
2865,мұздатылған жеміс,замороженные фрукты,frozen fruit,B1
2866,мінез-құлқы өзгеру,поведенческие изменения,behavioral changes,B1
2867,несеп жолы,мочеточник;,ureter,B1
2868,несібе,благо (предназначенное,unhealthy,B1
2869,нығаю,укрепление; усиление,strengthening,B1
2870,өзгеріске ұшырау,изменяться,change,B1
2871,өсіру,"растить; выращивать,",raise,B1
2872,реттеу,регулирование,regulation,B1
2873,салауатты өмір сүру,вести здоровый образ,lead a healthy lifestyle,B1
2874,салауатты тамақтану,здоровое питание,healthy eating,B1
2875,семіздік,жирность; полнота,fat content,B1
2876,сергек жүру,ходить бодро,walk cheerfully,B1
2877,сүтті коктейль,молочный коктейль,milk shake,B1
2878,сілекей қабығы,оболочка слюны,saliva shell,B1
2879,табиғи өнім,натуральный продукт,natural product,B1
2880,тамақтану режимі,режим питания,diet,B1
2881,таңбалау,"маркировка, делать метку",label,B1
2882,тәуелді болу,зависеть,depend,B1
2883,тез айығып кету,быстрое выздоровление,fast recovery,B1
2884,тез дайын болатын,продукты (пища) быстрого,fast food,B1
2885,теңіз өнімдері,морепродукты,seafood,B1
2886,тойып жеу,наедаться (досыто),overeat,B1
2887,тыңайтқыш,удобрение,fertilizer,B1
2888,тіл үйіру,быть вкусным (о пище);,be delicious,B1
2889,ұйқы безі,поджелудочная железа,pancreas,B1
2890,ұйықтар алдында,перед сном,before bedtime,B1
2891,ұсынушы,предъявитель,bearer,B1
2892,ұшырау,подвергаться,be subjected to,B1
2893,химиялық қоспа,химические добавки,chemical additives,B1
2894,шектен тыс,чрезмерное,excessive,B1
2895,шөлін қандыру,утолять жажду,quench somebody’s thirst,B1
2896,шіру,гнить,rot,B1
2897,"сөйленіс, сөйлеу",говор; артикуляция;,talk,B1
2898,"сұхбат, диалог",диалог,dialog,B1
2899,"мақам, дикция",дикция,diction,B1
2900,жақсы дикция,хорошая дикция,good diction,B1
2901,кірме сөз,заимствованое слово,"borrowings, loan words",B1
2902,дауыс ырғағы,интонация,intonation,B1
2903,қазақ жазуы,казахская писменность,the Kazakh writing,B1
2904,"қарапайым тіл, тұрмыстық",просторечие,vernacular,B1
2905,әліппе,азбука,ABC,B1
2906,әліпби,алфавит,alphabet,B1
2907,"дәйекше, апостроф",апостроф,apostrophe,B1
2908,қанат белгісі,галочка,check mark,B1
2909,таңба,гриф,vulture,B1
2910,белгі,знак,sign,B1
2911,иеорглиф,иероглиф,hieroglyph,B1
2912,есім,имя,name,B1
2913,инициалы (аты-жөнінің,инициалы,initials,B1
2914,"қолтаңба, қол қою",подпись,signature,B1
2915,дұрыс жазу ережесі,правописание,spelling,B1
2916,айтарлықтай,существенно,substantially,B1
2917,алаңдаушылық білдіру,выражение беспокойства,expressions of anxienty,B1
2918,артық көру,считать излишним;,consider the best,B1
2919,ауылдық жер,сельская местность,countryside,B1
2920,әлеуметтік көмек,социальная помощь,social help,B1
2921,бейімдеу орталығы,адаптационный центр,adaptation center,B1
2922,білім ордасы,учебное заведение,educational institution,B1
2923,білім ісі,дело образования,case of education,B1
2924,білімді ұрпақ,образованное поколение,educated generation,B1
2925,грант иесі,обладатель гранта,grant holder,B1
2926,ғылыми мақала,научная статья,research article,B1
2927,дене бітімі,телосложение,body type,B1
2928,жадында ұстау,запомнить,remember,B1
2929,жазба әдебиеті,письменная литература,written literature,B1
2930,жалпы орта білім,общее среднее,general secondary education,B1
2931,жалпы саны,общее количество,total,B1
2932,жаңашыл педагог,педагог-новатор,pedagogue-innovator,B1
2933,жаратылу,создание,creature,B1
2934,жариялау,публиковать,publish,B1
2935,жарқын болашақ,светлое будущее,bright future,B1
2936,жоғары көрсеткіш,высокий показатель,high rate,B1
2937,жол ашу,открыть дорогу,open the road,B1
2938,жүйрік,быстрый,fast,B1
2939,заңтану,юриспруденция,jurisprudence,B1
2940,зерттеуші,исследователь,researcher,B1
2941,игеру,осваивать; овладевать;,cope,B1
2942,иелену,владение,proficiency,B1
2943,кедергі,препятствие; преграда;,let,B1
2944,кепілдік,гарантия,guarantee,B1
2945,күнкөріс деңгейі,прожиточный минимум,living wage,B1
2946,қазақ даласы,казахские степи,the Kazakh steppes,B1
2947,қазақ зиялылары,казахская интеллигенция,the Kazakh intelligentsia,B1
2948,қалану,складываться; быть,"develop, set in motion",B1
2949,қамқорлық,опека,guardianship,B1
2950,қатысу,участие,participation,B1
2951,қолданбалы,прикладной,applied,B1
2952,құрастырушы,составитель,originator,B1
2953,құрмет көрсету,оказывать честь; отдавать,give the honor,B1
2954,мәре-сәре болу,радоваться,rejoice,B1
2955,мектеп бітіру,заканчивать школу,finish school,B1
2956,міндетті,обязанный,indebted,B1
2957,нәтижелі,плодотворный;,effective,B1
2958,негізгі,основные,basic,B1
2959,ойдағыдай,как следует; как,as expected,B1
2960,ойлау қабілеті,способность мыслить,ability to think,B1
2961,оқу мерзімі,срок обучения,training period,B1
2962,орта білім,среднее образование,secondary education,B1
2963,орташа табыс,средний доход,average income,B1
2964,өнерсүйгіш,любитель искусства,art lover,B1
2965,пәнаралық,междисциплинарный,inderdisciplinary,B1
2966,профессорлық-,профессорско-,faculty,B1
2967,саты,ступень,stage,B1
2968,сенімін жоғалтпау,не терять доверие,do not lose confidence,B1
2969,табылу,обнаружение,detection,B1
2970,табысты тапсыру,успешная сдача,successful delivery,B1
2971,талғам,вкус,taste,B1
2972,тәмамдау тәрбиеленуші тіл мәдениеті ұран ұрыспау ұстаздық ету үй тапсырмасы шеберлік шектеулі шешендік өнер іргелі білік-дағды үлгермеушілік үлгерім,завершать; заканчивать воспитанник языковая культура лозунг не ругать наставлять; поучать домашнее задание мастерство ограниченный ораторское искусство фундаментальный навык неуспеваемость успеваемость,"complete pupil language culture slogan do not argue admonish, to be a mentor homework craftsmanship limited oratory fundamental skill underachievement academic performance",B1
2973,ондаған,десятки,dozens,B1
2974,жүздеген,сотни,hundreds,B1
2975,он-оннан,по десять; десятками,ten to ten,B1
2976,мыңдаған,тысячи,thousands,B1
2977,онша емес,не очень-то,less,B1
2978,едәуір,значительный,considerable,B1
2979,білімдар,эрудит,scholar,B1
2980,"скептик (күдікшіл, еш",скептик,skeptic,B1
2981,құжатайналымы,документооборот,document flow,B1
2982,"әрекет, процестерге",по отношению к какому-,"in relation to any process,",B1
2983,қатысты,"либо процессу, действию",action,B1
2984,адамдардың мазасын алу,мешать окружающим,to disturb people around,B1
2985,сенімхат,доверенность,power of attorney,B1
2986,нотариалды расталған,нотариально заверенная,notary certified,B1
2987,әрекет,попытка,attempt,B1
2988,сенім білдіруші,доверитель,principal,B1
2989,толық мәлімет,полная информация,full information,B1
2990,мөр,печать,printing,B1
2991,қаржылық құжат,финансовый документ,financial document,B1
2992,құқылы,имеет право,has the right to,B1
2993,растау,подтверждение,the confirmation,B1
2994,өкілдік ету,представительство,representation,B1
2995,мүлік,имущество,property,B1
2996,келісім,соглашение,agreement,B1
2997,дәлелді себеп,уважительная причина,a respectful reason,B1
2998,атқара алмау,невыполнение,non-fulfillment,B1
2999,зейнетақы,пенсия,pension,B1
3000,ақша аудару,денежные переводы,money transfers,B1
3001,үй ауыстыру,замена дома,replacement of,B1
3002,сенімді өкіл,надежный представитель,reliable representative,B1
3003,кәсіпкерлік,предпринимательство,"business,",B1
3004,есепшот,счеты,account,B1
3005,кадрлық қызмет,кадровая служба,personnel service,B1
3006,жалдау,аренда,lease,B1
3007,сенім арту,оказать доверие,give credence to,B1
3008,арыз,жалоба,a complaint,B1
3009,хаттама,протокол,protocol,B1
3010,еңбек келісімі,трудовое соглашение,contract of emloyment,B1
3011,мінездеме,характеристика,characteristic,B1
3012,қызметтік хат,служебное письмо,business letter,B1
3013,жарғы,указ,ordinance,B1
3014,қаулы,постановление,decree,B1
3015,алқалық,коллегиальный,collegial,B1
3016,өкім,приговор,sentence,B1
3017,лауазым,должность,post,B1
3018,мәміле,согласование; соглашение,agreement,B1
3019,шарт,договор,contract,B1
3020,тоқтату,прекращение,termination,B1
3021,еңбек дауы,трудовой спор,labor dispute,B1
3022,өзгеріс енгізу,внести изменения,make changes,B1
3023,тармағы,пункт,paragraph,B1
3024,ұзарту,продлить,extend,B1
3025,созу,тянуть,to pull,B1
3026,құқықтық,правовой,legal,B1
3027,заңды күші бар,имеет силу закона,has the force of law,B1
3028,қызметтік міндет,служебная обязанность,duty,B1
3029,шартты атау,условное название,conventional name,B1
3030,сипат,свойство,property,B1
3031,біліктілік дәреже,квалификация,qualification,B1
3032,мағлұмат,информация,information,B1
3033,ерекше жағдай,особый случай,a special case,B1
3034,қайта қарау,пересмотреть,review,B1
3035,мұқият,тщательно,carefully,B1
3036,жұмыс беруші,работодатель,employer,B1
3037,жазбаша түрде,в письменной форме,in writing,B1
3038,дер кезінде,своевременно,in a timely manner,B1
3039,белгісіз,неизвестный,unknown,B1
3040,материалдық көтермелеу,материальный стимул,material incentives,B1
3041,безендіру жұмысы,отделочные работы,decoration work,B1
3042,міндеттену,взять обязательство,commitment,B1
3043,туу туралы куәлік,свидетельство о рождении,birth cartificate,B1
3044,ұйым жетекшісі,руководитель организации,head of the organization,B1
3045,еңбек қауіпсіздігі,безопасность труда,occupational safety,B1
3046,еңбекақы,оплата труда,salary,B1
3047,ақысыз еңбек демалысы,неоплачиваемый отпуск,free paid leave,B1
3048,жауапкершілігі шектеулі,товарищество с,Limited Liability,B1
3049,серіктестік,ограниченной,Partnership,B1
3050,тіркеу,регистрация,registation,B1
3051,тұрғылықты жері,место постоянного жительства,place of residence,B1
3052,шартты бұзу,расторжение договора,termination of an agreement,B1
3053,сөзді бастауға қатысты тілдік құралдар меніңше,языковые средства связи,language communication,B1
3054,екіншіден,во-вторых,secondly,B1
3055,біздіңше,по-нашему,as we think,B1
3056,сөз басында айтқанымдай,как было упомянуто в начале,As I have at the beginning of my speech,B1
3057,"ойын, пікірін айту  үшін пайдаланылатын тілдік құралдар сондай-ақ,","языковые средства для высказывания мысли, точки зрения а также",linguistic means used to show someone’s opinion,B1
3058,әйтсе де,тем не менее,nevertheless,B1
3059,шынын айтқанда,по правде,as a matter of fact/in truth,B1
3060,турасына көшсек,по сути дела,saying straight up,B1
3061,талдай келе,проанализировав,having analyzed,B1
3062,дей тұрғанмен,тем не менее,nevertheless,B1
3063,"афоризмдерді, нақылдарды пайдаланып айту үшін қажетті тілдік құралдар Елбасы айтқандай","языковые средства для использования в речи афоризмы, изречения","linguistic means used with aphorisms, quotations",B1
3064,бабаларымыз айтпақшы,по словам наших предков,according to our ancestors,B1
3065,"ойын, пікірін салыстыру үшін пайдаланатын байланыстырушы тілдік құралдар","связывающие  языковые средства для сравнения мысли, точки зрения",linking words used to express opinion and compare ideas,B1
3066,салыстыра қарағанда,если сравнить,comparing with,B1
3067,адамның эмоциясын бағалауды білдіретін тілдік құралдар,"языковые средства, позволяющие оценить эмоциональное состояние человека к моему счастью",language patterns expressing emotions,B1
3068,ойымды жинақтайтын болсам,подводя итоги сказанного,finally,B1
3069,ойымды жинақтай келе айтарым,таким образом,in summary,B1
3070,атмосфера,атмосфера,atmosphere,B2
3071,ғарыштық,космический,cosmic/space,B2
3072,өзен жағасы,берег реки,bank,B2
3073,топырақ,почва,soil,B2
3074,теңіз жағалауы,морское побережье,shore,B2
3075,шығанақ,залив,gulf,B2
3076,бұғаз,пролив,strait,B2
3077,тоған,пруд,pond,B2
3078,шалшық,лужа,pool/puddle,B2
3079,жылға,ручей,brook/streem,B2
3080,қайнар көз,приток,tributary,B2
3081,саға,устье,mouth,B2
3082,География,География,Geography,B2
3083,карта,карта,map,B2
3084,компас,компас,compass,B2
3085,орын/жай,местоположение,position/location,B2
3086,бағыт,направление,direction,B2
3087,Құрлықтар,Континенты,Continents,B2
3088,Австралия,Австралия,Australia,B2
3089,Еуразия,Евразия,Eurasia,B2
3090,Америка,Америка,America,B2
3091,Африка,Африка,Africa,B2
3092,Еуропа,Европа,Europe,B2
3093,Антарктида,Антарктида,Antarctica,B2
3094,Елдер,Страны,Countries,B2
3095,Ұлыбритания,Великобритания,Great Britan,B2
3096,Аргентина,Аргентина,Argentina,B2
3097,Бразилия,Бразилия,Brazil,B2
3098,Германия,Германия,Germany,B2
3099,Мысыр,Египет,Egypt,B2
3100,Үндістан,Индия,India,B2
3101,Испания,Испания,Spain,B2
3102,Италия,Италия,Italy,B2
3103,Қытай,Китай,China,B2
3104,Корея,Корея,Korea,B2
3105,Мексика,Мексика,Mexico,B2
3106,Норвегия,Норвегия,Norway,B2
3107,Ресей,Россия,Russia,B2
3108,Финляндия,Финляндия,Finland,B2
3109,Франция,Франция,France,B2
3110,Швейцария,Швейцария,Switzerland,B2
3111,Швеция,Швеция,Sweden,B2
3112,Жапония,Япония,Japan,B2
3113,Ливия,Ливия,Libya,B2
3114,Сирия,Сирия,Syria,B2
3115,Түркия,Турция,Turkey,B2
3116,Аймақ,Зона,Zone,B2
3117,шалғын,луг,grassland/meadow,B2
3118,шабындық,степь,steppe,B2
3119,"дала, шөл",пустыня,desert,B2
3120,тау бөктері,подножие,foot,B2
3121,"дала, егістік жер",поле,field,B2
3122,алқап,долина,valley/vale,B2
3123,бедер,рельеф,relief,B2
3124,"құз, шың",пик,peak,B2
3125,Метеорология,Метеорология,Meteorology,B2
3126,ауа температурасы,температура воздуха,atmospheric pressure,B2
3127,термометр,термометр,thermometer,B2
3128,градус,градус,degree,B2
3129,барометр,барометр,barometer,B2
3130,қысым,давление,pressure,B2
3131,"Жауын-шашын,","Осадки,",Precipitation,B2
3132,табиғи құбылыстар,природные явления,"fall-out, Natural phenomena",B2
3133,суық,похолодание,fall of temperature,B2
3134,шық түсу,роса,dew,B2
3135,нөсер,ливень,heavy shower/downpour/ cloudburst,B2
3136,ылғал,влага,moisture,B2
3137,қырау,иней,hoarfrost,B2
3138,қатқақ,заморозки,light frosts,B2
3139,ылғалдылық,влажность,moisture,B2
3140,көк тайғақ,гололедица,blachice,B2
3141,күн күркіреу,гром,thunder,B2
3142,Табиғат апаттары,Стихийные бедствия,Natural disaster,B2
3143,сел,сель,mudflow/torrent,B2
3144,апат,катастрофа,catastrophe,B2
3145,жанартау атқылауы,извержение вулкана,eruption of volcano,B2
3146,эпицентр,эпицентр,epicenter,B2
3147,зардап,ущерб,damage/harm,B2
3148,Мөлшер. Көлем,Размер. Объем,Size. Dimensions,B2
3149,метр,метр,metre,B2
3150,сантиметр,сантиметр,centimeter,B2
3151,килограмм,килограмм,kilogramme,B2
3152,грамм,грамм,gramme,B2
3153,өлшеуіш,измеритель,tape measure,B2
3154,өлшем бірлігі,единица измерения,dimension,B2
3155,түбі,дно,bottom,B2
3156,қасбет,фасад,"facade, front",B2
3157,сыртқы жақ,тыл,back,B2
3158,бүтін,целое,whole,B2
3159,"жақ, тарап",сторона,side/party,B2
3160,бүйірі,бок,side,B2
3161,Пішін,Форма,Form,B2
3162,дене,тело,body,B2
3163,шар,шар,ball/sphere,B2
3164,куб,куб,cube,B2
3165,цилиндр,цилиндр,cylinder,B2
3166,конус,конус,cone,B2
3167,пирамида,пирамида,pyramid,B2
3168,призма,призма,prism,B2
3169,Жазықтық фигуралары,Плоские фигуры,Planar figures,B2
3170,жазықтық,плоскость,flatness,B2
3171,көпбұрыш,многоугольник,polygon,B2
3172,тікбұрыш,прямоугольник,rectangle,B2
3173,ромб,ромб,rhomb(us),B2
3174,жолақ,полоса,stripe,B2
3175,шек,предел,limit,B2
3176,түзу сызық УАҚЫТ,прямая линия,straight line,B2
3177,Өлшем бірліктері,Единицы измерения,Measurement,B2
3178,қоңырау сағаты,будильник,alarm clock,B2
3179,дәуір,эпоха,age/epoch,B2
3180,онжылдық,десятилетие,decade,B2
3181,жүзжылдық,"столетие, век",century,B2
3182,түн ортасы,середина ночи,the middle of night,B2
3183,өткен,прошлое,past,B2
3184,қазіргі,настоящее,present,B2
3185,соңы,конец,end,B2
3186,жалғасы,продолжение,continuation,B2
3187,Күн кезеңдері,Стадии дня,Periods of the day,B2
3188,түске дейін,обед,lunch,B2
3189,өткен күн,прошлый день,last day,B2
3190,түстен кейін,после обеда,afternoon,B2
3191,бүгінгі түн,сегодняшняя ночь,today's night,B2
3192,"таң, таңсәрі",рассвет,dawn,B2
3193,күннің шығуы,восход солнца,sunrise,B2
3194,күннің батуы,закат,sunset,B2
3195,таң шапағы,утренняя заря,"dawn, daybreak",B2
3196,тал түс,полдень,noon/midday,B2
3197,ымырт,сумерки,twilight,B2
3198,Жұмыс уақыты,Рабочее время,Labour hours,B2
3199,уақыт белгілеу,назначение времени,timing,B2
3200,"Демалыс,","Отдых,","REST,",B2
3201,бос уақыт,свободное время,Free time,B2
3202,каникул,каникулы,holidays,B2
3203,демалыс күн,выходной,weekend,B2
3204,қонаққа бару,идти в гости,to vizit smb.,B2
3205,мерейтой,юбилей,anniversary,B2
3206,апта соңы,конец недели,weekend,B2
3207,қожайын,хозяин/хозяйка,hostess,B2
3208,тынығу ЗАТ/МАТЕРИАЛ,отдыхать,have a rest,B2
3209,Физикалық қалып-күй,Физическое состояние,Physical state,B2
3210,газ,газ,gas,B2
3211,қатты зат,твердое вещество,solid substance,B2
3212,вакуум,вакуум,vaccum,B2
3213,"сұйықтық, сұйық зат","жидкость, жидкое вещество",fluid/liquid,B2
3214,қоспа,сплав,alloy,B2
3215,шойын,чугун,cast iron,B2
3216,руда,руда,ore,B2
3217,Құрылыс,Строительные,Building materials,B2
3218,әк,известь,lime,B2
3219,кірпіш,кирпич,brick,B2
3220,цемент,цемент,cement,B2
3221,асфальт,асфальт,asphalt,B2
3222,Мата және тері,"Ткани, кожа и мех","Tissues, leather and fur",B2
3223,нейлон,нейлон,nylon,B2
3224,жасанды талшық,искусственное волокно,rayon/artificial fibre,B2
3225,күл қоқыс ӨСІМДІКТЕР,зола,ashes/leach,B2
3226,көкөністер,"овощи, бахчевые культуры","vegetables, melons and gourds",B2
3227,шалғам,редиска,radish,B2
3228,қызылша,свекла,beet,B2
3229,асқабақ,тыква,pumpkin,B2
3230,Жеміс-жидектер,"Фрукты, ягоды","Fruit, berry",B2
3231,банан,банан,banana,B2
3232,қара өрік,слива,plum,B2
3233,Дән,Зерно,Corn,B2
3234,қара бидай,рожь,rye,B2
3235,күздік бидай,озимая рожь,winter rye,B2
3236,қара құмық,гречиха,buckwheat,B2
3237,ұсақ бұршақ,горошек,pea,B2
3238,күнжіт,кунжут,sesame,B2
3239,Ағаштар,Деревья,Trees,B2
3240,бұта,куст,bush/shrub,B2
3241,пальма,пальма,palm,B2
3242,сәмбі тал,ива,willow,B2
3243,қараған,акация,acasia,B2
3244,шетен (қатты ағаш),ясень,ash-tree,B2
3245,жаңғақ ағашы,ореховое дерево,wallnut,B2
3246,Ағаш бөліктері,Части дерева,Parts of the tree,B2
3247,"түбір, тамыр",корень,root,B2
3248,самырсын,кедр,cedar,B2
3249,бөрене,бревно,timber,B2
3250,томар,пень,stump,B2
3251,Гүлдер,Цветы,Flowers,B2
3252,раушан,роза,rose,B2
3253,ландыш,ландыш,lily-of the valley,B2
3254,лала,лилия,lily,B2
3255,қазтабан,ромашка,camomile,B2
3256,бақ-бақ,одуванчик,dandelion,B2
3257,мамыргүл,сирень,lilac,B2
3258,жауқазын,шафран,saffron/crocus,B2
3259,Дәрілік өсімдік,Лекарственные,Names of herbs,B2
3260,алтынтамыр,золотой корень,golden root,B2
3261,дермене,полынь цитварная,sagebrush/wormwood,B2
3262,долана,боярышник,thorn,B2
3263,итмұрын,шиповник,brier/dogrose,B2
3264,иманжапырақ,подорожник,plantain,B2
3265,рауғаш ЖАНУАРЛАР,ревень,pieplant/rhubarb,B2
3266,Жабайы жануарлар,Дикие животные,Wild animals,B2
3267,ақаю,белый медведь,white bear,B2
3268,жыртқыш аңдар,хищные животные,predotor,B2
3269,арқар,архар,argali,B2
3270,мүйізтұмсық,носорог,rhinoceros,B2
3271,таутеке,козел,ibex,B2
3272,теңіз жануарлары,морские животные,sea animal,B2
3273,ат,лошадь,horse,B2
3274,өгіз,бык,bull/ox,B2
3275,"қораз, әтеш",петух,cock,B2
3276,үй құсы,домашняя птица,poultry,B2
3277,ата үйрек,селезень,drake,B2
3278,түйетауық,индюк,turkey,B2
3279,тоты құс,попугай,parrot,B2
3280,құр,куропатка,partridge,B2
3281,тоқылдақ,дятел,pecker/woodpecker,B2
3282,дуадақ,дрофа,bustard,B2
3283,қоқиқаз,фламинго,flamingo,B2
3284,ләйлек,аист,stork,B2
3285,жыртқыш құстар,хищная птица,bird of prey,B2
3286,лашын,сапсан,peregrine,B2
3287,қырғи,"кобчик ястреб, перепелятник",sparrow-hawk,B2
3288,"қыран, бүркіт",орел,eagle,B2
3289,табан,карась,crucian carp,B2
3290,құрт-шабақ,малек,hutchling,B2
3291,мөңке балық,карась,crucian carp,B2
3292,"қызыл қоңыз, «ханқызы»",божья коровка,ladybird,B2
3293,айдаһар жылан,удав,boa,B2
3294,бүйі,тарантул,tarantula,B2
3295,сарышаян АДАМ,скорпион,scorpion,B2
3296,"Жыныс, жас","Наименования пола,","Sex, age modifiers",B2
3297,мөлшерлері атаулары,возраста,(names),B2
3298,шал,пожилой человек,old man,B2
3299,Мекенжайы және,По месту жительства,Adress and,B2
3300,ұлты бойынша,и национальности,natonality,B2
3301,американдық,американец/американка,American,B2
3302,испандық,испанец/испанка,Spaniard,B2
3303,француз,француз/француженка,French,B2
3304,араб,араб,Arab,B2
3305,түрік,турок/турчанка,Turk,B2
3306,Бір-біріне қарым-,По отношению друг,Relationship,B2
3307,қатынасы бойынша,к другу,with each other,B2
3308,"дос, достар",друг,friend,B2
3309,жолдас,товарищ,mate/partner,B2
3310,таныс,знакомый,acquaintance,B2
3311,қызмет етуші,служащий,employee,B2
3312,жесір,вдова,widow,B2
3313,"аты, есімі",имя,name,B2
3314,әкесінің аты,отчество,"midname, patronymic",B2
3315,визит карточкасы,визитная карточка,business card,B2
3316,"өмірбаяны АДАМ АҒЗАСЫ, ДЕНЕ БІТІМІ",биография,biography,B2
3317,бой,рост,weight/figure,B2
3318,жүйке,нерв,nerve,B2
3319,тері,кожа,skin,B2
3320,қан,кровь,blood,B2
3321,"күре тамыр, үлкен тамыр",артерия,artery,B2
3322,тізе,колено,knee,B2
3323,өкше,пятка,heel,B2
3324,шынтақ,локоть,elbow,B2
3325,балтыр,голень,shunk,B2
3326,тырнақ,ноготь,nail,B2
3327,таңдай,нёбо,palate,B2
3328,бас сүйек,череп,skull,B2
3329,жақ сүйек,челюсть,jaw,B2
3330,жұтқыншақ,глотка,pharynx,B2
3331,өт,поджелудочная железа,pancreas,B2
3332,тік ішек,прямая кишка,rectum,B2
3333,құрсақ,матка,uterus,B2
3334,бұлшық еттер,мышцы,muscles,B2
3335,тыныс жолдары,дыхательные пути,breathing passage,B2
3336,қан тамыры АДАМДАР АРАСЫНДАҒЫ ҚАТЫНАС,кровеносный сосуд,"vein, blood vessel",B2
3337,Туыстық,Родственные,Family,B2
3338,қатынас,отношение,relationship,B2
3339,"кісі, адам",человек,man,B2
3340,шеше,мать,mother,B2
3341,әпке (апа),старшая сестра,elder  sister,B2
3342,ата-ана,родители,parents,B2
3343,көке,дядя,uncle,B2
3344,ажырасу,развод,divorce,B2
3345,шөбере,правнук,great-grandchild,B2
3346,тәте,тетя,aunt,B2
3347,қайын іні,младший брат мужа,younger brother-in-law,B2
3348,немере аға/әпке,двоюродный брат/сестра,cousin,B2
3349,БАСПАНА,к жене и наоборот,to wife and vice versa,B2
3350,Үй құрылысы,Устройство дома,Housing,B2
3351,лифт,лифт,lift,B2
3352,үйдің төбесі,потолок,ceiling,B2
3353,шатыр,крыша,roof,B2
3354,мұржа,труба,chimney,B2
3355,су жүйесі,водопровод,watersupply,B2
3356,Бөлмелер,Комнаты,Rooms,B2
3357,әжетхана/ дәретхана,туалет,toilet,B2
3358,кабинет,кабинет,study,B2
3359,кіреберіс,прихожая,hall,B2
3360,құлып,замок,door lock,B2
3361,жарық,свет,light,B2
3362,жылу,отопление,heating,B2
3363,Төсек-орын,Постельные принадлежности,Bedding,B2
3364,матрац,матрац,mattress,B2
3365,жайма,простыня,bedsheet,B2
3366,жастыққап,наволочка,pillowcase/pillow slip,B2
3367,төсек жапқыш,покрывало,bedspread/coverlet,B2
3368,"Ыдыс, сауыттар","Сосуды, емкости","Cans, containers",B2
3369,шабадан,чемодан,suitcase,B2
3370,бөшке,бочка,barrell/tank,B2
3371,себет,корзина,basket,B2
3372,сауыт,сосуд,can,B2
3373,құмыра,кувшин,jug,B2
3374,кір жуатын машина,стиральная машина,washing machine,B2
3375,плита,газовая плита,gas cooker,B2
3376,сыпырғыш,веник,broom,B2
3377,тігін машинасы КИІМ,швейная машина,sewing machine,B2
3378,Сырт киім,Верхняя одежда,Outerwear/ overclothes,B2
3379,бешпент,"бешмет, легкая притален- ная верхняя одежда до колени",easy outer clothing,B2
3380,пәлте,пальто,coat,B2
3381,"плащ, жадағай",плащ,raincoat,B2
3382,күртке,куртка,jacket,B2
3383,костюм,костюм,suit,B2
3384,юбка,юбка,skirt,B2
3385,футболка,футболка,T-shirt,B2
3386,сарафан,сарафан,sarafan/sundress,B2
3387,Іш киім,Нижнее белье,Underwear,B2
3388,халат,халат,gown,B2
3389,пижама,пижама,pyjamas,B2
3390,кроссовки,кроссовки,jogging shoes/trainers,B2
3391,туфли,туфли,shoes,B2
3392,пима,валенки,felt boots,B2
3393,тәпішке,тапочки,slippers,B2
3394,Киім бөліктері мен,Элементы одежды и,Costume and,B2
3395,қосымша тұтыну заттары,аксессуары,accessories,B2
3396,галстук,галстук,tie,B2
3397,қолшатыр,зонтик,umbrella,B2
3398,сырма,молния,zipper,B2
3399,"қадау, тағу ТАМАҚ","втыкать, пришивать",to stick/thrust/plunge,B2
3400,таңертеңгі ас,завтрак,breakfast,B2
3401,дәм,вкус,taste,B2
3402,"ауыз тию, дәм тату, жеп көру",попробовать,taste,B2
3403,Тамақтану,питание,Eating,B2
3404,тамақ жеу,есть,to eat,B2
3405,шай ішу,пить чай,to drink,B2
3406,кесу,резать,to cut,B2
3407,тамақ пісіру,варить пищу,to cook food,B2
3408,"дәмін көру, ішу",пробовать,to taste,B2
3409,таңғы асты ішу,завтракать,to have breakfast,B2
3410,түскі асты ішу,обедать,to have dinner,B2
3411,кешкі асты ішу,ужинать,to have supper,B2
3412,тамақтандыру,кормить,to feed up,B2
3413,тапсырыс беру,заказывать,to order,B2
3414,Тағамдар,Блюда,DishES,B2
3415,тоқбасар,десерт,dessert,B2
3416,котлет,котлетa,chop,B2
3417,бірінші тағам,первое блюдо,first course,B2
3418,екінші тағам,второе блюдо,second course,B2
3419,картоп пюресі,картофельное пюре,mashed potates/puree,B2
3420,"Ұлттық тағамдар,",Национальные,"National meals,",B2
3421,сусындар,"блюда, напитки",drinks,B2
3422,күлше,лепешка,flat cake,B2
3423,шалап,шалап,shalap (sour cream mixed with water),B2
3424,дәмдеуіштер,Приправы,Flavouring,B2
3425,арнайы дәмдеуіштер,специи,spice,B2
3426,сірке суы,уксус,vinegar,B2
3427,кофе,кофе,coffee,B2
3428,минералды су,минеральная вода,mineral water,B2
3429,шоколад,шоколад,chocolate,B2
3430,торт,торт,cake,B2
3431,печенье,печенье,"cookie, biscuit",B2
3432,тәтті тоқаш,булочка,"roll, bun",B2
3433,Тамақ өнімдері,Пищевые продукты,Provision,B2
3434,сары май,сливочное масло,butter,B2
3435,өсімдік майы,растительное масло,oil,B2
3436,жарма,крупа,grits,B2
3437,сұлы жармасы,овсяная крупа,oatmeal,B2
3438,геркулес,геркулес,hercules beetle,B2
3439,Ұн өнімдері,Мучные изделия,Floury,B2
3440,кондитер өнімдері,кондитерские изделия,pastry,B2
3441,Асүй бұйымдары,Кухонные,Dinning room,B2
3442,дастархан,скатерть,tablecloth,B2
3443,асқасық,столовая ложка,table spoon,B2
3444,тәрелке,тарелка,plate,B2
3445,стақан,стакан,glass,B2
3446,табақша,блюдце,saucer,B2
3447,асмәзірі,меню,menu,B2
3448,"кәкпір СЕЗІМ, МІНЕЗ",дуршлаг,colander,B2
3449,"Жағымды, жағымсыз","Положительное,",Positive and,B2
3450,мінез-құлық,отрицательные черты,negative character,B2
3451,бақыт,счастье,happiness,B2
3452,зор қуанышпен,с большой радостью,with а great pleasure,B2
3453,масаттану,восторг,delight,B2
3454,жеңілдеу,облегчение,relief,B2
3455,қызығу,интересоваться,to be interested in,B2
3456,зерігу,скука,boredom,B2
3457,бақытсыздық,горе,grief/sorrow,B2
3458,уайымдау,переживать,to worry,B2
3459,қайғы-қасірет шегу,cтрадать,to suffer,B2
3460,"шыдамды, қатты, әлсіз","терпеливый, строгий, слабый","patient, strict, weak",B2
3461,сенімсіз,ненадежный,unsteady,B2
3462,кекшіл,злопамятный,vindictive,B2
3463,күдіктену,сомневаться,doubt,B2
3464,сабырлы,спокойный,composed,B2
3465,берік,крепкий,strong,B2
3466,бел байлау,решиться,to dare,B2
3467,тілектес болу,быть сочувствующим,to sympathizе,B2
3468,қайран қалу,удивляться,to be surprised,B2
3469,шексіз қадірлеу,уважать,to respect,B2
3470,жек көру,ненавидеть,to hate,B2
3471,жиіркену,брезговать,to strain,B2
3472,қызғану,ревновать,to be jealous,B2
3473,табалау,злорадствовать,to gloat over,B2
3474,әдепсіз,бестактный,tactlessness,B2
3475,талапты,стремительный,aspiration (for),B2
3476,мақтаныш,гордость,pride,B2
3477,шыдамсыз,нетерпеливый,impatient,B2
3478,атаққұмар,тщеславный,vain,B2
3479,тәкаппар,горделивый,over proud,B2
3480,паң,высокомерный,haughty/arrogant,B2
3481,елгезек,шустрый,nimble/sharp,B2
3482,арсыз,бессовестный,unscrupulous,B2
3483,"Ықылас, ниет","Желание, намерение","Desire, intention",B2
3484,дем беру,стимул,stimulus,B2
3485,ықылас,желание,desire,B2
3486,"ынта, жігер АҚЫЛ, ОЙ, ТАНЫМ",рвение,zeal/fervour/ardour,B2
3487,Сана,Сознание,Сonsiousness,B2
3488,әлем,мир,the world,B2
3489,пәлсапа,философия,philosophy,B2
3490,болмыс,"бытие, реальность",objective reality,B2
3491,"дүние, әлем",вселенная,universe,B2
3492,нысан,объект,object,B2
3493,субъект,субъект,subject,B2
3494,пайым,суждение,judgement,B2
3495,ой қорытындысы,умозаключение,deduction,B2
3496,логика,логика,logic,B2
3497,"ұғым, түсінік",понятие,notion/conception,B2
3498,түйсік,чутье,sensation,B2
3499,Ойлау категориясы,Категория мышления,Category of thinking,B2
3500,рет,порядок,order,B2
3501,жүйе,система,system,B2
3502,жағдай,обстоятельство,circumstance,B2
3503,мазмұн,содержание,content/substance,B2
3504,көптүрлілік,многообразие,variety/diversity,B2
3505,бірдейлік,идентичность,identity,B2
3506,қарама-қарсылық,противоположность,contrast,B2
3507,бірізділік,последовательность,succession/sequence,B2
3508,кеңістік,пространство,space,B2
3509,салдар,последствие,consequence,B2
3510,қажеттілік,необходимость,necessity,B2
3511,ықтималдық,вероятность,probability,B2
3512,заңдылық,закономерность,conformity,B2
3513,мәселе,проблема,problem,B2
3514,факт,факт,fact,B2
3515,әдіс,метод,method,B2
3516,құрал-жабдық,оборудование,equipment,B2
3517,"сала, өріс",область,sphere,B2
3518,сипаттама,характеристика,characteristics,B2
3519,бейімдеу,приспособление,adaptation,B2
3520,жақсару,улучшение,improvement,B2
3521,"ойлап табу, өнертабыс",изобретение,invention,B2
3522,түр,вид,kind,B2
3523,тип,тип,type,B2
3524,"талдау, айыру",анализ,analysis,B2
3525,теңеу,сравнение,comparison,B2
3526,өзара байланыс,взаимосвязь,interconnection,B2
3527,өзара әрекет,взаимодействие,interaction,B2
3528,ауытқу,отклонение,deviation/deflection,B2
3529,Хабарлау,Сообщение,Information,B2
3530,хабарлау/баяндама,сообщение/доклад,information/report,B2
3531,"өлшем, белгі",критерий,criterion/criteria,B2
3532,дәлелдеме,доказательство,"argument, evidence",B2
3533,Сын,Критика,Criticism,B2
3534,мақұлдау,одобрение,approve,B2
3535,"растау, қолдау",подтверждение,confirmation,B2
3536,"мойындау, тану",признание,acknowledgement/recognition,B2
3537,асыра бағалау,переоценка,revaluation,B2
3538,бағаламаушылық,недооценка,"underestimate, underestimation",B2
3539,жаңсақтық,недоразумение,misunderstanding,B2
3540,сәтсіздік,неудача,failure,B2
3541,артықшылық,преимушество,advantage/preference,B2
3542,тиімділік,эффективность,effectiveness,B2
3543,маңыздылық,важность,importance,B2
3544,әлбетте БІЛІМ,"непременно, конечно","certainly, of course/obviously",B2
3545,кәсіби техникалық колледж,профессионально- технический колледж,training college,B2
3546,жоғары оқу орны,высшее учебное заведение,university,B2
3547,"ғылыми еңбек, жұмыс",научная работа,scientific work,B2
3548,студент,студент,student,B2
3549,"мұғалім, ұстаз",учитель,teacher,B2
3550,профессор,профессор,professor,B2
3551,директор,директор,head,B2
3552,декан,декан,Dean of the Faculty,B2
3553,ректор,"ректор (университета, института)",rector/chancellor,B2
3554,алгебра,алгебра,algebra,B2
3555,биология,биология,biology,B2
3556,геология,геология,geology,B2
3557,грамматика,грамматика,grammar,B2
3558,математика,математика,mathematics,B2
3559,медицина,медицина,medicine,B2
3560,психология,психология,psychology,B2
3561,физика,физика,physics,B2
3562,филология,филология,philology,B2
3563,шет тілі,иностранный язык,foreign language,B2
3564,философия,философия,philosophy,B2
3565,химия,химия,chemistry,B2
3566,экономика,экономика,economy,B2
3567,жауап,ответ,answer,B2
3568,диктант,диктант,dictation,B2
3569,"сөйлем, фраза",фраза,phrase,B2
3570,сан,число,number,B2
3571,кассета,кассета,cassete,B2
3572,компьютер,компьютер,computer,B2
3573,энциклопедия,энциклопедия,encyclopedia,B2
3574,оқылым,чтение,reading,B2
3575,теория,теория,theory,B2
3576,диссертация,диссертация,thesis/dissertation,B2
3577,экспедиция,экспедиция,expedition,B2
3578,басталуы (дәріс),начало (лекции),beginning of the(lecture),B2
3579,университет бітіру,окончить университет,to graduate from the university,B2
3580,Оқу мекемелері,Учебные заведения,Educational institutuion,B2
3581,бaстауыш мектеп,начальная школа,primary school,B2
3582,орта мектеп,средняя школа,secondary school,B2
3583,курс,курс,course,B2
3584,академия,академия,academy,B2
3585,факультет,факультет,faculty,B2
3586,дәрісхана,аудитория,room/auditorium/lecture hall,B2
3587,Оқу пәндері,Учебные предметы,School subjects,B2
3588,"сурет салу, сызу",рисование/черчение,drawing,B2
3589,парта,парта,desk,B2
3590,қалам,ручка,pen,B2
3591,гуманитарлық ғылымдар,гуманитарные науки,natural sciences,B2
3592,оқу құралдары,учебные пособия,manual,B2
3593,оқу жылы,учебный год,academic year,B2
3594,жаратылыстану ғылымдары,наука естествознаний,natural sciences,B2
3595,студент билеті,студенческий билет,students card,B2
3596,Емтихан/баға,Экзамен/оценка,"Examination, mark/grade",B2
3597,бестік,пятерка,excellent mark,B2
3598,төрттік,четверка,good mark,B2
3599,үштік,тройка,satisfactory mark,B2
3600,екілік,двойка,unsatisfactory mark,B2
3601,"конкурс, байқау",конкурс,competition,B2
3602,кәмелеттік аттестат,аттестат зрелости,school-leavin certificate,B2
3603,диплом,диплом,diploma,B2
3604,сөздік қор,словарный запас,vocabulary,B2
3605,дауысты дыбыс,гласный звук,vowel,B2
3606,транскрипция,транскрипция,transcription,B2
3607,сөз тіркесі,словосочетание,phrase,B2
3608,жазылым,правописание,orthography,B2
3609,айтылым,произношение,pronounciation,B2
3610,идиома,идиома,idiom,B2
3611,сөз таптары,части речи,part of speech,B2
3612,зат есім,существительное,noun,B2
3613,етістік,глагол,verb,B2
3614,сын есім,прилагательное,adjective,B2
3615,есімдік,местоимение,pronoun,B2
3616,үстеу,наречие,adverb,B2
3617,сан есім,числительное,numeral,B2
3618,артикль,артикль,article (part of speech),B2
3619,жекеше,единственное число,singular,B2
3620,көпше,множественное число,plural,B2
3621,сөйлем мүшелері,члены предложения,members of  the sentence,B2
3622,бастауыш,подлежащее,subject,B2
3623,баяндауыш,сказуемое,predicate,B2
3624,толықтауыш,дополнение,object,B2
3625,пысықтауыш,обстоятельство,adverbial modifier,B2
3626,анықтауыш,определение,attribute,B2
3627,шылау,предлог,preposition,B2
3628,жалғаулық,союз,conjunction,B2
3629,одағай,междометие,interjection,B2
3630,демеулік,частица,particle,B2
3631,"негіз, қор",база,basis,B2
3632,"график, сызба",график,"graph, diagram",B2
3633,ескертпе,замечание,note,B2
3634,"топтастыру, жіктеу",классификация,classification,B2
3635,нақтылау,конкретизация,"specification, concretization",B2
3636,бәсеке,конкуренция,competition,B2
3637,тұжырым,концепция,concept,B2
3638,материя,материя,"matter, substance",B2
3639,әдістеме,методика,methodology,B2
3640,механика,механика,mechanics,B2
3641,"дүниетаным, көзқарас",мировоззрение,"world outlook, world view",B2
3642,көрнекілік,наглядность,visual aids,B2
3643,өңдеу,обработка,processing,B2
3644,"обьект, нысан",обьект,object,B2
3645,түсініктеме,объяснение,explanation,B2
3646,"процесс, үдеріс",процесс,process,B2
3647,тепе-теңдік,равновесие,balance,B2
3648,"мән, маңыз",сущность,essence,B2
3649,"даму бағыты, үрдіс",тенденция,tendency,B2
3650,терминология,терминология,terminology,B2
3651,техника,техника,technique,B2
3652,технология,технология,technology,B2
3653,"кезең, саты","период, фаза",phase,B2
3654,сараптама,экспертиза,"assessment, expertise",B2
3655,"цикл, топтама МӘДЕНИЕТ",цикл,cycle,B2
3656,картина,картина,picture,B2
3657,портрет,портрет,portrait,B2
3658,фотография,фотография,photography/picture,B2
3659,мұражай,музей,museum,B2
3660,альбом,альбом,album,B2
3661,фотоаппарат,фотоаппарат,camera,B2
3662,түрлі-түсті,цветной,coloured,B2
3663,бейнелеу өнерінің шығармасы,произведение (живописи),paintings/masterpiece,B2
3664,Өнер,Искусство,Art,B2
3665,автор,автор,author,B2
3666,өнер туындысы,произведение искусства,masterpiece,B2
3667,заманауи,современный,modern,B2
3668,ескі,старинный,antique,B2
3669,ғимарат,здание,building,B2
3670,кесене,мавзолей,mausoleum,B2
3671,мешіт,мечеть,mosque,B2
3672,мұнара,башня,tower,B2
3673,сәулет ансамблі,ансамбль (архитектурный),architectural ensemble,B2
3674,сәулет ескерткіші,памятник (архитектуры),monument,B2
3675,мультфильм,мультфильм,cartoon,B2
3676,касса,касса,booking- office,B2
3677,билет,билет,ticket,B2
3678,сеанс,сеанс,session,B2
3679,режиссер,режиссер,director,B2
3680,фильм,фильм,film/movie,B2
3681,кинотеатр,кинотеатр,cinema,B2
3682,кинозал,кинозал,cinema/showing room,B2
3683,көркем фильм,художественный фильм,film,B2
3684,детектив,детектив,detective,B2
3685,комедия,комедия,comedy,B2
3686,деректі фильм,документальный фильм,documentary (film),B2
3687,оператор,оператор,operator,B2
3688,киножұлдызы,кинозвезда,star/celebrity,B2
3689,декоратор,декоратор,decorator,B2
3690,бейнетаспа,видеокассета,videocassete,B2
3691,фестиваль,фестиваль,festival,B2
3692,қорқынышты фильм,фильм ужасов,horror film,B2
3693,фильмнің кейіпкері,герой фильма,hero,B2
3694,басты роль,главная (роль),main part,B2
3695,классикалық,классический,classical,B2
3696,музыкалық,музыкальный,musical,B2
3697,шытырман сюжетті фильм,остросюжетный фильм,thriller,B2
3698,қуыршақ театры,кукольный театр,puppet show,B2
3699,балет әртісі,артист балета,ballet-dancer,B2
3700,драма,драма,drama,B2
3701,балет,балет,ballet,B2
3702,опера,опера,opera,B2
3703,пьеса,пьеса,play,B2
3704,репертуар,репертуар,repertoire/repertory,B2
3705,труппа,труппа,troupe/company,B2
3706,гастроль,гастроль,tour,B2
3707,декорация,декорация,set/scenery,B2
3708,қойылым,спектакль,performance,B2
3709,премьера,премьера,first,B2
3710,көрермендер залы,зрительный зал,"hall, auditorium",B2
3711,гардероб,гардероб,cloakroom,B2
3712,фойе,фойе,rush-room,B2
3713,трагедия,трагедия,tragedy,B2
3714,музыкалы комедия,музыкальная комедия,musical comedy,B2
3715,сатира,сатира,satire,B2
3716,рөл,роль,role,B2
3717,амфитеатр,амфитеатр,amphitheater,B2
3718,Музыка,Музыка,Music,B2
3719,оркестр,оркестр,orchestra,B2
3720,дирижер,дирижер,conductor,B2
3721,ән,песня,song,B2
3722,концерт,концерт,concert,B2
3723,хор,хор,chorus,B2
3724,аспаптар,инструмент,instrument,B2
3725,сыбызғы,дудка,pitch pipe,B2
3726,жетіген,жетиген,zhetigen (kazakh stringed folk instrument),B2
3727,дабыл,барабан,drum,B2
3728,симфония,симфония,symphony,B2
3729,халық әуені,народная мелодия,folk melody,B2
3730,кітапхана,библиотека,library,B2
3731,кітап дүкені,книжный магазин,bookshop,B2
3732,том,том,volume,B2
3733,драматург,драматург,playwright,B2
3734,роман,роман,novel,B2
3735,редактор,редактор,editor,B2
3736,баспахана,типография,printinghouse,B2
3737,кітаптың мұқабасы,обложка книги,cover of book,B2
3738,көркем әдебиет СПОРТ,художественная литература,fiction,B2
3739,жүзу,плавание,swimming,B2
3740,коньки,коньки,skates,B2
3741,шаңғы спорты,лыжный спорт,skiing,B2
3742,ауыр атлетика,тяжелая атлетика,weight-lifting,B2
3743,бокс,бокс,boxing,B2
3744,күрес,борьба,wrestling,B2
3745,футбол,футбол,football,B2
3746,волейбол,волейбол,volleyball,B2
3747,хоккей,хоккей,hockey,B2
3748,баскетбол,баскетбол,basketball,B2
3749,хоккейші,хоккеист,hockey player,B2
3750,шахматшы,шахматист,chess player,B2
3751,гимнастшы,гимнастика,gymnastics,B2
3752,теннис,теннис,tennis,B2
3753,шахмат,шахматы,chess,B2
3754,чемпион,чемпион,champion,B2
3755,велосипед,велосипед,bicycle,B2
3756,бассейн,бассейн,swimming pool,B2
3757,спорт клубы,спортивный клуб,sport club,B2
3758,матч,матч,match,B2
3759,жарыс,соревнованиe,competition,B2
3760,жеңіл атлетика,легкая атлетика,field athletics,B2
3761,финал,финал,final,B2
3762,біріншілік,чемпионат,championship,B2
3763,әлем чемпионаты,чемпионат мира,world championship,B2
3764,олимпиадалық ойындар,олимпийские игры,olympic games,B2
3765,"медаль (алтын,күміс, қола)","медаль (золотая, серебряная, бронзовая)","medal (gold, silver, bronze)",B2
3766,тең түсу,ничья,drawn game,B2
3767,рекорд,рекорд,record,B2
3768,ұлттық құрама,национальная сборная,national team,B2
3769,спортшы,спортсмен,sportsman,B2
3770,сайыс,состязание,fencing,B2
3771,мәнерлеп сырғанау,фигурное катание,figure skating,B2
3772,"САЯХАТ, туризм","Путешествия, туризм","Travelling, tourism",B2
3773,турист,турист,tourist,B2
3774,автокөлік,автомобиль,automobile,B2
3775,тас жол,шоссе,highway/road,B2
3776,жол,дорога,road,B2
3777,теміржол,железная дорога,railway,B2
3778,станция,станция,station,B2
3779,бару және қайту билеті,билет туда и обратно,"return, round ticket",B2
3780,экскурсия,экскурсия,excursion,B2
3781,қаланың жоспары,план города,city map,B2
3782,виза,виза,visa,B2
3783,саяхаттау,путешествие,travelling,B2
3784,саяхатшы,путешественник,traveller,B2
3785,қыдыру,гулять,shirk,B2
3786,кедендік тексерістен өту ЖҰМЫС,пройти таможенный контроль,to pass customs control,B2
3787,"Еңбек, қызмет",отрасль труда,Employment,B2
3788,міндет,обязанность,duty,B2
3789,жұмыссыз,безработный,unemployed,B2
3790,еңбек өтілі,стаж работы,record of service,B2
3791,спорт,спорт,sport,B2
3792,мәдениет,культура,culture,B2
3793,саясат,политика,politics,B2
3794,дәрігерлік қызмет,медицинское обслуживание,health service,B2
3795,электростанция,электростанция,power station,B2
3796,сала,отрасль,field/sector,B2
3797,өнеркәсіп,промышленность,industry,B2
3798,ауыл шаруашылығы,сельское хозяйство,agriculture,B2
3799,компания,компания,company,B2
3800,филиал,филиал,branch (office),B2
3801,фирма,фирма,firm,B2
3802,мұнай ажырататын зауыт,нефтеобрабатывающий завод,oil refinery,B2
3803,көмір шахтасы,угольная шахта,coal mine,B2
3804,машина жасау зауыты,машиностроительный завод,machine building plant,B2
3805,механик,механик,mechanic,B2
3806,инженер,инженер,engineer,B2
3807,елші,посол,ambassador,B2
3808,музыкант,музыкант,musician,B2
3809,балықшы,рыбак,fisherman,B2
3810,ұшқыш,летчик,pilot,B2
3811,мейірбике,медсестра,nurse,B2
3812,хирург,хирург,surgeon,B2
3813,инженер-электрші,инженер электрик,"engineer, electrician",B2
3814,темір ұстасы,слесарь,locksmith,B2
3815,электр маманы,электрик,electrician,B2
3816,кәсібі,профессия,occupation,B2
3817,журналист,журналист,journalist,B2
3818,тарихшы,историк,historian,B2
3819,"Құралдар,","Инструменты,","Instruments,",B2
3820,жабдықтар,оборудование,equipment,B2
3821,құрал-сайман,инструмент,instrument,B2
3822,балға,молоток,hammer,B2
3823,балта,топор,axe,B2
3824,орақ,серп,sickle,B2
3825,шеге,гвоздь,nail,B2
3826,егеу,напильник,file,B2
3827,сүргі,рубанок,plane,B2
3828,тескіш,сверло,drill,B2
3829,бұрағыш,отвертка,screwdriver,B2
3830,домкрат,домкрат,jack,B2
3831,болт,болт,bolt,B2
3832,сым,проволока,wire,B2
3833,серіппе,пружина,spring,B2
3834,станок,станок,machine tools,B2
3835,кескіш аспап,резец,cutter,B2
3836,"қайрақ, шарық",точило,grindstone,B2
3837,қайрақ тас,точильный камень,whetstone,B2
3838,"бұрғы БАЙЛАНЫС, КӨЛІК",дрель,drill-brace,B2
3839,"Пошта, телефон","Почта, телефон","Post-office, telephone",B2
3840,мекенжай,адрес,address,B2
3841,пошта бөлімі,почтовое отделение,post office,B2
3842,индекс,индекс,index,B2
3843,интернет,интернет,internet,B2
3844,хат тасушы,почтальон,postman,B2
3845,абонент,абонент,telephone subscriber,B2
3846,каталог,каталог,catalogue,B2
3847,марка,марка,stamp,B2
3848,хат қалта,конверт,envelope,B2
3849,бандероль,бандероль,parcel,B2
3850,аударма,перевод,postal (money) order,B2
3851,жеделхат,телеграмма,telegram,B2
3852,сәлемдеме,посылка,package/parcel,B2
3853,бөлімше,отделение,post office,B2
3854,телеграф,телеграф,telegraph,B2
3855,телефон анықтамасы,телефонный справочник,yellow pages,B2
3856,ашықхат,открытка,postcard,B2
3857,код,код,code,B2
3858,факс,факс,fax,B2
3859,пошта жәшігі,почтовый ящик,letter box,B2
3860,алушы,получатель,addressee/receipent,B2
3861,жіберуші,отправитель,sender,B2
3862,халықаралық сөйлесу,международный разговор,international call,B2
3863,жөнелтім,отправление,departure,B2
3864,платформа,платформа,platform,B2
3865,пойыз,поезд,train,B2
3866,электровоз,электровоз,electric locomotive,B2
3867,вагон,вагон,wagon,B2
3868,жүк тасушы,носильщик,carrier/baggage-man,B2
3869,теміржол станциясы,"железнодорожная станция, вокзал",railway station,B2
3870,жолаушы пойызы,пассажирский поезд,passenger train,B2
3871,жүрдек пойыз,скорый поезд,fast train,B2
3872,қала сырты пойызы,пригородный поезд,commuter train,B2
3873,теміржол билеті,железнодорожный билет,commutation/ railway ticket,B2
3874,ресторан-вагон,вагон ресторан,dining wagon,B2
3875,жоғарғы/төменгі сөре,"верхняя, нижняя полка","upper, lower berth",B2
3876,кетуі,отправление,departure,B2
3877,келуі,прибытие,arrival,B2
3878,ауысым,пересадка,transfer to another line,B2
3879,әуежай,аэропорт,airport,B2
3880,рейс,рейс,flight,B2
3881,экипаж,экипаж,crew,B2
3882,аспансерік,борт-радист,airborne radio operator/flight radio operator,B2
3883,ұшақтың бөлшектері,детали самолета,plane spare parts,B2
3884,ұшақ қанаты,крыло,wing,B2
3885,ұшақ құйрығы,хвост,plane’s tail,B2
3886,ұшақтың дөңгелегі,шасси,chassis,B2
3887,пилоттар кабинасы,кабина пилота,"cabin, cockpit",B2
3888,ұшақты қондыру,посадка самолета,landing,B2
3889,көпір,мост,bridge,B2
3890,жүк таситын машина,грузовик,"truck, lorry",B2
3891,жол қиылысы,перекресток дорог,cross-roads/carfax,B2
3892,жол қозғалысы,дорожное движение,traffic,B2
3893,жол белгісі,дорожный знак,road sign,B2
3894,жүргіншілер өтетін жер,переход пешеходный,pedestrian,B2
3895,әйнек тазалағыш,стеклоочистители,windscreen  wiper,B2
3896,жүк салғыш,багажник,boot,B2
3897,қозғалтқыш,двигатель,еngine/motor,B2
3898,радиатор,радиатор,radiator,B2
3899,аккумулятор,аккумулятор,accumulator,B2
3900,қосалқы дөңгелек,запасное колесо,spare wheel,B2
3901,автоқызмет,автосервис,autoservice center,B2
3902,май құю станциясы,заправочная станция,fuel station,B2
3903,автожуу,автомойка,car wash,B2
3904,тежеу,торможение,braking,B2
3905,жылдамдату,ускорение,"acceleration, speed-up",B2
3906,басып озу,обгон,overtaking,B2
3907,қосалқы бөлшек,запасная часть,spare part,B2
3908,оталдыру,зажигание,firing,B2
3909,пайдаланылған газды шығаратын труба ҚАЛА,выхлопная труба,exhaust pipe/exhaustube,B2
3910,"Көше, алаңдар","Улицы, площади","Streets, squares",B2
3911,тротуар,тротуар/асфальт,sidewalk/asphalt,B2
3912,үлкен қала,большой город,city,B2
3913,шағын қала,маленький город,town,B2
3914,такси,такси,taxi,B2
3915,жүру билеті,проездной билет,season ticket,B2
3916,Әлеуметтік-мәдени,Социально-,Socio-cultural,B2
3917,және тұрмыстық,культурные и бытовые,and consumer,B2
3918,мекемелер,учреждения,service centers,B2
3919,цирк,цирк,circus,B2
3920,клуб,клуб,club,B2
3921,кассир,кассир,cashier,B2
3922,супермаркет,супермаркет,supermarket,B2
3923,базар,рынок,market,B2
3924,сұраныс,спрос,demand,B2
3925,тұрмыстық қызмет көрсету орталығы,центр бытовых услуг,service center,B2
3926,киім тазалау,химчистка,dry-cleaning,B2
3927,Тұрғылықты жері мен,Место проживания,Residencе and place,B2
3928,ықшам аудан,микрорайон,microdistrict,B2
3929,корпус,корпус,building,B2
3930,вокзал,вокзал,railroad station,B2
3931,полиция,полиция,police,B2
3932,банк,банк,bank,B2
3933,сарай,дворец,palace,B2
3934,галерея,галерея,gallery,B2
3935,консерватория,консерватория,conservatory,B2
3936,хайуанаттар бағы,зоопарк,zoo,B2
3937,стадион,стадион,stadium,B2
3938,жатақхана,общежитие,hostel,B2
3939,гимназия,гимназия,gymnasium,B2
3940,фабрика,фабрика,factory,B2
3941,Қатысым,Коммуникация,Communication,B2
3942,телефон,телефон,telephone,B2
3943,газет,газет,newspaper,B2
3944,Cөйлесім,Общение,Communication,B2
3945,ана тілі,родной язык,mother-tongue,B2
3946,көмек,помощь,help,B2
3947,акцент,акцент,accent,B2
3948,диалект,диалект,dialect,B2
3949,диалог,диалог,interview,B2
3950,сыпайылық,вежливость,politeness,B2
3951,дөрекілік,грубость,rudeness,B2
3952,әдепсіздік,"невежливость, бестактность",impudence,B2
3953,кеңес беру,дать совет,to give advice,B2
3954,пікірталас,диспут,dispute,B2
3955,алғыс,благодарность,gratitude,B2
3956,рұқсат беру,разрешить,to resolve,B2
3957,тыйым салу,запрещение,prohibition,B2
3958,Визит,Визит,Visit,B2
3959,жылы қарсы алу,теплый прием,"warm, hearty, cordial welcome",B2
3960,қол алысу,рукопожатие,hand shake,B2
3961,Қарым-қатынас әдебі,Этикет,Etiquette,B2
3962,кешірім сұрау,просить прощение,to ask a pardon,B2
3963,Менің атым ...,Меня зовут ...,My name is …,B2
3964,Менің тегім ...,Моя фамилия ...,My surname is,B2
3965,Ертеңге дейін!,До завтра!,Have a nice day!,B2
3966,Әзірге,Пока!,Bye-bye!,B2
3967,Өзіңізді қалай сезінесіз?,Как вы себя чувствуете?,How are you?,B2
3968,Айып етпеңіз!,Простите,"Pardon, excuse me!",B2
3969,"Ештеңе емес, алаңдамаңыз","Ничего, не беспокойтесь.",Don’t worry.,B2
3970,"Кешіріңіз, сіз білесіз бе ... ?","Извините, не знаете ли вы ...?","Sorry, don’t  you know…?",B2
3971,Мерекеңізмен!,С праздником!,Congratulations!,B2
3972,Халыңыз қалай?,Как дела?,How are you?,B2
3973,Денсаулығыңыз қалай?,Как (ваше) здоровье?,How are you?,B2
3974,Сізді көргеніме қуаныштымын.,Рад вас видеть.,Glad to see you.,B2
3975,Туған күніңмен!,С днем рождения!,Happy birthday!,B2
3976,Алло!,Алло!,Hallo!,B2
3977,Жақсылық тілеймін,Всего хорошего!,Good-bye! All the best!,B2
3978,Бәрі жақсы болсын!,Всего доброго!,Have a nice day!,B2
3979,Мырзалар!,Господа!,Dear gentlemen!,B2
3980,Асқаров мырза!,господин Аскаров!,Mr. Askarov!,B2
3981,Гүлжан ханым!,госпожа Гульжан!,Missis Gulzhan,B2
3982,Қымбатты дос!,Дорогой друг!,Dear friend!,B2
3983,Қымбатты достар!,Дорогие друзья!,Dear friends!,B2
3984,Қымбатты Айнұр Рахманқызы!,Дорогая Айнур Рахмановна!,Dear Ainur Rakhmanovna!,B2
3985,Әріптестер!,Коллеги!,Сolleagues!,B2
3986,Құрметті әріптестер!,Уважаемые коллеги!,Dear colleagues!,B2
3987,Өте қуаныштымын!,Очень рад(а)!,I’m glad to…,B2
3988,Өкінішке орай.,К сожалению ...,Unfortunately,B2
3989,Өкінішті,Очень жаль,It is a thousand pities,B2
3990,Құрметті қонақтар,Уважаемые гости,Dear  guests,B2
3991,Қыздар!,Девушки!,Ladies!,B2
3992,Айналайын,Милая/милый (найболее употребительная форма веж- ливости и одновременно ла- скового обрашения старших по возрасту к младшим),Dear!,B2
3993,Жеңгей!,форма вежливого обращения к женщине,Madam,B2
3994,жерлес,земляк,сountry man,B2
3995,Жігіттер!,Парни! Ребята!,Guys!,B2
3996,Тыңдаңызшы,Послушайте,Look here!,B2
3997,халайық!,люди!,Dear people!,B2
3998,ханымдар мен мырзалар,дамы и господа,Ladies and gentlemen!,B2
3999,"Кешіріңіз, кешірерсіз.",Извините.,"Excuse me, Pardon",B2
4000,Біз құптаймыз.,Мы согласны.,We agree.,B2
4001,Мен құптаймын.,Cогласен/согласна,I agree.,B2
4002,Ғафу етіңіз.,Простите.,"Excuse me, I’m sorry",B2
4003,Міндетті түрде.,Обязательно.,surely/certainly/by all means,B2
4004,Сөзсіз.,Безусловно.,certainly/absolutely,B2
4005,"Иә, бұл мен.","Да, это я.","Yes, it’s me.",B2
4006,"Мақұл, жарайды.",Ладно.,Well! All right.,B2
4007,Жақсы.,Хорошо,All right.,B2
4008,"Жарайды, әрине.","Да, конечно.",Of course.,B2
4009,Мүмкін.,Возможно.,Maybe.,B2
4010,Өте жақсы.,Очень хорошо.,Very good.,B2
4011,"Иә, мейліңіз.","Да, пожалуйста.","Yes, please.",B2
4012,Мен қарсы емеспін.,Я не возражаю.,I do not mind.,B2
4013,Жоққа шығару,Отрицание,Negation,B2
4014,Болмайды.,Нельзя.,"No, you don’t.",B2
4015,"Жоқ, рахмет.","Нет, спасибо.","No, thank you.",B2
4016,Біз келіспейміз.,Мы не согласны.,We don’t agree (with)…,B2
4017,Білмейміз Бұл менің қолымнан,Не знаем,We do not know.,B2
4018,келмейді.,Это не в моих силах.,It’s quite impossible.,B2
4019,Құптамаймын.,Не поддерживаю.,I hold no brief for/ I don’t support.,B2
4020,Бұл мүмкін емес.,Это невозможно.,It’s impossible.,B2
4021,Бұл біздің қолымыздан,Это не в наших силах.,We can not handle this/,B2
4022,Бұлай болуы мүмкін емес.,Это исключено.,It is out of the question.,B2
4023,Бұлай істей алмаймын,Я не могу этого сделать.,I cannot do  it like this.,B2
4024,Сенікі дұрыс емес.,Ты не прав(а).,You are not right.,B2
4025,Сіз қателесесіз.,Вы ошибаетесь.,You are mistaken.,B2
4026,Аман – сау бол!,Будь здоров! До свидания!,Good bye!,B2
4027,"Ал, сау бол!","Ну, до свидания! Пока!","Bye, bye!",B2
4028,Қош бол!,Счастливо оставаться!,Good luck!,B2
4029,Сәлем айт!,Передай привет!,Best regards to…,B2
4030,Кіруге бола ма?,Можно войти?,May I come in?,B2
4031,Әпере салыңызшы!,"Подайте, пожалуйста!",Could you pass it to me?,B2
4032,Есікті жабыңызшы!,"Закройте дверь, пожалуйста!",Could you  close the door?,B2
4033,Түсіндіріңізші!,"Объясните, пожалуйста!",Could you explain  to me?,B2
4034,"Айналайын, көмектесіңізші!","Помогите, пожалуйста","Please, help me.",B2
4035,Айып етпеңіз.,Извините.,Еxcuse me.,B2
4036,Мұнда әкеліңізші!,Принесите.,Could you bring it?,B2
4037,Өзіңіз алыңызшы.,"Сами возьмите, пожалуйста.",Could you take it yourself?,B2
4038,Сізден өтінемін.,Прошу вас.,Could you do a favour?,B2
4039,Абыржымаңыз.,Не волнуйтесь.,Don’t worry.,B2
4040,Айтып жіберіңізші.,"Подскажите, пожалуйста",Could you tell me?,B2
4041,Көмектесіп жіберіңізші.,"Помогите, пожалуйста",Could you help me?,B2
4042,Сабыр етіңізші.,"Успокойтесть, пожалуйста.",Take it easy.,B2
4043,Сәл кідіріңізші. МӘДЕНИЕТ,Подождите немного.,Wait a little.,B2
4044,"астана, елорда",столица,capital,B2
4045,әнұран,гимн,hymn,B2
4046,сот,суд,court,B2
4047,демократия,демократия,democracy,B2
4048,аумақ,территория,territory,B2
4049,өркениет,цивилизация,civilization,B2
4050,наразылық,протест,protesa,B2
4051,қоғамдық құрылыс,общественный строй,social system,B2
4052,республика,республика,republic,B2
4053,президент,президент,president,B2
4054,азамат,гражданин,citizen,B2
4055,ұлт,национальность,nationality,B2
4056,халықаралық,международный,international,B2
4057,парламент,парламент,parliament,B2
4058,депутат,депутат,deputy,B2
4059,партия,партия,party,B2
4060,"аумақ, территория",территория,territory,B2
4061,халықтық,народный,national,B2
4062,"билік, өкімет",власть,authority,B2
4063,Атазаң,Конституция,Constitution,B2
4064,кәсіподақ,профсоюз,trade union,B2
4065,сьезд,сьезд,congress/convention,B2
4066,конференция,конференция,conference,B2
4067,реформа,реформа,reform,B2
4068,бюллетень санау,считать биллютень,to consider биллютень,B2
4069,сайлаушылармен,встреча,to meet with electors,B2
4070,үгіттеу,агитировать,to canvass for smb.,B2
4071,жеңу/ұту,победить,to win,B2
4072,дауысқа түсу,баллoтироваться,to be candidate (for)/run (for),B2
4073,дауыс жинау,собрать голос,to collect/to poll votes,B2
4074,бюджет,бюджет,budget,B2
4075,келісім шарт,контракт,contract,B2
4076,өмір сүру деңгейі,жизненный уровень,standard of  living,B2
4077,көтерілуі,повышение,rise,B2
4078,төмендеу,снижение,reduction,B2
4079,сыртқы сауда,внешняя торговля,foreign trade,B2
4080,ұлттық табыс,национальный доход,national income,B2
4081,қолма қол,наличные,cash,B2
4082,Сыртқы саясат,Внешняя политика,Foreign Policy,B2
4083,мәмілегерлік,дипломатия,diplomacy,B2
4084,бейбіт қатар өмір сүру,мирное сосуществование,peaceful coexistence,B2
4085,өзара көмек,взаймопомощь,mutual assistance,B2
4086,ынтымақтастық,сотрудничество,collaboration,B2
4087,араласпау,невмешательство,non-interference,B2
4088,шапқыншылық,интервенция,intervention,B2
4089,басқыншылық,агрессия,aggression,B2
4090,геосаясат,геополитика,geopolitics,B2
4091,Салауатты өмір,Здоровый образ,Healthy way of,B2
4092,салты,жизни,life,B2
4093,қоршаған ортаны қорғау,защита окружающей среды,environmental protection,B2
4094,ішімдікке салыну,алкоголизм,alcoholism,B2
4095,ішімдікпен күрес,борьба с алкоголизмом,struggle against alcoholism,B2
4096,денсаулыққа зиян,вред для здоровья,health hazard,B2
4097,темекі шегу,курениe,smoking,B2
4098,cауығу,выздоровление,recovery/curing,B2
4099,арықтық,похудание,loss of weight/sliming,B2
4100,нашақорлық,наркомания,narcotism,B2
4101,Сыртқы зақымдану,Наружное повреждение,External injury,B2
4102,сынық,перелом,fracture,B2
4103,күйік,ожог,burn,B2
4104,жара,рана,hurt/wound,B2
4105,инфекция,инфекция,infection e,B2
4106,инфекция (індет),чума,plague,B2
4107,жұқпалы ауру,инфекционное заболевание,infectious disease,B2
4108,ірің,гной,pus/suppuration,B2
4109,дизентерия (іш ауыру),дизентерия,dysentery,B2
4110,оба,холера,cholera,B2
4111,"құрт ауруы, туберкулез",туберкулез,tuberculosis,B2
4112,сүзек,брюшной тиф,typhoid,B2
4113,шешек,оспа,smallpox,B2
4114,жұқпалы тамақ ауруы,скарлатина,scarlatina,B2
4115,"бөртпе, сүзек",сыпной тиф,typhus,B2
4116,қызуы көтерілу,температура,fever,B2
4117,дәрі ішу,принимать лекарство,to accept a medicine,B2
4118,аллергия,аллергия,allergy,B2
4119,психикалық аурулар,психическое заболевания,mental disease,B2
4120,невралгия,невралгия,neuralgia,B2
4121,жүрек ауруы,болезнь сердца,cardial disease,B2
4122,ревматизм,ревматизм,rheumatism,B2
4123,өкпенің қабынуы,пневмония,pneumonia,B2
4124,венерологиялық аурулар,венерическая болезнь,veneral disease,B2
4125,мерез,сифилис,syphilis,B2
4126,қатерлі ісік,рак,canser,B2
4127,бас ауру,головная боль,headache,B2
4128,тіс ауыру,зубная боль,toothache,B2
4129,құлағы ауру,боль в ухе,earache,B2
4130,қан қысымы,давление крови,blood preassure,B2
4131,жоғарғы қызу,повышенная температура,fever,B2
4132,басы айналу,головокружение,dizziness,B2
4133,терлеу,потениe,sweating,B2
4134,жүрегі айну,тошнота,nausea,B2
4135,Дәрігерлер/аурухана,Врачи/больница,"Doctor/physician, hospital",B2
4136,психиатр,психиатр,psychiatrist,B2
4137,тіс дәрігері,зубной врач,dentist,B2
4138,көз дәрігері,окулист,oculist/ophthalmologist,B2
4139,"науқас, пациент","больной, пациент",patient,B2
4140,"Дәрігерлік тексеру,","Медосмотр,","Medical examination,",B2
4141,қан сараптамасы,анализ крови,blood test/blood examination,B2
4142,зәр анализі,анализ мочи,urine analysis,B2
4143,рентген,рентген,x-ray,B2
4144,терапия,терапия,therapy,B2
4145,операция,операция,operation,B2
4146,дәрі егу,укол,injection,B2
4147,гипс/пластырь,пластырь,plaster,B2
4148,жағатын май,мазь,ointment,B2
4149,рецепт,рецепт,prescription,B2
4150,жансыздандыру,анестезия,anesthesia,B2
4151,"Кезең, стадияны",Глаголы,Verbs defining,B2
4152,білдіретін етістіктер,"определяющие стадию, период","stage, the period",B2
4153,дайындалу,готовиться,to prepare,B2
4154,көріну/пайда болу,появиться,to appear/ to emerge,B2
4155,жалғастыру,продолжить,to continue,B2
4156,кейінге қалдыру,откладывать,to adjourn/to defer/ to suspend/to postpone,B2
4157,аяқтау/бітіру,завершить,to complete,B2
4158,тоқтап қалу,остановиться,to stop,B2
4159,Қозғалыс етістіктері,Глаголы действий,Verbs of actions,B2
4160,қозғалу,двигаться,to move,B2
4161,сілкілеу,трясти,to shake,B2
4162,шайқалу,раскачиваться,to swing,B2
4163,сырғу,катиться,to roll,B2
4164,бұрылу,повернуться,to rotate/to turn,B2
4165,еңбектеу,ползать,"to creep, crawl",B2
4166,айналу,вращаться,to revolve/to rotate,B2
4167,құлау,упасть,to fall,B2
4168,түсіру,спустить,to lower,B2
4169,төмен түсу,спуститься,to go/to come down,B2
4170,көтерілу,подняться,to walk up/to go/to come upstairs,B2
4171,түсірілу,опуститься,to sink/to go down,B2
4172,баяулату,замедлить,to slow down/to decelerate,B2
4173,қашу,убежать,to run away,B2
4174,қуу,гнаться,to turn out/ to drive,B2
4175,ұстап алу,схватить,to snatch/to seize/to catch,B2
4176,қуып жету,догнать,to catch up (with),B2
4177,қалдырып кету,оставить,to leave,B2
4178,аулақ жүру,избегать,to avoid/to run,B2
4179,қиылысу,пересекать,to cross,B2
4180,кесіп өту,перейти,to run into,B2
4181,оралу,вернуться,to return/to go back,B2
4182,жылжу,продвигаться,to move,B2
4183,ілесу,следовать,to follow/ to go after,B2
4184,жанынан өтіп кету,пройти мимо,to past by,B2
4185,бару,пойти,to go,B2
4186,ағу,течь,to flow/to run,B2
4187,ескек есу,грести,to row,B2
4188,қиып өту,пересечь,to cross,B2
4189,бұрылу оңға (солға),повернуть направо (налево),to turn to the right (left),B2
4190,батып кету,утонуть,to sink,B2
4191,иелікті білдіретін,Глаголы,Presence,B2
4192,етістіктер,наличия,verbs,B2
4193,болу,быть,to be,B2
4194,қатыспау,отсутствовать,to be absent,B2
4195,бос болу,быть пустым,to be empty,B2
4196,біреуге тиесілі болу,принадлежать,to belong,B2
4197,керек ету,нуждаться,to need,B2
4198,қажет болу,быть необходимым,to be necessary,B2
4199,"толтыру, жинау",накопить,to amass/ to save up,B2
4200,қалдық,остаток,balance,B2
4201,қысқарту,сократить,to shorten,B2
4202,ұстап тұру,поддерживать,to support,B2
4203,сақтап қою,сохранить,to preserve,B2
4204,қосу/үстемелеу,"дополнить, прибавить",to add,B2
4205,шығарып тастау,исключить,to exclude,B2
4206,бүлдіру,испортить,to spoil,B2
4207,Қалып-жағдайды,Глаголы,Verbs defining,B2
4208,салып қою,класть,to lay/put down,B2
4209,араластыру,перемешать,to stir/to mix,B2
4210,ілу/ілініп тұру,"повесить, висеть",to hang,B2
4211,мекенжайын анықтау,определить местонахождение,identity location,B2
4212,Сенімділік/,НадежноСТЬ/,Reliably/,B2
4213,күдіктілік,сомнительность,doubtfulness,B2
4214,сенімді болу,быть уверенным,to be confident/to be certain,B2
4215,үміттену,надеяться,to hope,B2
4216,туылу,родиться,to be born,B2
4217,Жұмыс істеу,Работать,To work,B2
4218,жұмысқа кірісу,приступить к работе,to get a job,B2
4219,ақша жұмсау,тратить,to spend,B2
4220,ұқыпты болу,быть бережливым,to thrifty/ to economical,B2
4221,тамақ дайындау,готовить еду,to cook,B2
4222,тістеу,кусать,to bite,B2
4223,қайнау,кипеть,to boil,B2
4224,шайнау,жевать,to chew,B2
4225,су ішу,пить воду,to drink water,B2
4226,үтіктеу,гладить,to iron,B2
4227,сәннен шығу,выйти из моды,to old-fashioned,B2
4228,"Ұйқы, ояну","Сон, просыпаться","The dream, to wake up",B2
4229,ұйқыдан тұру,проснуться,to get up,B2
4230,тіс тазалау,чистить зубы,to brush/to clean one’s teeth,B2
4231,қырыну,бриться,to shave,B2
4232,ұйықтап кету,заснуть,to fall asleep,B2
4233,ояту,будить,to wake up,B2
4234,сүртіну,вытираться,to wipe/ to dry oneself,B2
4235,шаш сәндеу,делать прическу,to style hair,B2
4236,тарану,причесываться,to one’s hair,B2
4237,жөтелу,кашлять,to cough,B2
4238,түшкіру,чихать,to sneeze,B2
4239,емделу,лечиться,to cure,B2
4240,"жазылу, сауығу",выздаравливать,to recover,B2
4241,әлсіреу,слабеть,to weaken,B2
4242,Сезім етістіктері,Глагол чувств,Verb of feelings,B2
4243,жақсы қарым-қатынас,хорошее отношение,good fellowship,B2
4244,мақтау,хвалить,to praise,B2
4245,ғашық болып  қалу,влюбиться,to fall in love (with),B2
4246,жаман қарым-қатынас,плохое отношение,the bad relation,B2
4247,ренжіту,обидеть,to hurt/to wound smb’s feelings/to offend,B2
4248,кінәлау,обвинять,to accuse,B2
4249,күмәндану,сомневаться,to doubt,B2
4250,назар аудармау,не обращать внимания,to disregard,B2
4251,балағаттау,бранить,to scold/to abuse,B2
4252,ұрсысу,ссориться,to quarrel (with)/ to fall out (with),B2
4253,сес көрсету,упрекать,to reproach,B2
4254,ашулы болу,сердиться,to be angry with smb. at/ about smth.,B2
4255,Қуаныш. Қайғы,Радость. Горе,Pleasure. Grief,B2
4256,көңілдену,веселиться,to enjoy oneself/to make merry,B2
4257,шыдау,терпеть,to bear,B2
4258,қорқыту,пугать,to scare,B2
4259,мақтаныш ету,гордиться,to be proud of,B2
4260,мақтану,хвастаться,to boast of,B2
4261,зардап шегу,страдать,to suffer,B2
4262,шыдас беру,выстоять,to withstand,B2
4263,берілу,сдаться,to give in,B2
4264,тізе бүктіру,победить,to capitulate/ to surrender,B2
4265,мазасыздану,беспокоиться,to be anxious/ to worry about,B2
4266,тыныштандыру,успокоить,to comfort/to console,B2
4267,сүйсіну,восхищаться,to enjoy/to take pleasure,B2
4268,таңдану,удивляться,to be surprised/ to be astonished,B2
4269,Мақтаныш. Қарапайымдылық,Гордость. Простота,Pride. Simplicity,B2
4270,дандайсу,"зазнаваться, наглеть,",to give oneself airs,B2
4271,көкірек көрсету,показать гордость,to show pride,B2
4272,Тырысу. Жалқаулық,Стараться. Лень,Try. Laziness,B2
4273,жалқаулану,лениться,to be lazy,B2
4274,бар мүмкіндікті,стараться сделать все,to do one’s  best,B2
4275,Эмоциялар,Оттенки эмоции,Tinge of emotion,B2
4276,қорқу,бояться,to be afraid of/ to scared,B2
4277,намысына тию,оскорбить,to insult/ to outrage,B2
4278,таңдандыру,удивить,to amaze/ to surprise,B2
4279,жанын жаралау,ранить душу,to hurt,B2
4280,Ойлау етістіктері,Глаголы мышления,VeRBs thinking,B2
4281,әлемді қабылдау,восприятие мира,perception of the world,B2
4282,сезіне білу,чувствовать,to feel,B2
4283,айыра білу,различать,to distinguish/to differentiate,B2
4284,тану,позновать,to percieve,B2
4285,жаттау,заучить,to learn by heart,B2
4286,жатқа оқу,учить наизусть,to learn by heart,B2
4287,қателесу,ошибиться,to be mistaken,B2
4288,есіне сақтау,запомнить,to remember/to keep in mind,B2
4289,Оқу операциялары,Образовательные,Educational,B2
4290,cызу,чертить,to inscribe,B2
4291,әңгімелеу,рассказать,to narrate,B2
4292,қатесін табу,найти ошибку,to find a mistake,B2
4293,әңгімелеп беру,пересказать,to retell,B2
4294,мазмұндау,изложить,to recount,B2
4295,Логикалық,Логические,Logic,B2
4296,операциялар,операции,operations,B2
4297,шешу,решить,to make up one’s mind,B2
4298,қорытынды жасау,сделать вывод,to draw a conclusion,B2
4299,қарастыру,рассмотреть,to examine/to consider,B2
4300,болжау,предположить,to suppose,B2
4301,назарға алу,принять во внимание,to regard/to take into account,B2
4302,тәжірибеден өткізу,экспериментировать,to experiment (on with),B2
4303,берілгендерді өңдеу,обработать данные,to process data,B2
4304,Компьютерде,Работать,To work,B2
4305,бағдарлама дайындау,разработать программу,program working out,B2
4306,ақпарат алу,получить информацию,to receive the information,B2
4307,сайтты ашу,открыть сайт,to open,B2
4308,файлды жабу,закрыть файл,to close,B2
4309,флэш-жадын суыру,удалить флэш-память,to remove flash,B2
4310,картридж ауыстыру,заменить картридж,to replace a cartridge,B2
4311,мәлімет іздеу,искать данные,to search,B2
4312,тауып алу,найти,to discover/to find,B2
4313,хабарламаны жіберу,отправить сообщение,to send,B2
4314,ажырату,отсоединить,to disconnect/to detach,B2
4315,тінтуір,мышка,mouse,B2
4316,бақылау,наблюдать/контролировать,to test,B2
4317,қайта тексеру,перепроверить,to recheck,B2
4318,әрекет ету,действовать,to operate/to function,B2
4319,Қолмен жасалатын,Движения руками,Movements by,B2
4320,ұстау,держать,to hold,B2
4321,түсіріп алу,уронить,to drop,B2
4322,тастау,бросить,to throw,B2
4323,жерден көтеру,поднять с пола,to lift,B2
4324,жармасу,хватать,"to snatch, grasp",B2
4325,жанап кету,касаться,to touch (with),B2
4326,шашып тастау,разбросать,to throw about/to scatter about,B2
4327,біріктіру,соединять,to join,B2
4328,желімдеу,приклеить,to glue/to paste,B2
4329,шеге қағу,прибить гвоздьем,to nail,B2
4330,шешіп алу,развязать,to untie/to unbind,B2
4331,орау,завернуть,to wrap (up/in),B2
4332,тығып қою,спрятать,to hide,B2
4333,сындыру,сломать,to break,B2
4334,жырту,порвать,to tear,B2
4335,үгу,тереть,to grind,B2
4336,қирату,разрушить,to destroy,B2
4337,ұнтақтау,молоть,to grind/to mill,B2
4338,Сумен қатысты,Операции,Operations,B2
4339,іс-әрекеттер,с водой,with water,B2
4340,қол жуу,мыть руки,to wash,B2
4341,сулау,намочить,to damp,B2
4342,сығу,выжимать,to twist,B2
4343,суару,поливать,to water,B2
4344,еріту,растворить,to dissolve,B2
4345,Қатысым етістіктері,Глаголы обЩения,Dialogue verbs,B2
4346,"жауап беру, деу","отвечать,сказать",to аnswer/to say,B2
4347,сыбырлау,шептать,to whisper,B2
4348,үндемеу,молчать,to keep/to be silent,B2
4349,ымдау,подавать знак жестами,to make signals to,B2
4350,әңгіме айту,рассказать,to tell/to narrate,B2
4351,Біреумен қарым- қатынас жасау,Взаимоотношение,Mutual relation,B2
4352,әңгімелесу,беседовать,to talk,B2
4353,өтініш білдіру,попросить,to request  (smth from smb.),B2
4354,ақпараттандыру,проинформировать,to inform,B2
4355,бұйыру,приказать,to order (to),B2
4356,пікір ұсыну,предложить идею,to suggest an idea,B2
4357,алу/беру,взять/дать,to take/to give,B2
4358,жалға алу/беру,дать/брать в аренду,to hire/to rent,B2
4359,қабылдап алу,принять,to accept,B2
4360,қарызға алу,брать взаймы,to borrow,B2
4361,әдеп білдіру,соблюдать приличие,to observe decency,B2
4362,қонаққа шақыру,пригласить в гости,to invite,B2
4363,төрге отыру,сесть на почетное место,to sit down on a place of honor,B2
4364,қарсы алу,встретить,to meet,B2
4365,қонақ күту,принимать гостей,to receive guest,B2
4366,кешіру,простить,to excuse/to apology,B2
4367,үйге шығарып салу,проводить домой,to see smb. оff,B2
4368,ізет көрсету,оказать уважение,to show respect,B2
4369,алғыс білдіру,поблагодарить,to thank,B2
4370,таныс болу,быть знакомым,to be familiar with smb.,B2
4371,кедергі келтіру/мазалау,мешать,to prevent/to interfere,B2
4372,риза болу,быть довольным,to be happy,B2
4373,ризашылық білдіру,выразить благодарность,to escpress gratitude,B2
4374,тәртіп бұзу,нарушать дисциплину,to break discipline,B2
4375,тергеуші,следователь,to investigator,B2
4376,мазалау,беспокоить,to worry,B2
4377,сотқа беру,подать в суд,to sue,B2
4378,түрмеге отырғызу,посадить в тюрьму,to put into prison,B2
4379,жемқорлық,взяточничество,bribery,B2
4380,сыбайлас жемқорлық,коррупция,corruption,B2
4381,жала жабу,клеветать,to blacken,B2
4382,жазалау,наказать,to punish,B2
4383,соттау,судить,to try,B2
4384,кінәлі деп тану,признать виновным,to find smb. guilty,B2
4385,үкім шығару,вынести приговор,to deliver a judgement,B2
4386,ақтау,оправдать,to acquit/to discharge,B2
4387,өлтіру,убить,to kill,B2
4388,Күрес мәнді етістіктер,Глаголы борьбы,Struggle verbs,B2
4389,шабуылдау,нападать,to attack,B2
4390,жаулап алу,завоевать,to conquer,B2
4391,қарулану,вооружиться,to arm,B2
4392,жауласу,враждовать,be at enmity,B2
4393,қарусыздандыру,обезоружить,to disarm,B2
4394,соғыс жүргізу,вести войну,to wage war/to fight a war,B2
4395,оқ ату,стрелять,to shoot,B2
4396,соғыс жағдайында болу,быть в состоянии войны,to be at war (with),B2
4397,жаралану,быть раненным,to be wounded,B2
4398,қорғану,защищаться,to defend/to protect,B2
4399,құтқару,спасти,to save/to rescue,B2
4400,қарсыласу,сопротивляться,to resist/to oppose,B2
4401,қарсы тұру,противостоять,to resist,B2
4402,Күрес нәтижесі,Результат борьбы,Result of the struggle,B2
4403,жеңу,победить,to win,B2
4404,жеңілу,проиграть,to lose,B2
4405,шегіну,отступиться,to cede,B2
4406,асып түсу,преодолеть,to overcome,B2
4407,жеңіліске шыдау,терпеть поражение,to defeat,B2
4408,қоршауда қалу,быть окруженным,to be surrounded/ to encircled/ to rounded up,B2
4409,басып алу,захватить,to capture,B2
4410,тұтқынға түсу,попасть в плен,to be taken prisoner,B2
4411,Соғыстағы операциялар,Операции на войне,War actions,B2
4412,ату,стрелять,to shoot,B2
4413,жаралау,ранить,to wound,B2
4414,дәлдеу,целиться,to aim/to level a gun,B2
4415,жарылыс,взрыв,explosion,B2
4416,атқылау,обстреливать,to fire (at/upon)/ to centre fire (on),B2
4417,бомбалау,бомбить,to bomb,B2
4418,дәл түсу,попасть,to hit,B2
4419,мүлт кету,промахнуться,to miss,B2
4420,бағыттау,направить,to aim/to level at,B2
4421,сөз сөйлеу,выступить с речью/,to deliver speech/,B2
4422,тілеу,желать,to wish,B2
4423,құтты болсын айту,поздравить,to congratulate,B2
4424,дәрігердің қабылдауы,прием врача,appointment,B2
4425,ауруханаға жату,лечь в больницу,to lie in a hospital for a checkup,B2
4426,рецепт жазу,выписать рецепт,to prescription,B2
4427,ауырады,"болит (горло, зуб, живот,",to have a sore throat/ headache/,B2
4428,"(тамақ, тіс, іш, бас)",голова),toothache/stomachache,B2
4429,ауырып қалу,заболеть,to fall ill,B2
4430,аяғын сындыру,сломать ногу,to break smb’s leg,B2
4431,ине салу,иглоукалование,to give smb. an injection,B2
4432,дәрілер жазып беру,выписать лекарства,to prescribe a medicine,B2
4433,таңу,сделать перевязку,to bandage,B2
4434,дәрі тамызу,капать лекарство,to drop (a medicine),B2
4435,"(құрылғыға, рентгенге, ...) түсіру",сделать снимок,to take radiograph x-ray,B2
4436,егу,делать укол,give smb. an injection,B2
4437,қолы шығу,вывих руки,dislocation,B2
4438,ауруын анықтау,ставить диагноз,to diagnose,B2
4439,жарақаттану,получить травму,to injure,B2
4440,автобус күту,ждать автобус,to wait the bus,B2
4441,ұшаққа үлгеру,успеть на самолет,to be in time aboard the plane,B2
4442,рейске кешігу,опоздать на рейс,to miss  a train,B2
4443,қону,приземлиться,to land,B2
4444,жолдан шаршау,уставать с дороги,to be tired,B2
4445,"сапар шегу, саяхаттау",путешествовать,to travel,B2
4446,пойызға отыру,садиться в поезд,to get on (what)/to take (what)?,B2
4447,демалысқа кету,уехать на отдых,to leave on rest,B2
4448,ауысып отыру,делать пересадку,to change,B2
4449,ұшып келу,прилететь,to arrive,B2
4450,ұшып кету,улетeть,to fly (away) (where)?,B2
4451,сыпыру,подметать,to sweep,B2
4452,үй жинау,убирать дом,to clean the house,B2
4453,еден жуу,мыть пол,to clean the appartment,B2
4454,шаң сүрту,вытирать пыль,to dust,B2
4455,шаң сорғызу,пылесосить,"to vaccum, hoover",B2
4456,қағу,вытряхивать,to shake out,B2
4457,далаға шығару,вынести на улицу,to carry out,B2
4458,"тауға шығу, көтерілу",подниматься в горы,to rise,B2
4459,төбеден түсу,спуститься,to go/to come down,B2
4460,тығу,спрятать,to hide,B2
4461,сабындау,мылить,to soap,B2
4462,ұнтақ салу,добавить порошок,to add powder,B2
4463,бет ашу,открыть страницу,to open page,B2
4464,жазылу,записываться,"to join, subscribe to",B2
4465,кітап алу,"брать, взять книгу",to take,B2
4466,кітап өткізу,сдавать книги,to return (a book) to,B2
4467,көшірмесін жасау,сделать копию,copy,B2
4468,турау,резать,to cut,B2
4469,"қосу (тұз, ...)","добавить  (соль, ...)",to add to,B2
4470,"аршу, тазалау",чистить,to peel,B2
4471,әзірлеу,готовить,to cook,B2
4472,демдеу,заварить (чай),to seal/to brew,B2
4473,шөп шабу,косить сено,to mow hay,B2
4474,"егу, себу",сеять,to sow,B2
4475,суғару,поливать,to water,B2
4476,егін жинау,сбор урожая,harvesting,B2
4477,егін салу,посев,crop,B2
4478,егін ору,жатва,harvest,B2
4479,жер жырту,распахивать землю,to plow up the earth,B2
4480,Тігін,Шитье,Sewing,B2
4481,өлшеу,мерить,to try on,B2
4482,пішу,кроить,to cut,B2
4483,сөгу,пороть,to lash,B2
4484,кесте тігу,шить узоры,to sew patterns,B2
4485,өрнектеу,вышивать,to embroider,B2
4486,қиюластыру,сшивать,to sew,B2
4487,балғалау,бить молотком,to hummer,B2
4488,тегістеу,выравнить,to make even/to smooth,B2
4489,Орналастыру,Размещение,Placing,B2
4490,затты ілу,повесить,to hung up,B2
4491,затты қою,поставить,to put down,B2
4492,жылжыту,продвигать,to move,B2
4493,қайта орналастыру,сделать перестановку,to move,B2
4494,астына салу,подложить,to lay/to put (under),B2
4495,қарызға беру,дать займы,to give loans,B2
4496,көтерме сауда,оптовая продажа,wholesale,B2
4497,тауар әкелу,привезти товар,to bring the goods,B2
4498,сатып алу,купить,to buy,B2
4499,саудаласу,торговаться,to bargain/to discuss the price,B2
4500,бағасын түсіру,уступить в цене,to let/to yield,B2
4501,қайтару,вернуть,to pay back,B2
4502,ұтылу,проиграть,to lose,B2
4503,арзандату,уценить,reduce the price,B2
4504,қымбаттау,дорожать,rise in price,B2
4505,жоғары нәтиже көрсету,показать высокие результаты,to achieve high results,B2
4506,бокстасу,боксировать,to box,B2
4507,доп лақтыру,кидать мяч,to throw a ball,B2
4508,жебе тарту,натянуть лук,to pull onions,B2
4509,нәтижеге жету,достичь результатов,to reach results,B2
4510,"шынығу, жаттығу",тренироваться,to train/to coaching,B2
4511,ұпай жинау,"набрать балл, очки",to  gain scores,B2
4512,жаттықтыру,тренировать,to train/to coach,B2
4513,сырғанау (конькимен ...),кататься на коньках,to skate,B2
4514,жанкүйер болу,быть болельщиком,to be the fan,B2
4515,тартылу,подтягиваться,to pull oneself up,B2
4516,"спросить, просить",сұрау,to ask,B2
4517,қол қою,подписать,to sign,B2
4518,"дайындап қою, дайындау","приготовить, готовить",to prepare,B2
4519,толықтыру,дополнить,to add to,B2
4520,түзеу,исправить,to correct,B2
4521,ресімдеу,оформить,to draw/to execute,B2
4522,"қирату, бұзу",разрушить,to break,B2
4523,үй салу,построить дом,to build/to construct,B2
4524,қабырғасын тұрғызу,поднять стены,to upbuild,B2
4525,қірпіш қалау,делать кладку,to lay,B2
4526,сылау,штукатурить,to parget/to plaster/ to render/to stucco,B2
4527,төсеу,постелить,to lay,B2
4528,тесу,просверлить,to drill,B2
4529,жапсыру,наклеить,to glue/to paste,B2
4530,әйнектеу,застеклить,to pane/to glare,B2
4531,"орнату, салу",установить,to place/to install,B2
4532,жауап алу,допросить,to examine/to interrogate/,B2
4533,"айыптаушы, прокурор",прокурор,inspector,B2
4534,іздеу салу,подать в розыск,judge,B2
4535,айтып беру,рассказать,to investigate,B2
4536,мойнына алу,признать вину,to tell,B2
4537,іздестіру,принимать меры,to demand/to claim,B2
4538,сұрастыру,расспрашивать/наводить,to submit to the law,B2
4539,өндіріп алу,признать,to adjudicate,B2
4540,қорғаушы,доказать,to prove,B2
4541,айыпталушы,адвокат,barrister,B2
4542,күдікті,обвиняемый,accuse,B2
4543,қылмыскер,преступление,crime,B2
4544,айып,вина,fine,B2
4545,түрме,тюрьма,prison,B2
4546,үкім,приговор,sentence/verdict,B2
4547,Бөлшектеу,Деление,Division,B2
4548,ажырату/айыру,различать/разделить,to distinguish/ to divide,B2
4549,үгіту,молоть,to powder,B2
4550,езу,давить/раздавить,to crush,B2
4551,бөліну,делиться,to divide (into),B2
4552,майдалау,измельчить,to crush/to pulverize,B2
4553,сіңдіру,пропитать,to absorb,B2
4554,іріту,заквашивать,to turn sour,B2
4555,баланы киіндіру,одеть ребенка,to dress the child,B2
4556,түйме қадау,пришить пуговицу,to sew a button,B2
4557,киімілгіш,вешалка,hanger,B2
4558,жазып алу,записать,to write down,B2
4559,еске сақтау,запомнить,to remember,B2
4560,аяқтау,закончить,to finish,B2
4561,конспектілеу,конспектировать,to take notice,B2
4562,"Бір нәрсенің,","Цена, значимость","The price, the",B2
4563,"біреудің бағасы,","чего-либо, кого-","importance something,",B2
4564,маңыздылығы,либо,someone,B2
4565,баға беру,дать оценку,to evaluate,B2
4566,ұрсу,ругать,to scould,B2
4567,маңызы болу,иметь значение,to be of importance,B2
4568,сынау,критиковать,to criticize,B2
4569,қатысы болу,относиться,to concern,B2
4570,көзқарасын білдіру,выразить точку зрения,to express  opinion,B2
4571,таксиге отыру,садиться в такси,to sit down in a taxi,B2
4572,"үйлену, күйеуге шығу","жениться, выйти замуж",to marry,B2
4573,"ана, әке болу","стать отцом, матерью",to become the father,B2
4574,тұрмыста болу,быть замужем,to be married,B2
4575,"Оқу, білімге қатысты",Слова касающиеся,Words connected,B2
4576,"тапсырма, сұрақ беру",задать вопрос,to give smb. task,B2
4577,оқуға түсу,поступать учиться,to enter university,B2
4578,білім алу,получить образование,to get  knowledge,B2
4579,мазмұнын талдау,проанализировать содержание,to analyze the maintenance,B2
4580,жаңалық жасау,сделать открытие,to invent,B2
4581,тәжірибе зерттеу,изучить опыт,to study experience,B2
4582,тақырыпты талдау,обсудить тему,to discuss,B2
4583,шығармашылықпен айналысу,заниматься творчеством,to be engaged in creativity,B2
4584,тоқсанды аяқтау,закончить четверть,to solve a problem,B2
4585,өткенмен салыстыру,сравнение с прошлым,comparison with the past,B2
4586,қателерді түзеу,исправить ошибки,to rectify errors,B2
4587,сабақ оқыту,преподавать,to learn a lesson,B2
4588,Есептік амалдар,Арифметические операции,Calculation,B2
4589,есептеу,вычислить,to calculaten,B2
4590,интегралдау,интегрование,integration,B2
4591,дифференциалдау,дифференцирование,diferentation,B2
4592,Ғылыми ізденіске,"глаголы, Относящи-",Concerning,B2
4593,қатысты етістіктер,еся,scientific searches,B2
4594,"аяқтау, бітіру",завершить,to finish,B2
4595,"теңеу, салыстыру",сравнение,to comparison,B2
4596,қағидаларын анықтау,определить принципы,to define principles,B2
4597,түсініктеме беру,интерпретировать,interpret,B2
4598,нәтижелерді салыстыру,сравнивать результаты,to compare results,B2
4599,баяндау,докладывать,to report,B2
4600,суреттеу,описать,to describe,B2
4601,салғастыру,сопоставить,to compare,B2
4602,жетілдіру,усовершенствовать,to improve,B2
4603,күрделендіру,усложнить,to complicate,B2
4604,тереңдету,углубить,to deepen,B2
4605,қорыту,обобщить,to summarize,B2
4606,тұжырымдау,заключение,to conclude,B2
4607,Коммуникация,Коммуникация,Communication,B2
4608,қазақша сөйлеу,говорить на казахском языке,to speak in the Kazakh language,B2
4609,кездесуге шақыру,пригласить на встречу,to invite for a meeting,B2
4610,сәлем жолдау,послать привет,to send greetings,B2
4611,хат жазу,написать письмо,write the letter,B2
4612,хабар жіберу,отправить сообщение,to send the message,B2
4613,рұқсат сұрау,попросить разрешения,to ask of the permission,B2
4614,көмек сұрау,попросить помощи,to ask the help,B2
4615,газет оқу,читать газету,to read the newspaper,B2
4616,ағылшыншадан аудару,перевести с английского,to translate from English,B2
4617,талқылауға қатысу,участвовать в обсуждении,to participate in discussion,B2
4618,кеңесу,посоветоваться,to сonsult,B2
4619,"Қызмет, әрекетке","Деятельность,","Activity, actions",B2
4620,мектепте жұмыс істеу,работать в школе,to work at school,B2
4621,еңбек ету,трудиться,work,B2
4622,ғылыми зерттеу,научное исследование,scientific research,B2
4623,жұмыс тобын құру,создать рабочую группу,to create working group,B2
4624,жетекшілік ету,руководить,to lead,B2
4625,сыйақы алу,получить премию,to receive the award,B2
4626,"ұнау, ұнамау","понравиться,",to be pleasant/not to be,B2
4627,жақсы көру/жек көру,любить/ненавидеть,to love/to hate,B2
4628,"конкурсқа, фестивальге",принимать участие,"to take part in festival,",B2
4629,рөлде ойнау,играть роль,to play a role,B2
4630,сурет салу,рисовать,to draw,B2
4631,күй тарту СЫН ЕСІМ,играть куй на домбре,to play kui on dombra,B2
4632,"Жиілік, жылдамдық",Основные признаки,Main features,B2
4633,қысқа,короткий,short,B2
4634,баяу,медленный,slow,B2
4635,"жедел, шұғыл",срочный,urgent,B2
4636,Кезең,Стадии,Stages,B2
4637,ежелгі,древний,ancient,B2
4638,алдыңғы,предыдущий,previous,B2
4639,кейінгі,последний,last,B2
4640,байырғы,"исконный, древний",antique,B2
4641,бұрынғы,давний,old/ancient,B2
4642,бүгінгі,сегодняшний,today's,B2
4643,"соңғы, ақырғы",конечный,last/final,B2
4644,өтпелі,переходный,transitional,B2
4645,"таяудағы, бертінгі",недавний,recent,B2
4646,"Үздіксіздік, жиілік",Непрерывность,Continuity,B2
4647,кенеттен,внезапный,sudden,B2
4648,уақытша,временный,temporary,B2
4649,мәңгі,вечный,eternal,B2
4650,"үзіліссіз, үздіксіз",непрерывный,continuous,B2
4651,тұтас,сплошной,gapless,B2
4652,Адам қабілеті,Способности человека,Ability,B2
4653,қабілетті,способный,able/capable,B2
4654,талантты,талантливый,talented,B2
4655,шешен,"оратор, острослов",orator/wit/wisecracker,B2
4656,сезімтал,чувствительный,sensitive,B2
4657,өткір,"бойкий, смелый",brave/courageous,B2
4658,өжет,дерзкий,impudent,B2
4659,пысық,шустрый,bright,B2
4660,ұғымтал,толковый,explanatory,B2
4661,алаңғасар,"рассеянный, невнимательный",absent-minded,B2
4662,икемсіз,неуклюжий,clumsy/awkward,B2
4663,"сылбыр, шабан",медлительный,slowcoach,B2
4664,аңғал,"неосмотрительный, неосторожный",rash/ thoughtless/careless,B2
4665,бейқам,беспечный,unconcerned,B2
4666,енжар,равнодушный,indifferent,B2
4667,ебедейсіз,неловкий,awkward,B2
4668,шорқақ,неумелый,unskilful,B2
4669,мешеу,отсталый,refarded,B2
4670,надан,невежественный,ignorant,B2
4671,Ұқыптылық,бережливость/,Dilligence/,B2
4672,үлгілі,образцовый,model/exemplary,B2
4673,"ұқыпты, құнтты",бережливый,thrifty/economical,B2
4674,"әдепті, сыпайы",деликатный,tactfull,B2
4675,зейінді,внимательный,attentive/considerate,B2
4676,епті,ловкий,smart,B2
4677,тындырымды,исполнительный,responsible,B2
4678,ынталы,стремительный,swift,B2
4679,сақ,осторожный,careful/cautious,B2
4680,биязы,"изяшный, тонкий",elegant/graceful,B2
4681,Білік/тәжірибе,Умение/опыт,Ability/experience,B2
4682,мәдениетті,культурный,cultural,B2
4683,тәжірибелі,опытный,experienced,B2
4684,білікті,компетентный,competent,B2
4685,ұлы,великий,great,B2
4686,"көргенді, тәрбиелі",воспитанный,well-bred/with good manners,B2
4687,қырағы,зоркий,sharp sighted,B2
4688,байқағыш,наблюдательный,прозорливый,B2
4689,шыныққан,закаленный,resistant/strong,B2
4690,кемеңгер,гений,genuis,B2
4691,Мораль/Тәртіп,МОраль/Поведение,Morality/Behaviour,B2
4692,негізгі мінездеме,основная характеристика,characteristics,B2
4693,байсалды,спокойный/серьезный,calm/unworried/ serious,B2
4694,ұшқалақ,легкомысленный,light-minded,B2
4695,талапқойғыш,принципиальный,man of principle,B2
4696,қатал,строгий,strict,B2
4697,өктем,властный,imperious/esmasterful,B2
4698,жуас,"тихий, кроткий","gentle, mild",B2
4699,ашуланшақ,вспыльчивый,quick-tempered,B2
4700,ызақор,раздражительный,irritable,B2
4701,"қайырымды, мейірімді",добрый,"kind, good",B2
4702,ұстамды,сдержанный,reserved,B2
4703,өзімшіл,высокомерный,arrogant,B2
4704,момын,смирный,submissive quiet/mild/meek,B2
4705,жомарт,щедрый,generous,B2
4706,кеңпейіл,великодушный,generous,B2
4707,ашық,открытый,sociable,B2
4708,әңгімешіл,разговорчивый,talkative,B2
4709,Әрекет барысындағы,Характер во время,Character during,B2
4710,салақ,неряха,sloven/slattern/careless/untidy,B2
4711,ұрысқақ,"ворчливый, скандальный",grumbling,B2
4712,қызғаншақ,ревнивый,jealous,B2
4713,сенгіш,доверчивый,trustful,B2
4714,жүректі,смелый,"brave, courageous",B2
4715,ержүрек,"смелый, отважный",brave/courageous,B2
4716,төбелесқор,драчун,pugnacious fellow/tussler,B2
4717,қызба,темпераментный,hot-tempered,B2
4718,бәлеқор,скандальный,scandalous,B2
4719,сентиментальды,сентиментальный,sentimental,B2
4720,адамды аяғыш,жалостливый,compassionate,B2
4721,жүйкесі тозған,нервный,nervous,B2
4722,"елгезек, бауырмашыл","чуткий, восприимчивый",sensitive,B2
4723,жалпы,общая,general/common,B2
4724,біржақты,субъективная,subjective,B2
4725,жан-жақты,всесторонняя,comprehensive,B2
4726,егжей-тегжейлі,подробная,detailed,B2
4727,бақытсыз,несчастный,unhappy/unfortunate,B2
4728,ренішті/құсалы,огорченный,upset/distressed,B2
4729,жолы болғыш/ақжолтай,везучий,lucky,B2
4730,қапалы/зарлы,горестный,sorrowful/sad,B2
4731,Эмоциялық бағалау,Эмоциональная оценка,Affective,B2
4732,"жақсы, жаман","хороший, плохой","good, bad",B2
4733,"қызық, қызықсыз","интересный, неинтересный",interesting/uninteresting,B2
4734,бағалы,ценный,valuable,B2
4735,көңілсіз,скучный,boring,B2
4736,сүйкімсіз,неприятный,unpleasant,B2
4737,қорқынышты/ызғарлы,страшный,terrible,B2
4738,керемет/таңғажайып,чудесный,wonderful,B2
4739,оғаш,странный,strange,B2
4740,"ажарлы, әдемі, реңді, өңді",красивый,beautiful,B2
4741,"бапты, бабында",отличный,perfect,B2
4742,басым,превосходный,excellent/magnificent,B2
4743,тамаша/ғажап/ғаламат/ таңғарарлық,удивительный,surprising/amazing,B2
4744,рақымды,милосердный,charitable,B2
4745,тартымды,привлекательный,attractive,B2
4746,келісті/реңді/әдемі/әрлі,симпoтичный,nice/likeable,B2
4747,кейіпсіз,безобразный,ugly/disgraceful,B2
4748,жиіркенішті,отвратительный,disgusting,B2
4749,"жексұрын, сұм","плут, пройдоха",terrible/horrible,B2
4750,жөнсіз,неверный,incorrect,B2
4751,Эмоция реңктері,Оттенки эмоции,Tinges of emotion,B2
4752,ашулы,злой,anxious,B2
4753,өкпелі,обиженный,offended (with),B2
4754,көңілі босаған,растроганный,moved/touched,B2
4755,қорыққан,испуганный,frightened/scared,B2
4756,таңданған,удивленный,surprised/amazed,B2
4757,жәбірленген,оскорбленный,insulted,B2
4758,Қалып күй,Состояние/статус,Status,B2
4759,"күшті, әлсіз","сильный, слабый",strong/weak,B2
4760,"ауру, сау","больной, здоровый",sick/healthy,B2
4761,семіз,жирный,fat,B2
4762,ширақ,бодрый,cheerful,B2
4763,сымбатты,стройный,slender/slim,B2
4764,жадау,исхудалый,worn out/emaciated/wasted,B2
4765,Материалдық,Материальное,Financial position,B2
4766,"бай, кедей","богатый, бедный",rich/poor,B2
4767,аш-жалаңаш,нищий,beggar,B2
4768,дәулетсіз,неимущий,indigent,B2
4769,"тоқ, аш","сытый, голодный",full up/hunger,B2
4770,ауқатты,благосостоятельный,wealthy,B2
4771,алба-жұлба,оборванный,ragged/torn,B2
4772,"Биологиялық,",Биологический,Biological and,B2
4773,отбасылық жағдай,и семейный статус,marital status,B2
4774,жас/кәрі,молодой/старый,young/old,B2
4775,кіші/үлкен,младший/старший,younger/senior,B2
4776,қарт,старый,old,B2
4777,"үйленген, тұрмыс құрған","женатый, замужняя",married,B2
4778,отбасылы,семейный,familial,B2
4779,егде,пожилой,elderly/aged,B2
4780,ажырасқан,разведенный,divorced,B2
4781,туысқан,родственник,relative,B2
4782,кемел,зрелый,mature (age),B2
4783,Эксплуатациялық,Эксплуатационное,Operational,B2
4784,қолайсыз,неудобный,uncomfortable,B2
4785,кір,грязный,dirty,B2
4786,аяқталған,завершенный,completed,B2
4787,аяқталмаған,незавершенный,unfinished/unaccomplished,B2
4788,жабдықталған,оборудованный,equip,B2
4789,зақымдалған,поврежденный,defective,B2
4790,бұзылған,испорченный,damaged,B2
4791,Абстракт сын,Абстрактные,Abstract,B2
4792,есімдер,прилагательные,adjectives,B2
4793,күрделі,сложный,compound,B2
4794,жеке,отдельный,separate,B2
4795,кез келген,любой,any/every,B2
4796,типтік,типичный,typical,B2
4797,басты,главный,main,B2
4798,тең,равный/одинаковый,equal/identical,B2
4799,оңтайлы,оптимальный,optimal,B2
4800,"азғантай, болмашы/ мардымсыз",незначительный,insignificant/unimportant,B2
4801,жоғары деңгейлі,на высшем уровне,top-level,B2
4802,ең көп,максимальный,maximal,B2
4803,ең аз,минимальный,minimal,B2
4804,бос,пустой,empty,B2
4805,орташа,средний,medium,B2
4806,мол,избыточный,surplus,B2
4807,артық,лишний,superfluous/surplus,B2
4808,көптеген,многочисленный,numerous/ many,B2
4809,аздаған,немногочисленный,few,B2
4810,қажетті,необходимый,necessary,B2
4811,"нақты, іс жүзіндегі",фактический,actual/ real,B2
4812,практикалық,практический,practical,B2
4813,шартты,условный,relative/conditional,B2
4814,фантастикалық,фантастический,fantastic/fabulous,B2
4815,абсолютті,абсолютный,absolute,B2
4816,жарамды/жарамсыз,годный/негодный,suitable/unusable,B2
4817,оң/теріс,правильно/наоборот,сorrectly/on the contrary,B2
4818,жаратымды/,положительный/,positive/negative,B2
4819,ұнамды/ұнамсыз,одобрительный/неприятный,approving/unpleasant,B2
4820,қалаулы,желательный,desirable,B2
4821,теориялық,теоретический,theoretical,B2
4822,"ойдағы, қиялдағы",воображаемый,imaginary,B2
4823,заңды,закономерный,legal,B2
4824,шарасыз тиімді,неизбежный эффективный,unavoidable/inevitable,B2
4825,Сәйкестік,Соответствие,Correspondence,B2
4826,дұрыс/дұрыс емес,правильный/неправильный,сorrect/right/wrong,B2
4827,"жалған, дәл","ложный, реальный",false/ exact,B2
4828,жуық/алшақ,приблизительно/далекий,approximately/far,B2
4829,заңды/заңсыз,законный/незаконный,legal/illegal,B2
4830,қалыпты/қалыптан тыс,стандартный/нестандартный,standard,B2
4831,лайық/лайықсыз,подходящий/неподходящий,suitable,B2
4832,қажет,нужный,necessary,B2
4833,"арзан, қымбат","дешевый, дорогой",expensive,B2
4834,"пайдалы, пайдасыз","полезный, бесполезный","useful, helpful",B2
4835,"зиянсыз, зиянды","безвредный, вредный","harmless, harmful",B2
4836,"табысты, табыссыз","успешный, неуспешный",profitable,B2
4837,"тиімді, тиімсіз","выгодный, невыгодный",unprofitable,B2
4838,"ақылы, ақысыз","платный, бесплатный",free,B2
4839,"бағасыз, теңдессіз",бесценный,priceless,B2
4840,Қасиет,Свойство,Characteristics,B2
4841,әртүрлі,разный,different,B2
4842,таңғаларлық,удивительный,surprising,B2
4843,дербес,индивидуальный,individual,B2
4844,кезекті,очередной,next,B2
4845,әлеуметтік,социальный,social,B2
4846,даусыз,бесспорный,indisputable,B2
4847,даулы,спорный,questionable,B2
4848,ауқымды,"масштабный, кардинальный",cardinal,B2
4849,оң (нәтиже),правильный (результат),positive,B2
4850,теріс,противоположный (обратный),negative,B2
4851,бастапқы,начальный,"initial, first",B2
4852,ақырғы,конечный,"final, last",B2
4853,толымды,полный,full,B2
4854,"ізгі, ізгілікті",доброе,"favourable, good kind, good will",B2
4855,Ой,Мысль,Thought,B2
4856,байыпты,рассудительная,serious,B2
4857,терең,глубокая,profound idea,B2
4858,алғашқы,первоначальный,initial,B2
4859,саяси,политическое (событие),political,B2
4860,айрықша (ерекше),особый,special,B2
4861,төтенше,экстренный,extraordinary,B2
4862,қоршаған,окружающая,environment,B2
4863,дағдылы,привычная,"ususal, habitual",B2
4864,зиялы,интеллигентная,intelligent,B2
4865,әріптестік,среда своих коллег,team,B2
4866,дұрыс,правильное,right,B2
4867,жоғары,высокое,appreciated,B2
4868,дәлелді,обоснованное,proved/substantiated,B2
4869,кең тараған,широко распространенное,widespread,B2
4870,көрнекті,выдающийся,outstanding,B2
4871,айқын,очевидный,obvious,B2
4872,ірі,крупный,great,B2
4873,қол жеткен,достигнутый,achieved/attained,B2
4874,Шешім,Решение,Decision,B2
4875,атүсті,поверхностное,surface,B2
4876,ойластырылған,обдуманное,considered,B2
4877,дер кезіндегі,своевременное,opportune,B2
4878,бірден-бір,единственное,only,B2
4879,Іс-қимыл,Действие,Action,B2
4880,жедел,срочное,urgent,B2
4881,бірлескен,совместное,"joint, combined",B2
4882,соңғы,последняя,last,B2
4883,орасан зор,грандиозная,grandiose task,B2
4884,жүктелген,возложенная,entrusted,B2
4885,келелі,узловая,main,B2
4886,кезек күттірмейтін,безотлагательная,pressing/urgent,B2
4887,түссіз,бесцветный,colourless,B2
4888,мөлдір,прозрачный,transparent,B2
4889,алабажақ қоңыр көк,пестрый коричневый синий,particoloured,B2
4890,ұзын,длинный,long,B2
4891,кішкентай,маленький,small,B2
4892,орасан,огромный,huge/enormous,B2
4893,ұсақ,мелкий,small,B2
4894,тығыз,плотный,compact,B2
4895,Пішіні,Форма,Form,B2
4896,қисық,кривая,curve,B2
4897,түзу,прямая,straight,B2
4898,тік бұрышты,прямоугольная,rectangular,B2
4899,тегіс,гладкая,smooth,B2
4900,үшбұрышты,треугольная,triangle,B2
4901,ойпаң,впадина,hollow,B2
4902,дөңес,выпуклая,salient,B2
4903,ойқы-шойқы,неровная,rough,B2
4904,көлбеу,горизонтальная,horizontal,B2
4905,сопақ,овальная,oval,B2
4906,қиғаш,изогнутая,inclined,B2
4907,Тері арқылы сезілетін,"Качества,",Qualities percievad,B2
4908,температура,температура,temperature,B2
4909,Үсті,Поверхность,Surface,B2
4910,"тегіс, жазық",ровная,flat,B2
4911,тегіс емес,неровная,uneven,B2
4912,кедір-бұдыр,шероховатая,rough/uneven,B2
4913,доғал,тупая,blunt,B2
4914,"сүйрік, үшкір",острая,sharp,B2
4915,құрғақ,сухой,dry,B2
4916,"ылғалды, дымқыл",влажный,humid/moist,B2
4917,сулы,мокрый,wet,B2
4918,Тіл арқылы сезілетін сын,Вкус,Taste,B2
4919,дәмді,вкусный,tasty,B2
4920,тұзды,соленый,salty,B2
4921,Иістер сыны,Запах,Smell,B2
4922,сасық,ванючий,stinking/felid,B2
4923,иіссіз,без запаха,scentless/inodorous/,B2
4924,хош иісті,ароматный,odorless,B2
4925,Киімге қатысты,Для одежды,For clothes,B2
4926,сәнді,модная,fashionable,B2
4927,әдемі,красивая,beautiful,B2
4928,спорттық,спортивная,sport,B2
4929,"қазіргі, заманауи",современная,modern,B2
4930,Мамандыққа қатысты,Профессия,Trade,B2
4931,биологиялық,биологический,biological,B2
4932,географиялық,географический,geographical,B2
4933,геологиялық,геологический,geological,B2
4934,тарихи,исторический,historical,B2
4935,математикалық,математический,mathematical,B2
4936,физикалық,физический,physical,B2
4937,философиялық,философский,phylosophical,B2
4938,химиялық,химический,chemical,B2
4939,экономикалық,экономический,economic,B2
4940,заңгерлік,юридический,juridicial,B2
4941,Тамаққа қатысты,Относящееся к еде,Concerning to meal,B2
4942,жаңа (қазір ғана дайындалған),свежий,fresh,B2
4943,Объектінің сапасы,Характеристика,The characteristic,B2
4944,бойынша сипаты,объектов,of objects on,B2
4945,қою (шай),крепкий (чай),strong tea,B2
4946,жаңа,новый,new,B2
4947,бірдей,одинаковый,identical/ the same,B2
4948,аласа,низкий,low/short,B2
4949,әдеттегі,обычный,usual,B2
4950,өзгеше,необыкновенный,unusual,B2
4951,"Объектінің пішіні,",Характеристика,"Form, size",B2
4952,өлшемі бойынша,объектов,characterisics,B2
4953,Объектінің құны,Характеристика,Characteristics,B2
4954,қымбат (тауар),дорогой (товар),expensive,B2
4955,"төмен, жоғары (баға)","низкая (ант.), высокая (цена)",low/high price,B2
4956,Объектінің меншіктік,Характеристика,Characteristics,B2
4957,сипаты,объектов,of objects on their,B2
4958,менің,мой,my,B2
4959,сіздікі,ваш,yours,B2
4960,біздікі,наш,ours,B2
4961,сенікі,твой,your,B2
4962,оныкі,его,his/her,B2
4963,университеттің,университетская (гостиница),university hotel,B2
4964,Өнерге қатысты,Характеристика,The characteristic of,B2
4965,Жалпыға қатысты,"Прилагательные,",Adjectives concerning,B2
4966,сын есімдер,относящиeся  науке,to a science,B2
4967,өте маңызды,очень важный,of utmost importance,B2
4968,"минимум, ең аз",минимум,minimum,B2
4969,"әр алуан, әр түрлі",многообразный,varied,B2
4970,жаңашыл,новатор,pioneer/innovator,B2
4971,абсолюттік,абсолютный,absolute,B2
4972,белсенді (активті),активный,actual,B2
4973,жаһандық,глобальный,global,B2
4974,"гуманитарлық, қоғамдық","гуманитарный, общественный",humanities/public,B2
4975,"ақырғы, негізгі, соңғы",конечный,final/last,B2
4976,"аз, кішкене, шағын",малый,small,B2
4977,"сирек, бірегей",уникальный,unique,B2
4978,автоматты,автоматический,automatic,B2
4979,"көкейкесті, өзекті",актуальный,topical,B2
4980,нәтижесіз,безрезультатный,ineffectual,B2
4981,үйлесімді,гармоничный,harmonious,B2
4982,графикалық түр,графический вид,graphic,B2
4983,ұжымдық,коллективный,collective,B2
4984,кешенді,комплексный,complex,B2
4985,сыни,критический,critical,B2
4986,ойластырылмаған жүріс,непродуманный ход,ill-conceived,B2
4987,тікелей (қорытынды),прямой (вывод),straight,B2
4988,"бірқалыпты, біркелкі",равномерный,even,B2
4989,"көп таралған, өріс алған",распространенный,widespread,B2
4990,жетілген,совершенный,perfect,B2
4991,тиімді СЫН ЕСІМ,эффективный,effective,B2
4992,адам жүрісіне қатысты,походка человека,gait of the person,B2
4993,тез,быстро,rapid walk,B2
4994,Адамның сөйлеген сөзіне қатысты,Речь,Speech,B2
4995,түсінікті,понятная,"plain, understandable",B2
4996,түсініксіз,невнятная,inarticulate,B2
4997,мәнерлі,выразительная,elocution,B2
4998,Адамның күлкісіне қатысты,Смех,Laugh/laughter,B2
4999,Адамның қасына қатысты,Брови,Eyebrow,B2
5000,"қиылған, әдемі",красивые,beautiful,B2
5001,Адам басына,Прилагательные,Adjectives rather to,B2
5002,ақымақ,бестолковая,stupid,B2
5003,Бетке қатысты сын,Прилагательные,Adjectives concerning,B2
5004,ат жақты,лошадиное,equine faced,B2
5005,қызыл шырайлы САН ЕСІМ,румяное,rosy/pink,B2
5006,Есептік сан есімдер,Количественные числительные,Cardinal numbers,B2
5007,нөл,ноль,zero,B2
5008,бір,один,one,B2
5009,екі,два,two,B2
5010,үш,три,three,B2
5011,төрт,четыре,four,B2
5012,бес,пять,five,B2
5013,алты,шесть,six,B2
5014,жеті,семь,seven,B2
5015,сегіз,восемь,eight,B2
5016,тоғыз,девять,nine,B2
5017,он,десять,ten,B2
5018,он бір,одиннадцать,eleven,B2
5019,он екі,двенадцать,twelve,B2
5020,он үш,тринадцать,thirteen,B2
5021,он төрт,четырнадцать,fourteen,B2
5022,он бес,пятнадцать,fifteen,B2
5023,он алты,шестнадцать,sixteen,B2
5024,он жеті,семнадцать,seventeen,B2
5025,он сегіз,восемнадцать,eighteen,B2
5026,он тоғыз,девятнадцать,nineteen,B2
5027,жиырма,двадцать,twenty,B2
5028,жиырма бір,двадцать один,twenty one,B2
5029,жиырма екі,двадцать два,twenty two,B2
5030,жиырма үш,двадцать три,twenty three,B2
5031,жиырма төрт,двадцать четыре,twenty four,B2
5032,жиырма бес,двадцать пять,twenty five,B2
5033,жиырма алты,двадцать шесть,twenty six,B2
5034,жиырма жеті,двадцать семь,twenty  seven,B2
5035,жиырма сегіз,двадцать восемь,twenty eight,B2
5036,жиырма тоғыз,двадцать девять,twenty nine,B2
5037,отыз,тридцать,thirty,B2
5038,отыз бір,тридцать один,thirty one,B2
5039,қырық,сорок,forty,B2
5040,елу,пятьдесят,fifty,B2
5041,алпыс,шестьдесят,sixty,B2
5042,жетпіс,семьдесят,seventy,B2
5043,сексен,восемьдесят,eighty,B2
5044,жүз,сто,one hundred/a hundred,B2
5045,жүз бір,сто один,one hundred and one,B2
5046,екі жүз,двести,two hundred,B2
5047,үш жүз,тристо,three hundred,B2
5048,үш жүз елу бес,тристо пятьдесят пять,three hundred and five,B2
5049,мың,одна тысяча,one thousand,B2
5050,мың бір,тысяча один,one thousand and one,B2
5051,үш мың бес,три тысячи пять,three thousand and five,B2
5052,бес мың үш,пять тысяч три,five thousand and three,B2
5053,Реттік сан есімдер,Порядковые числительные,Ordinal numbers,B2
5054,екінші,второй,the second,B2
5055,үшінші,третий,the third,B2
5056,төртінші,четвертый,the forth,B2
5057,бесінші,пятый,the fifth,B2
5058,алтыншы,шестой,the sixth,B2
5059,жетінші,седьмой,the seventh,B2
5060,сегізінші,восьмой,the eighth,B2
5061,тоғызыншы,девятый,the ninth,B2
5062,оныншы,десятый,the tenth,B2
5063,жалпы ұғымдар,общие понятия,general notion,B2
5064,ширек,четверть,a quarter,B2
5065,Бөлшектік сан есім,Дробные,Fractional,B2
5066,екіден бір,одна вторая,a (one) half,B2
5067,үштен бір,одна третья,a (one) third,B2
5068,үштен екі,две третих,two thirds,B2
5069,төрттен бір,одна четвертая,a (one)quarter/ a (one) fourth,B2
5070,бестен үш,три пятых,three fifths,B2
5071,үш бүтін оннан бір,три целых одна десятая,three and a fourth,B2
5072,жиырма бүтін оннан,двадцать целых восемь,twenty four and a one,B2
5073,Болжалды сан,Предположительные,Presumable,B2
5074,қырықтай,около сорока,about forty,B2
5075,елудей,около пятидесяти,about fifty,B2
5076,мыңдай,около тысяча,about thousand,B2
5077,он шақты,около десяти,about ten,B2
5078,жиырма шақты,около двадцати,about twenty,B2
5079,жүз шамалы,около ста,about hundred/around hundred,B2
5080,Жинақтық сан,Собирательные,Collective,B2
5081,жетеу Есімдіктер,семеро,seven,B2
5082,Жіктеу есімдігі,Личное местоимение,Personal pronouns,B2
5083,біз(дер),мы,we,B2
5084,сендер,вы,you,B2
5085,сіздер,вы,you,B2
5086,олар,они,they,B2
5087,Сілтеу есімдігі,Указательное,Demonstrative,B2
5088,бұл,это,this,B2
5089,сол,тот,that,B2
5090,осы,этот,that/this/it,B2
5091,"анау, ана, әне, әнеки",тот,that,B2
5092,"мынау, мына, міне",этот,this,B2
5093,осынау,этот,this,B2
5094,сонау,тот,that,B2
5095,Сұрау есімдігі,Вопросительное,Interrogative,B2
5096,кім?,кто?,who?,B2
5097,не? немене?,что?,what?,B2
5098,қай?,который?,which?,B2
5099,қанша? неше?,сколько?,how many?/how much?,B2
5100,қайдан?,откуда?,where … from?,B2
5101,қашан?,когда?,when?,B2
5102,қайсы?,который?,which?,B2
5103,Өздік есімдігі,Возвратное,Reflexive,B2
5104,өзім,я сам,myself,B2
5105,өзің,ты сам,yourself,B2
5106,өзіңіз,вы сами,yourself,B2
5107,өзі,он сам,himself,B2
5108,өз,сам,oneself/himself/herself,B2
5109,өзіміз,мы сами,ourselves,B2
5110,"өздерің, өздеріңіз",вы сами,yourselves,B2
5111,өздері,они сами,themselves,B2
5112,Белгісіздік есімдігі,Неопределенное,Indefinite,B2
5113,"бір, біреу",кто-то,"somebody, anybody",B2
5114,бірдеңе (бірдеме),что-то,"something, anything",B2
5115,"кейбір, кейбіреу",некоторый,"somebody, anybody",B2
5116,кімде-кім,кто-то,somebody,B2
5117,әрқайсысы,каждый,"each, every",B2
5118,әлдекім,кто-то,someone,B2
5119,әлдене,что-то,something,B2
5120,біреу-міреу,кто-то,somebody,B2
5121,әрне,каждый,каждый,B2
5122,әрқалай,по-разному,по-разному,B2
5123,әлдеқайда,куда-то,куда-то,B2
5124,Болымсыздық,Отрицательное,Negative,B2
5125,есімдігі,местоимение,pronoun,B2
5126,еш,ни..,none (of),B2
5127,ешкім,никто,nobody,B2
5128,ештеме (ештеңе),ничто,nothing,B2
5129,ешқашан,никогда,never,B2
5130,"түк, дәнеңе (дәнеме)",ничто,nothing,B2
5131,ешқайда,никуда,nowhere,B2
5132,ешқандай,никакой,none,B2
5133,мекен үстеу,наречиe места,adverb of place,B2
5134,"осында, мұнда",здесь,here,B2
5135,оңға,направо,to the right,B2
5136,солға,налево,to the left,B2
5137,"онда, анда",там,there,B2
5138,"қасында, жанында, маңында",рядом,next to,B2
5139,"төменде, астында",внизу,"below, down",B2
5140,"алда, алдында",впереди,"ahead, in front",B2
5141,алыста,далеко,far off,B2
5142,бір жерде,где-нибудь,somewhere,B2
5143,іште,внутри,"in, inside",B2
5144,сыртта,снаружи,on the outside,B2
5145,"жоғарыда, үстінде",наверху,above,B2
5146,"артта, артында",сзади,behind,B2
5147,ортада,"между, посреди",in the middle,B2
5148,"әрмен, әрмен қарай",дальше,"farther, further",B2
5149,айнала,вокруг,around,B2
5150,"Кеңістіктегі бағыт,","Место, расстояние и","Place, distance and",B2
5151,"қашықтық, орын",ориентация в пространстве,orientation In space,B2
5152,осында,здесь,here,B2
5153,онда,там,there,B2
5154,қасында,"около, рядом",near/around,B2
5155,жоғарыда,наверху,up/above,B2
5156,сырттан,снаружи,outside,B2
5157,сол жақтан,слева,to/from/on the left (of),B2
5158,оң жақтан,справа,to/at/from/on the right (of),B2
5159,мұнда,сюда,here,B2
5160,сонда,туда,there,B2
5161,алға,прямо,straight,B2
5162,Мезгіл үстеу,Наречия времени,Time adverbs,B2
5163,соңғы кезде,в последнее время,lately,B2
5164,қазір ғана,только что,just,B2
5165,бағана,недавно,"not long ago, recently",B2
5166,қарсаңында,накануне,on the eve of,B2
5167,бірде,однажды,"once, one day",B2
5168,іле-шала,немедленно,immediately,B2
5169,ұзамай,вскоре,soon,B2
5170,ендігәрі,в следующий раз,next time,B2
5171,"Оқиғаның, әрекеттің",Единичность,Singularity and,B2
5172,қайталанғыштығы,и повторяемость,repeatability of,B2
5173,"әр (күні, айда және т.б.)","каждый (день, месяц и т.д.)","every (day, month, etc.)",B2
5174,күн сайынғы,ежедневный,daily,B2
5175,кейде,иногда,sometimes,B2
5176,жыл сайынғы,ежегодный,"yearly, annual",B2
5177,содан кейін,потом,then,B2
5178,"болашақта, келешекте",в будущем,in future,B2
5179,өткен (жыл),прошлый (год),last year,B2
5180,eрте,рано,early,B2
5181,"жұмыстан кейін, дейін","до, после (работы)",before/after,B2
5182,"кейін, соң",через ...,in two hours,B2
5183,таңертеңнен кешке дейін,с утра до вечера,from morning till night,B2
5184,"күнде, күн сайын",ежедневно,"daily, every day",B2
5185,енді,теперь,now,B2
5186,тез (жасадым),быстро (сделал),quickly,B2
5187,жұмыс алдында,перед работой,before work,B2
5188,сол кезде,"в то время, тогда",at that time,B2
5189,ұзақ (жасадым),долго (делал),(for) along time,B2
5190,Қайталанымдық,Повторение,Repetition and,B2
5191,және жиілік,и частотность,frequency,B2
5192,"жиі, әлсін-әлсін",часто,often/frequently,B2
5193,"анда-санда, оқта-текте",изредка,at times,B2
5194,күні-түні,днем и ночью,day and night,B2
5195,"үнемі, ұдайы",постоянно,constantly/continualy,B2
5196,әйтеуір,когда-нибудь,"some time, some day",B2
5197,ара-арасында,в то время как,meanwhile,B2
5198,Кеше/бүгін/ертең,Вчера/сегодня/завтра,Yesterday/ today/ tomorrow,B2
5199,күні бойы,целый день,the whole day,B2
5200,таң сәріде,на рассвете,at dawn,B2
5201,Себеп-салдар үстеу,Наречия причины,Cause and effect,B2
5202,босқа,зря,for nothing,B2
5203,құр босқа,напрасно,"in vain, for nothing",B2
5204,"амалсыздан, лажсыздан","поневоле, вынужденно",by force,B2
5205,бекерге,"попустоту, по напрасну","in vain, to no purpose",B2
5206,шарасыздан,безысходно,hopeless,B2
5207,Қимыл-сын үстеу,Наречия образа,Adverbs of an,B2
5208,"тез, жылдам","быстро, скоро",fast/quick,B2
5209,"жедел, шапшаң",быстро,quickly,B2
5210,дереу,"быстро, моментально","quickly, instantly, in a moment",B2
5211,бірден,резко,sharply,B2
5212,қолма-қол,"сразу, из рук в руки",at once,B2
5213,кенет,внезапно,suddenly,B2
5214,түгел,полностью,fully,B2
5215,"әзер, әрең",с насилием,hardly,B2
5216,"ерекше, өзгеше",особенно,especially,B2
5217,біржола,совсем,"entirely, totally",B2
5218,жападан-жалғыз,одиноко,lonely,B2
5219,емін-еркін,свободно,free,B2
5220,зорға,еле,"hardly, scarcely",B2
5221,аздап,понемножку,little by little,B2
5222,Топтау мәнді үстеу,Наречия выражающие,Adverbs expressing,B2
5223,"біреулеп, бір-бірлеп",по одному,one by one,B2
5224,екеулеп,по двое,two by two,B2
5225,рет-ретімен,по порядку,one after another,B2
5226,"қос-қостап, жұп-жұбымен",парами,in pairs,B2
5227,бас-басына,каждому,for each,B2
5228,Мақсат мәнді үстеу,Наречия цели,Purpose adverbs,B2
5229,әдейілеп,"специально, нарочно","specially, purposely",B2
5230,"әдейі, жорта","умышленно, намеренно",intentionally,B2
5231,қасақана,как назло,as ill luck would have it,B2
5232,Бағалау мәнді үстеу,Наречия,Adverbs expressing,B2
5233,керемет,замечательно,"remarkable, wonderful",B2
5234,әдемілеп,красиво,gracefully,B2
5235,ақымақтықпен,по-дурацки,foolishly,B2
5236,сұмдық,ужасно,terrible,B2
5237,Сын мөлшерді,Степени величины,Degrees of size of,B2
5238,модальды-бағалау,признака с модально-,a sign with modal-,B2
5239,мәнді үстеу,оценочным значением,estimated values,B2
5240,ылғи,постоянно,always/constantly,B2
5241,тіпті,вовсе,quite/at all,B2
5242,мүлдем,совсем,quite/entirely,B2
5243,Мөлшер дәрежесін,Степени величины,Degrees of size,B2
5244,сандық – бағалау,с количественно-,with quantitatively-,B2
5245,мәнді,"оценочным (жай, орташа, жоғары мөлшерде)",estimated,B2
5246,өте,очень,very,B2
5247,"жеңіл-желпі, аздап, сәл",слегка,"somewhat, slightly, gently",B2
5248,әбден,вполне,"quite, fully",B2
5249,әжептеуір,достаточно,enough,B2
5250,"оншама, сонша",немного,a little/some,B2
5251,әрең,едва,hardly,B2
5252,"өте-мөте, өте",крайне,extremely,B2
5253,кейбір,некоторый,certain,B2
5254,қыруар,много,numerous,B2
5255,Мөлшердің бұзылуы,Нарушение меры,Violation of measure,B2
5256,тым,слишком,too,B2
5257,Метрикалық бағалау,Метрическая оценка,Metrical assesment,B2
5258,"(кеңістік, уақыт,","(пространство,","(space, time,",B2
5259,"температура, масса)","время, температура, масса)","temperature, mass)",B2
5260,Әрекетті бағалау,Оценки действия,Action estimations,B2
5261,оңай,легко,easy,B2
5262,"қолапайсыз, ебедейсіз",неуклюжий,awkward/clumsy,B2
5263,Әлеуметтік жағдайды,Неречия социального,Неречия a social,B2
5264,білдіретін үстеу,состояния,condition,B2
5265,"бірге, бірлесе",совместно,in common/jointly,B2
5266,"саяқ, жападан-жалғыз, жалғыз",одиноко,lonely,B2
5267,Көмекші сөздер,Служебные слова,Syntactic words,B2
5268,үстінде,на поверхности,in the surface,B2
5269,астында,под,under,B2
5270,ішінде,внутри,inside,B2
5271,сыртында,снаружи,outside,B2
5272,"қасы, маңы, жанында","около, рядом",near/next to,B2
5273,ортасы,посредине,in the middle of,B2
5274,басы,начало,beginning,B2
5275,төңірегі,вокруг,round,B2
5276,қарама-қарсы,напротив,opposite,B2
5277,Жалғаулықтар,Союзы,Conjunction,B2
5278,себебі,"потому что, из за того",because/because of,B2
5279,бірақ,но,but,B2
5280,біресе,"то ….., то.....",sometimes,B2
5281,яғни,"значит, то есть",in other worols,B2
5282,немесе,или,or,B2
5283,демек,значит,"so, then, well then",B2
5284,"мен, бен, пен, және",и,and,B2
5285,яки,или же,or else,B2
5286,неге десең,потому что,because,B2
5287,Қыстырма сөздер,Вводные слова,Parenthesis,B2
5288,расында,"воистину, в действительности, на самом деле",really,B2
5289,қысқасы,словом,"in short, to cut a long story short",B2
5290,амал қанша,к сожалению,unfortunately,B2
5291,ақыр аяғында,наконец,at last,B2
5292,сірә,наверняка,surely,B2
5293,бәлкім,вероятно,probably,B2
5294,Шылау сөздер,Послелоги,Postposition,B2
5295,"туралы, жайында, жөнінде","о, об",about,B2
5296,кешеден бері,со вчерашнего дня,since yesterday,B2
5297,үшін,"ради, для",for the sake of/ for,B2
5298,"жуық, тарта, таяу",приблизительно,approximatly,B2
5299,арқылы,через,"via, through",B2
5300,сайын,после каждого,after each,B2
5301,бері,"со, с",since,B2
5302,"шамалы, шақты","примерно, приблизительно",approximately,B2
5303,сенен гөрі,чем ты,than you,B2
5304,менен басқа,кроме меня,except me,B2
5305,Демеуліктер,Вопросительные,particles,B2
5306,бүгін ғана кешіктім.,только сегодня опоздал,I ‘ve been late only today,B2
5307,Модаль сөздер,Модальные слова,Modal words,B2
5308,"қажет, керек",нужен,need,B2
5309,"сияқты, секілді, тәрізді",похоже,"like, as",B2
5310,шығар,возможно,may be,B2
5311,тиіс МАҚАЛ-МӘТЕЛДЕР,должен,have to,B2
5312,Адам және оның,Человек и его,Human being and,B2
5313,қасиеті,природа,human nature,B2
5314,"Адам аласы ішінде, мал",Внешность обманчива.,Appearances are deceptive,B2
5315,Ашық тұрған есіктен ит те,Беспечнось приводит к,At open doors dogs come,B2
5316,"кіреді, мысық та кіреді.",беде.,in.,B2
5317,Жаңылмайтын жақ,У каждого свои слабости.,Every man has his weak,B2
5318,"Қарны тоқтық,",Сытое брюхо к учению глухо.,Fat paunches have lean,B2
5319,Кейде ақымақтан да,Иной дурак может умному,A fool may give a wise man,B2
5320,ақылды сөз шығады.,посоветовать.,counsel.,B2
5321,"Бақ келерінде, ер ентелей басып асығады, Бақ қайтарында, ер маң маң басып масығады.",Слава меняет людей.,Honours change manners.,B2
5322,Ұяңдық жасықтық емес.,Мягкость не слабость.,Meakness is not  weakness.,B2
5323,Халық айтса қате,"Что миром положено, тому",The voice of the people is,B2
5324,айтпайды;,быть так; глас народа - глас,the voice of God.,B2
5325,"Ақылды көндім десе,","Умный, если не прав,",A wise man changes his,B2
5326,Ақымақ жеңдім дейді.,"меняет свое мнение, дурак же никогда.","mind, a fool never will.",B2
5327,Еңбек пен кәсіп.,Труд. Профессия.,Work. Labour.,B2
5328,Ғылым және өнер.,Наука. Искусство.,Profession.,B2
5329,Атқа мінгің келсе еріңді,"Любишь кататься, люби",After dinner comes the,B2
5330,"сайла,",и саночки возить.,reckoning.,B2
5331,"Қыс арбаңды сайла,","Готовь сани летом, а телегу –","Art is long, life is short.",B2
5332,Көп көрген мен көп түйген,"Старый волк знает толк,",The devil knows many,B2
5333,көсем болады.,старый конь борозды,things because he is old.,B2
5334,Қолы қимылдағанның,Не разгрызешь ореха не,He who would eat the nut,B2
5335,аузы қимылдайды.,съешь и ядра.,must first cruck the shell.,B2
5336,Жақсы сөз - жан ырысы,"Доброе слово дом построит,",Good words cost nothing,B2
5337,Игіліктің ерте кеші жоқ.,"Лучше поздно, чем никогда",It is never too late to mend.,B2
5338,"Барымен базар, жоқты",Ближняя соломка лучше,A little is better than none.,B2
5339,"Ащыны татып көрмеген,","Не отведав горького,",No sweet without sweat,B2
5340,тәттінің дәмін білмейді.,не узнаешь и сладкого.,(or without some sweat);,B2
5341,Қиыншылық. Үміт.,Трудность. Надежда.,Difficulties. Hope.,B2
5342,Ақыл-кеңес. Тәлім-тәрбие.,Совет.,Advice.,B2
5343,Өзім дегенде өгіз қара,Своя ноша не тянет.,A burden of one’s choice,B2
5344,"Арақ ішкен азар,",От карт добра не жди;,Cards are the devil’s,B2
5345,Қарта ойнаған тозар.,зло приносит зло; с волком не дружат.,books.,B2
5346,"Сақ жүрсең, сау жүресін.",Кто знает о грядущей,A danger foreseen is half,B2
5347,"Ай мінбей, атыңды мақтама.",Цыплят по осени считают;,Don’t count your chickens,B2
5348,"Жыл тұрмай, әйеліңді",всякому делу конец,before they are hatched.,B2
5349,"Өткелге жетпей өттім деме,",Не говори «Оп» пока не,Don’t cross the bridges,B2
5350,Өткелден өтпей жеттім деме.,перепрыгнешь.,before you come to them; don’t cross the bridge till you get to it.,B2
5351,Асықпаған арбамен,"Тише едешь, дальше",The furthest way about is,B2
5352,қоянға жетеді.,будешь.,the nearest way home.,B2
5353,Құдай сақтансаң сақтайды.,"На бога надейся, а сам не",God helps those who help,B2
5354,Жаманға сырыңды,Не следует класть весь груз,Lay not all the load on the,B2
5355,айтсаң жарға жығады.,на хромую лошадь.,lame horse.,B2
5356,Қайтып кірер есікті,"Не плюй в колодец,",Never cast dirt into that,B2
5357,Қатты серппе.,пригодится воды напиться.,fountain of which you have sometime drunk.,B2
5358,Сөзіңе ісің сай болсын.,"Поступай так, как",Tise what one preached.,B2
5359,"Ащының дәмін татпай,","В воду не войдешь,",You never know what you can,B2
5360,тәттінің қадірін білмейсің.,"плавать не научишься. Не взявшись за рею, не узнаешь на что ты способен.",do till you try.,B2
5361,Достық. Махаббат.,Дружба. Любовь.,Friendliness. Love.,B2
5362,Үйлену. Отбасы. Бала шаға.,Брак. Семья. Дети.,Marriage. Family.,B2
5363,"Жүз сомың болғанша,",Хороший друг дороже денег;,A friend in court is better,B2
5364,Жүз досың болсын.,"не имей сто рублей, а имей сто друзей; друга на деньги не купишь.",than a penny in purse.,B2
5365,"Балалы үй базар,","У кого нет детей, тот не знает,",He knows not what love is,B2
5366,Баласыз үй мазар.,что такое любовь.,that has no children; he that has no children knows not what love is.,B2
5367,Жүрекке әмір жүрмейді.,Насильно мил не будешь.,Love can not be forced.,B2
5368,"Әркімдікі өзіне,","Каждый муж думает, что",There is good wife in the,B2
5369,ай көрінер көзіне.,лучше его жены на свете,"country, and every man",B2
5370,Бақыттылық.,Здоровье. Счастье.,Health. Happiness.,B2
5371,Бақытсыздық.,Несчастье.,Unhappiness.,B2
5372,"Ауру батпаңдап кіріп,","Беда приезжает верхом,",Misfortunes come on wings,B2
5373,Мысқалдап шығады.,"а уходит от нас пешком; беды кулем валятся, а счастье золотниками.",and depart on foot.,B2
5374,Үндемеген үйдей бәледен,В закрытый рот муха не,A close mouth catches no,B2
5375,құтылады.,влетит; молчи – за умного сойдешь; держи язык за замком.,files.,B2
5376,Отыз тістен шыққан сөз,"То, что известно троим,","When three know it, all",B2
5377,отыз рулы елге тарайды.,известно всем.,know it.,B2
5378,Уақыт. Табиғат,Время. Естественные,Time. Natural,B2
5379,құбылыстары. Мән мазмұн.,явления. Сущность.,phenomena. Essence.,B2
5380,Алтынның қолда барда,"Если бы не было туч, то мы","If there were no clouds, we",B2
5381,қадірі жоқ.,"не ценили бы солнца; чем ночь темнее, тем ярче звезды.",should not enjoy sun.,B2
5382,Ықтағы от лаулай жанады.,Скрытый огонь сильнее,Fire that’s closest kept,B2
5383,"Қайда сайраса да,","Луна остается луной, даже",The moon is a moon,B2
5384,бұлбұлдың аты бұлбұл.,когда она не светит.,whether it shines or not.,B2
5385,Аллегориялық,Аллегорические,Allegorical proverbs,B2
5386,мақал-мәтелдер.,пословицы и поговорки.,and sayings.,B2
5387,Жеңілтектің селтеңі бітпес.,"Будешь белоручкой,",A cat in gloves catches no,B2
5388,Ұясын ұнатпаған құс,Только дурная птица,It is ill bird that fouls its own,B2
5389,оңбас.,пачкает собственное гнездо.,nest.,B2
5390,Өтіріктің өрісі тар.,У лжи короткие ноги.,Lies have short legs.,B2
5391,"Ерді намыс өлтіреді,",Унижение паче гордости.,Pride apes humility; pride,B2
5392,Ақылы аздың айқайы көп.,Пустая арба сильно гремит.,Shallow streams make most din; empty vessels make the greatest sound.,B2
5393,Бастан құлақ садақа.,Стоит рискнуть малым ради,Venture a small fish to catch a great one.,B2
5394,аспан асты,под небом,under the sky,C1
5395,аспан әлемі,"мироздание, вселенная",the universe,C1
5396,аспан денелері,небесные тела,heavenly body,C1
5397,тозаң,пыльца,dust,C1
5398,ауа ылғалдылығы,влажность воздуха,air humidity/air moisture,C1
5399,ауаның ластануы,загрязнение  воздуха,air pollution,C1
5400,толған ай,"полная луна, полнолуние",full moon,C1
5401,айдың бір жаңасы,новолуние,new moon,C1
5402,жарты ай,половина диска луны,half moon,C1
5403,атмосфералық жауын-шашын,атмосферные осадки,atmospheric precipitation,C1
5404,атмосфералық қысым,атмосферное давление,atmospheric/air pressure,C1
5405,атмосфералық ластану,атмосферное загрязнение,atmospheric pollution,C1
5406,тропосфера,тропосфера,troposphere,C1
5407,биосфера,биосфера,biosphere,C1
5408,биосфера құрылымы,структура биосферы,structure of biosphere,C1
5409,биосфера экологиясы,экология биосферы,ecology of biosphere,C1
5410,биосфераның ластануы,загязнение биосферы,biocontamination,C1
5411,жұлдыздар тобы,созвездие,constellation,C1
5412,құйрықты жұлдыз,комета,comet,C1
5413,Шолпан,Венера,Venus,C1
5414,Үркер,"(астр.) Стожары, Плеяды",the Pleiades,C1
5415,Темір қазық,Большая медведица,the Great Bear/Ursa Major,C1
5416,құрлық (континент),континент,continent,C1
5417,халықаралық өзендер,международные реки,international rivers,C1
5418,жерасты сулары,подземные воды,groundwater,C1
5419,арна,русло,"riverbed, channel",C1
5420,артезиан құдығы,артезианский колодец,artesian well,C1
5421,артезиан сулары,артезианские воды,artesian,C1
5422,бөген,водохранилище,reservoir,C1
5423,бөгет,запруда,"dam, dike",C1
5424,мұздық,ледник,glacier,C1
5425,сең жүру,ледоход,"drifting, ice drift",C1
5426,солтүстік шығыс,северо-восток,north-east,C1
5427,солтүстік батыс,северо-запад,north -west,C1
5428,оңтүстік шығыс,юго-восток,south-east,C1
5429,оңтүстік батыс,юго-запад,south-west,C1
5430,Азия,Азия,Asia,C1
5431,Англия,Англия,England,C1
5432,Эфиопия,Эфиопия,Ethiopia,C1
5433,баурай (тау баурайы),подножье (горы),"base, foot",C1
5434,шөлейт,полупустыня,semidesert,C1
5435,қырат,возвышенность,hill,C1
5436,жасыл белдеу,зеленая зона,greenbelt,C1
5437,ландшафтық белдеу,ландшафтная зона,landscape zone,C1
5438,су қорғау аймағы,водоохранная зона,water protection zone,C1
5439,климат,климат,climate,C1
5440,метеорология (ауа райы және басқа да атмосфералық құбылыстар туралы ғылым),метеорология,meteorology,C1
5441,күннің сәулесі,солнечный свет,"sunlight, sunshine",C1
5442,қараңғылық,темнота,"dark, darkness",C1
5443,шық,роса,dew,C1
5444,қоршаған орта,окружающая среда,environment/surroundings,C1
5445,жанартаудың атылуы,извержение вулкана,"eruption of volcano, volcanic explosion",C1
5446,жойқын апат,стихийное бедствие,natural calamity,C1
5447,жер сілкінуінің ошағы,очаг землетрясения,earthquake center,C1
5448,Қоршаған ортаны,Защита,Еnvironmental,C1
5449,көгал,газон,lawn,C1
5450,қала маңы,пригород,suburb,C1
5451,қалқа орман,защитный лес,protection forest,C1
5452,мәдени өсімдіктер,культурные растения,cultivated plants,C1
5453,мәңгі жасыл өсімдіктер,вечнозёленые растения,evergreens,C1
5454,озон қабаты,озоносфера,ozonosphere,C1
5455,озон тесігі,озоновая дыра,ozone hole,C1
5456,орман қоры,лесной фонд,forest fund,C1
5457,орман өрті,лесные пожары,forest fire,C1
5458,орманды дала,лесостепь,forest-stepp,C1
5459,ормантану,лесоведение,dendrology,C1
5460,экологиялық орта,экологическая среда,ecological environment,C1
5461,тіршіліксіз орта,абиотическая среда,abiotic environment,C1
5462,сыртқы орта,внешняя среда,environment,C1
5463,өртең,гарь,"burn, ash",C1
5464,радиоактивтілік,радиоактивность,radioactivity,C1
5465,радиоактивтік қалдықтар,радиоактивные отходы,radioactive  waste,C1
5466,радиоактивтік ластану,радиоактивное загрязнение,radioactive contamination,C1
5467,деңгейі,загрязнения,level,C1
5468,табиғатты қорғау заңы,закон об охране природы,nature conservation law/ conservation law,C1
5469,табиғатты сақтау,охрана природы,conservation/nature conservation,C1
5470,термальды су,термальные воды,thermal water,C1
5471,ұлттық саябақ,национальный парк,national park,C1
5472,экология,экология,ecology,C1
5473,экологиялық ақпарат,экологическая информация,ecological information,C1
5474,экологиялық бақылау,экологический контроль,ecological monitoring,C1
5475,экологиялық болжау,экологический прогноз,ecological forecast,C1
5476,экологиялық дағдарыс,экологический кризис,ecological crisis,C1
5477,экологиялық жүйе,экологическая система,ecological system,C1
5478,экологиялық залал,экологический ущерб,ecological damage,C1
5479,экологиялық қауіпсіздік,экологическая безопасность,environmental safty,C1
5480,экологиялық саясат,экологическая политика,environmental policy,C1
5481,ядролық алапат,ядерная катастрофа,nuclear catastrophe,C1
5482,ядролық қалдықтар ГЕОМЕТРИЯ,ядерные отходы,nuclear waste,C1
5483,текше метр,кубометр,cubic metre,C1
5484,квадрат,квадрат,square,C1
5485,трапеция,трапеция,trapezium,C1
5486,жол-жол,полосатый,stripe,C1
5487,түзу сызық,прямая линия,straight line,C1
5488,осі,ось,axis,C1
5489,алдыңғы жақ,фасад,"fasade, front",C1
5490,бүйір,бок,side,C1
5491,артқы бөлік УАҚЫТ,задняя часть,"rear, back",C1
5492,қолсағат,ручные часы,watch,C1
5493,қалта сағат,карманные часы,watch,C1
5494,біздің заманымызға дейін,до нашей эры,till our era,C1
5495,түн,ночь,night,C1
5496,шаңқай түс,полдень,midday,C1
5497,ақшам,1) ранние (вечерние) сумерки 2) время вечерней молитвы мусульман,twilight,C1
5498,уақыт кестесі,расписание времени,"timetable, schedule",C1
5499,уақытты белгілеу,отметить время,settling time,C1
5500,"Мереке, бос уақыт","Праздник, свободное время","Holidays, free time",C1
5501,мереке/каникул (демалыс),праздник/каникулы,holidays,C1
5502,демалыс (еңбек демалысы),отпуск (трудовой отпуск),payable annual leave,C1
5503,"демалыс, тынығу ЗАТ/МАТЕРИАЛ",отдых,rest,C1
5504,түсті металл,цветной металл,nonferrous metal,C1
5505,асыл металл,драгоценный металл,precious metal,C1
5506,ХимИялық элементтер,Химические элементы,Chemical Elements,C1
5507,марганец,марганец,manganese,C1
5508,бром,бром,bromine,C1
5509,мырыш,никель,nickel,C1
5510,стронций,стронций,strontium,C1
5511,резеңке,резина,rubber,C1
5512,мәрмәр,мрамор,marble,C1
5513,Шикізат,Сырье,Raw materials,C1
5514,мұнай,нефть,"oil, petroleum",C1
5515,жанармай,горючее,fuel,C1
5516,көмір,уголь,coal,C1
5517,ақ алтын,а) платина б) хлопок,a) platinum b) cotton,C1
5518,"Мата, былғары","Ткани, кожа и мех","Tissues, leather",C1
5519,металлолом,металлолом,scrap metal,C1
5520,қағаз қалдықтары ӨСІМДІКТЕР,макулатура,garbage/waste paper,C1
5521,аскөк,укроп,dill,C1
5522,лимон,лимон,lemon,C1
5523,апельсин,апельсин,orange,C1
5524,мандарин,мандарин,mandarin,C1
5525,грейпфрут,грейпфрут,grapefruit,C1
5526,қара жидек,черника,blueberry,C1
5527,цитрустық дақылдар,цитрусовая культура,citrous,C1
5528,алша,слива,plum,C1
5529,егістік сұлы,посевной овёс,cultivated oat,C1
5530,дәнді,злак,cereal,C1
5531,дәнді астық,хлебные злаки,grain,C1
5532,арпа жармасы,перловка,pearl barely,C1
5533,дәнді өсімдіктер,злаковые растения,cereal plant,C1
5534,бір қап қара бидай,мешок ржи,sack of potato,C1
5535,"тал, сәмбі тал",ива,osier/willow,C1
5536,жөке,липа,lime,C1
5537,жыңғыл,тамариск,tamarisk,C1
5538,талшын,каштан,chestnut tree,C1
5539,сексеуіл,саксаул,saxaul,C1
5540,зәйтүн,олива,olive,C1
5541,құрма,финик,date palm,C1
5542,ағаштың басы,крона (верхняя часть дерева),crown,C1
5543,көкнәр,мак,poppy,C1
5544,астра,астра,asterix/ aster,C1
5545,кактус,кактус,cactus,C1
5546,хризантема,хризантема,chrysanthemum,C1
5547,баршынгүл,гладиолус,gladiolus,C1
5548,атаулары,лекарственных трав,of medicative herbs,C1
5549,рауғаш,ревень,pieplant,C1
5550,ақжелек,хрен,horseradish,C1
5551,бөріқарақат,барбарис,barberries,C1
5552,итошаған,череда,bur/marigold,C1
5553,шырғанақ,облепиха,sea-buckthorn,C1
5554,сиырбүлдірген,ежевика,blackberry,C1
5555,сүйелшөп,чистотел,celandine,C1
5556,қалақай,крапива,nettle,C1
5557,ақ аю,белый медведь,white bear,C1
5558,сусиыр,бегемот,hippopotamus,C1
5559,бизон,бизон,bison,C1
5560,горилла,горилла,gorilla,C1
5561,орангутанг,орангутанг,orangutan(g),C1
5562,шимпанзе,шимпанзе,chimpanzee,C1
5563,кенгуру,кенгуру,kangaroo,C1
5564,краб,краб,crab,C1
5565,пингвин,пингвин,penguin,C1
5566,морж,морж,sea cow,C1
5567,коала,коала,koala,C1
5568,панда,панда,panda,C1
5569,елік,косуля,roe,C1
5570,қабан,кабан,wild boar,C1
5571,қораз,петух,cock,C1
5572,қаздың балапаны,гусёнок,gosling,C1
5573,үйректің балапаны,утёнок,duckling,C1
5574,"түйетауық, күркетауық",индюк,turkey,C1
5575,жабайы құс,дикая птица,fowl,C1
5576,жас балапан,птенчик,nestling,C1
5577,кішкене құс,"пташка, птичка",little bird/birdie,C1
5578,жарқанат,летучая мышь,bat,C1
5579,үкі,филин,eagle-oal,C1
5580,кептер,голубь,pigeon,C1
5581,көкек,кукушка,cuckoo,C1
5582,қарлығаш,ласточка,swallow,C1
5583,Бауырымен жорғалаушылар,Пресмыкающиеся,Reptiles,C1
5584,сужылан,уж,grass snake,C1
5585,улы жылан,ядовитая змея,adder,C1
5586,айдахар жылан,удав,boa (constrictor),C1
5587,сарышаян,скорпион,scorpion,C1
5588,улы сұр жылан,гадюка,asp/viper,C1
5589,Басқа топтар,Прочие классы,Other classes,C1
5590,шөпбақа АДАМ,травяная лягушка,brown frog,C1
5591,Жалпы мәліметтер,Общие сведения,General information,C1
5592,жыныс,пол,sex,C1
5593,кемел шақ,зрелый возраст,acme,C1
5594,балдырған,"малыш, малютка","small child,baby",C1
5595,келіншек,невеста,bride,C1
5596,Мекенжайы және ұлты,По месту жительства,Аddress and,C1
5597,бойынша,и национальности,natonality,C1
5598,американдық –,американец/американка –,American – Americans,C1
5599,ағылшын – ағылшындар,англичанин/англичанка –,English man/men –,C1
5600,қытай – қытайлық,китаец/китаянка – китайцы,Chinese,C1
5601,неміс – немістер,немец/немка – немцы,German,C1
5602,орыс – орыстар,русский/русская – русские,Russian,C1
5603,француз – француздар,француз/француженка – французы,French,C1
5604,шетелдік – шетелдіктер,иностранец/иностранка – иностранцы,foreigner – foreigners,C1
5605,дос/достар,друг/друзья,friend/friends,C1
5606,"Аты, төлқұжат","Имя, паспорт","Name, passport",C1
5607,адам,человек,man/person,C1
5608,өмірбаяны,биография,biography,C1
5609,жан,душа,soul,C1
5610,"түр, кескін кейіп",внешний вид,appearance,C1
5611,зерде,"разум, сознание",intellect,C1
5612,зейін,"внимание, помысел","attention, thought",C1
5613,жігер,"решительность, энергия",resoluteness,C1
5614,намыс,честь,"honour, credit",C1
5615,зауық,"желание, охота","willing, desire",C1
5616,иман,"вера, убеждение",faith,C1
5617,күш,сила,pour,C1
5618,қуат,мощь,"power, might",C1
5619,"Анатомия, салмақ","Анатомия, вес и рост,","Organism, weight",C1
5620,"және бой, клеткалар",клетки,"and height, tissues",C1
5621,шеміршек,хрящ,cartilage,C1
5622,ұйқы күре тамыры,сонная артерия,carotid artery/ carotid,C1
5623,Дене мүшелері,Части тела,Parts of the body,C1
5624,шынашақ,мизинец,little finger,C1
5625,бармақ,палец,finger,C1
5626,мықын,бедро,huckle,C1
5627,алқым,горловина,neck,C1
5628,бұғана,ключица,"collarbone, clavicle",C1
5629,алақан,ладонь,palm,C1
5630,басбармақ,большой палец,thumb,C1
5631,сұқсаусақ,указательный палец,index finger,C1
5632,ортан саусақ,средний палец,long finger,C1
5633,аты жоқ  саусақ,безымянный палец,ring finger,C1
5634,Бас және бет,Голова и лицо,Head and face,C1
5635,сырғалық,мочка уха,ear lobe,C1
5636,Ішкі органдар,Внутренние органы,Internal organs,C1
5637,аш ішек,тонкая кишка,small intestine,C1
5638,жұлын АДАМДАР АРАСЫНДАҒЫ ҚАТЫНАС,костный мозг,marrow,C1
5639,"шеше, ана",мать,mother,C1
5640,сіңлі (қыздар үшін),младшая сестра (для женского пола),little sister younger,C1
5641,қарындас (ұлдар үшін),младшая сестра (для мужского пола),little sister younger,C1
5642,айырылысу,развод,divorce,C1
5643,ата-ене,"свёкр и свекровь,",father-in-law and,C1
5644,Туған-туысқан,Родственники,Relatives,C1
5645,немере аға / әпке,двоюродный брат/сестра,cousin,C1
5646,арғы ата-баба,"предок, предки",ancestor,C1
5647,қайын бике,старшая сестра мужа,husband’s elder sister,C1
5648,қайын сіңлі,младшая сестра мужа,husband’s little sister,C1
5649,ағайын,родственник,kinsman,C1
5650,әулет,"династия, потомки",dynasty,C1
5651,аталас,родственник,kinsman,C1
5652,құдалық,сватовство,matchmaking,C1
5653,бажа,свояк,husband of one’s  wife’s,C1
5654,ағайындас,родственный,brothers,C1
5655,қарым-қатынас,Отношения,Relationship,C1
5656,жалдамалы,наёмный,hired,C1
5657,ауылдас,односельчанин,fellow villager,C1
5658,замандас,современник,contemporary,C1
5659,жақтас,сторонник,supporter,C1
5660,Адам әрекеттерінің,Названия действий,Names of actions,C1
5661,мәжіліс,"совещание, заседание",meeting/conference,C1
5662,отырыс,заседание,meeting/sitting,C1
5663,іс сапар,командировка,business trip,C1
5664,басқосу,саммит,summit,C1
5665,дайындық,подготовка,preparation (for),C1
5666,басшылық,руководство,guidance/leadership,C1
5667,бірлік,единство,unity,C1
5668,жәрдем,помощь,help/assistance,C1
5669,құрмет,почёт,honour,C1
5670,қуғын-сүргін,репрессия,repression,C1
5671,қатер,опасность,danger,C1
5672,кешірім,прощение,forgiveness,C1
5673,жолдама,путёвка,voucher,C1
5674,жолдау,послание,message,C1
5675,жеңіліс,поражение,defeat,C1
5676,даңқ,слава,glory/ fame,C1
5677,қауымдастық,общество,society,C1
5678,мәлімет,сведения,information,C1
5679,мәселе БАСПАНА,проблема,problem,C1
5680,"қора, сарай",сарай,shed,C1
5681,салқындатқыш,кондиционер,air-conditioner,C1
5682,қолайлылық,удобство,comfort,C1
5683,қоңырау,звонок,bell,C1
5684,электр жүйесі,электричество,electricity,C1
5685,әжетхана/дәретхана,туалет,toilet,C1
5686,"кабинет, бөлме",кабинет,study,C1
5687,кіре беріс бөлме,прихожая,hall,C1
5688,ЖиҺаз,"Мебель, обстановка","Furniture, conditions",C1
5689,кітап шкафы,книжный шкаф,bookcase,C1
5690,сырмалы көрпе,стёганое одеяло,quilt,C1
5691,"Ыдыстар, сауыттар","Сосуды, емкости","Cans, containers",C1
5692,рюкзак,рюкзак,rucksack/ knapsack,C1
5693,ваза,ваза,vase,C1
5694,канистр,канистра,can,C1
5695,сыйымдылық,ёмкость,container,C1
5696,магнитофон,магнитофон,tape recorder,C1
5697,бейнемагнитофон,видеомагнитофон,video,C1
5698,газ плитасы,газовая плита,gas cooker,C1
5699,тігін машинасы,швейная машина,sewing machine,C1
5700,еттартқыш КИІМ,мясорубка,meat chopper,C1
5701,плащ,плащ,raincoat,C1
5702,жылы күртеше,тёплая куртка,warm jacket,C1
5703,жұқа күртеше,ветровка,windcheater/ windbreaker,C1
5704,"Киім, іш киім","Одежда, белье","Cothes, underclothes",C1
5705,"жакет, пиджак",жакет/пиджак,coat/ jacket,C1
5706,майка,майка,undershirt,C1
5707,бриджи,бриджи,breeches,C1
5708,джинсы,джинсы,jeans,C1
5709,колготки,колготки,tights,C1
5710,шляпа,шляпа,hat,C1
5711,кепеш,кепка,peaked cap,C1
5712,шәрке,тапочка,slipper,C1
5713,Киім бөліктері,Элементы одежды,Costume,C1
5714,манжет,манжет,cuff,C1
5715,мойын орағыш,шарф,scarf,C1
5716,бет орамал,носовой платок,handkerchief/hanky,C1
5717,сырма ТАМАҚ,молния,zipper,C1
5718,жеңсік ас,деликатес,delicacy,C1
5719,түскі қонақ асы,званый обед,formal dinner party,C1
5720,ас беру,устраивать поминки,funeral repast/feast,C1
5721,тоқбасар (тамақтан кейін берілетін жеміс немесе тәтті тағам),десерт,dessert,C1
5722,гарнир,гарнир,garnish,C1
5723,макарон,макароны,macaroni,C1
5724,бифштекс,бифштекс,beef steak,C1
5725,сиыр еті,говядина,beef,C1
5726,қой еті,баранина,mutton,C1
5727,бұзау еті,телятина,veal,C1
5728,сұлы ботқасы,овсяная каша,porridge,C1
5729,қуырылған картоп,жареный картофель,fried potatoes,C1
5730,пісірілген жұмыртқа,варёное яйцо,boiled egg,C1
5731,Ұлттық сусындар,Национальные напитки,National drinks,C1
5732,какао,какао,cocoa,C1
5733,кола,кола,cola,C1
5734,ликёр,ликёр,liqueur,C1
5735,коньяк,коньяк,cognac,C1
5736,бренди/коньяк,бренди/коньяк,brendy/cognak,C1
5737,виски,виски,whisky,C1
5738,мармелад,мармелад,fruit-paste sweets/ candies,C1
5739,маргарин,маргарин,margarine,C1
5740,ет дүкені,мясной магазин,butcher’s,C1
5741,көкөніс дүкені,овощной магазин,greengrocery/reengrocer’s (shop),C1
5742,сүт өнімдері дүкені,молочный магазин,dairy,C1
5743,балық дүкені,рыбный магазин,fish store,C1
5744,кондитер бөлімі,кондитерский отдел,confectioner’s (shop),C1
5745,қара құмық жармасы,гречневая крупа,buckwheat,C1
5746,ұнтақ жарма,манная крупа,semolina,C1
5747,ұн,мука,flour,C1
5748,"Асүй, ыдыс, асүй","Кухня, посуда,","Dinning room,",C1
5749,бұйымдары,кухонные,"the dishes, kitchen",C1
5750,ас қасық,столовая ложка,table spoon,C1
5751,шай қасық,чайная ложка,tea spoon,C1
5752,шыны аяқ,чашка,cup,C1
5753,шөнке,горшок,pot,C1
5754,асүй ыдыстары,столовая посуда,"dinnerware, foodware, tableware",C1
5755,ет табақ,блюдо для мяса,dish for the meat,C1
5756,"тоңазытқыш СЕЗІМ, МІНЕЗ",холодильник,refrigarator,C1
5757,Жағымды эмоция,Положительные эмоции,Positive emotion,C1
5758,шаттану,радость,"joy, gladness",C1
5759,адалдық,честность,honesty,C1
5760,адамгершілік,"человечность, гуманность",humanity,C1
5761,қанағат,удовлетворение,satisfaction,C1
5762,жұбаныш,утешение,"comfort, consolation",C1
5763,аяныш,сострадание,compassion,C1
5764,азаттық,свобода,freedom,C1
5765,саналылық,сознательность,consciousness,C1
5766,"сүйіспеншілік, махаббат",любовь,love,C1
5767,қайғы-қасірет,страдание,suffering,C1
5768,жалғыздық,одиночество,loneliness,C1
5769,реніш,огорчение,grief,C1
5770,арамдық,злонамеренность,evil intent,C1
5771,немқұрайдылық,"халатность, безразличие","carelessness, indifference",C1
5772,жауыздық,"зло, злоба",anger,C1
5773,жиіркеніш,отвращение,aversion,C1
5774,сенімсіздік,недоверие,distrust,C1
5775,кекшілдік,мстительность,vindictiveness,C1
5776,күдікшілдік,сомнительность,doubtfulness,C1
5777,"Шыдамдылық,","Терпение, твёрдость,","Patience, foible",C1
5778,қорқақтық,трусость,cowardice,C1
5779,сенбеушілік,неверие,disbelief,C1
5780,достық,дружба,friendship,C1
5781,"ашу, кек","гнев, месть","anger, revenge",C1
5782,батылдық,храбрость,bravery,C1
5783,ерік күші,сила воли,will power,C1
5784,әлсіздік,слабость,foible,C1
5785,күдік,сомнение,doubt,C1
5786,сабырлылық,"самообладание, сдержанность",composure,C1
5787,"қаттылық, беріктік",твёрдость,stability,C1
5788,бел байлағандық,решимость,determination,C1
5789,"Жақсы көру, жек көру","Любовь, ненависть","Love, hatred",C1
5790,көңіл білдіру,сочувствие,sympathy,C1
5791,тілектестік,доброжелательность,"benevolence, amicability",C1
5792,жек көрушілік,презрение,"contempt, scorn",C1
5793,жиіркенушілік,отвращение,"aversion, digust",C1
5794,"қызғаныш, күншілдік",зависть,envy,C1
5795,табалаушылық,злорадство,malicious joy,C1
5796,"Мақтаныш,","Гордость,","Pride, modesty",C1
5797,ұялшақтық,застенчивость,shyness,C1
5798,ұят,стыд,shame,C1
5799,атаққұмарлық,тщеславие,vanity,C1
5800,тәкаппарлық,высокомерие,arrogance,C1
5801,"паңдық,",самодовольство,"self-satisfaction,",C1
5802,қарапайымдылық,скромность,modesty,C1
5803,елгезектік,чуткость,sensitiveness,C1
5804,"қорлау, тіл тигізу",оскoрбление,"insult (to), outrage (against)",C1
5805,"арсыздық,",наглость,"impudence, insolence",C1
5806,таңдамашылдық,изысканность,refinement,C1
5807,"Ықылас, ниет,","Желание, намерение,","Desire, diligence,",C1
5808,жалқаулық,лень,laziness,C1
5809,"ынта, жігер",рвение,"zeal, fervour",C1
5810,Адамға тән,"Качества,",Human behavior/,C1
5811,қасиеттер,свойственные человеку,characteristics,C1
5812,"ар, ұят","честь, совесть",honour,C1
5813,әдеп,"вежливость, учтивость",politness,C1
5814,әдет,привычка,habit,C1
5815,айла,"уловка, хитрость",trick,C1
5816,азап,"мука, мучение, страдание",torment,C1
5817,кемшілік,недостаток,lack (of),C1
5818,жылау,плачь,"weep, cry",C1
5819,жат қылық,аморальный поступок,immorality,C1
5820,талпыныс,рвение,zeal,C1
5821,ұмтылыс,попытка,attempt,C1
5822,жомарттық,щедрость,generosity,C1
5823,еңбекқорлық,трудолюбие,"industry, dilligence",C1
5824,тілек,желание,wish,C1
5825,өмір,жизнь,life,C1
5826,мүдде,интерес,interest,C1
5827,бастама,инициатива,initiative,C1
5828,құзіреттілік,компетентность,competency,C1
5829,құқық,право,right,C1
5830,әл ауқат,благосостояние,welfare,C1
5831,абырой,авторитет,authority,C1
5832,ажар,облик,"look, appearance",C1
5833,сымбат,"красота, телосложение","beauty, figure",C1
5834,билік,власть,authority,C1
5835,ажал ОЙЛАУ,"смерть,  смертный час",death,C1
5836,"Табиғат, сана","Природа, сознание","Nature, consiousness",C1
5837,бөлік,часть,part,C1
5838,форма,форма,form,C1
5839,фактор,фактор,factor,C1
5840,"қайшылық, үйлеспеушілік",противоречие,"contradiction, opposition",C1
5841,амал,способ,method,C1
5842,"ереже, қағидат",правило,rule,C1
5843,алдыңғы жағдай,предпосылка,"precondition, prerequisite",C1
5844,тапшылық,"недостаток, нехватка","lack (of), defect",C1
5845,жетімсіздік,недостаток,deficiency,C1
5846,орта мектептің жоғарғы,старшие классы средней,grammar school,C1
5847,кәсіби техникалық училище,профессоинально- техническое училище,technical school,C1
5848,жоғарғы оқу орны,высшее учебное заведение,higher education/university,C1
5849,"еңбек, жұмыс (ғылыми)","труд, работа (научная)",scientific work,C1
5850,ашылу,открытие,discovery,C1
5851,мектеп оқушысы,школьник/школьница,schoolboy   schoolgirl,C1
5852,аспирант,аспирант/аспирантка,postgraduate student,C1
5853,ғылым академиясының,член академии наук,member of the academy,C1
5854,мектеп директоры,директор школы,school head,C1
5855,факультет деканы,декан факультета,dean of the faculty,C1
5856,практика,практика,practice,C1
5857,цифр,цифра,figure/number,C1
5858,дискет,дискета,disk,C1
5859,бітіру (университет),окончание (университета),graduation,C1
5860,техникум,техникум,technical secondary school,C1
5861,колледж,колледж,college,C1
5862,курстар,курсы,cources,C1
5863,академия (ғылым),академия (наук),academy of sciences,C1
5864,сынып (бірінші сынып),класс (первый класс),first form,C1
5865,аспирантура,аспирантура,postgraduate education,C1
5866,аудитория (дәрісхана),аудитория,auditorium/lecture hall,C1
5867,сурет салу/сызу,рисование/черчение,drawing,C1
5868,үй тапсырмасы,домашнее задание,home task,C1
5869,"мұғалім, оқытушы",учитель/преподаватель,teacher,C1
5870,"студент, тыңдаушы","студент, слушатель",student,C1
5871,ғылым/жаратылыстану,наука/предмет,science,C1
5872,"емтихан, баға","экзамен, оценка","examination, mark/grade",C1
5873,Тіл білімі,Языкознание,Linguistics,C1
5874,стиль,стиль,style,C1
5875,жай сөйлем,простое предложение,simple sentence,C1
5876,мойындамау,отрицание,negation,C1
5877,жекеше түрі,единственное число,singular,C1
5878,көпше түрі,множественное число,plural,C1
5879,салалас құрмалас сөйлем,сложносочинённое предложение,compound sentence,C1
5880,сабақтас құрмалас сөйлем,сложноподчинённое предложение,complex sentence,C1
5881,бағыныңқы немесе басыңқы,придаточное или главное,dependent clause,C1
5882,грамматикалық шақ,грамматическое время,tense,C1
5883,етіс,залог,voice,C1
5884,септік,падеж,case,C1
5885,мәтін типтері,типы текстов,types of texts,C1
5886,мәтін тақырыптары,темы текстов,themes of the texts,C1
5887,Ғылыми терминдер,Научные термины,Scientific terms,C1
5888,аспект,аспект,aspect,C1
5889,"мәселе, проблема",проблема,problem,C1
5890,аргумент,аргумент,argument,C1
5891,"шама, көлем",величина,size,C1
5892,"түйін, қорытынды",вывод,conclusion,C1
5893,"гармония, үйлесім",гармония,harmony,C1
5894,сызба,график,"graph, diagram",C1
5895,"зерде, зият",интеллект,intellect,C1
5896,мөлшер,количество,"quantity, number",C1
5897,композиция (құрылысы),композиция,composition,C1
5898,"қисын, логика",логика,logic,C1
5899,"әдіснама, әдістер жүйесі",методология,methodology,C1
5900,істе қолдану,практика,practice,C1
5901,қайшылық,противоречие,contradiction,C1
5902,"процесс, үрдіс",процесс,process,C1
5903,"жағдай, жағдаят",ситуация,situation,C1
5904,"салдар, нәтиже",следствие,consequence,C1
5905,"тенденция, даму бағыты, үрдіс",тенденция,tendency,C1
5906,феномен,феномен,phenomenon,C1
5907,"цикл, топтама",цикл,cycle,C1
5908,кезең МӘДЕНИЕТ,этап,stage,C1
5909,шебер (бейнелеу),мастер (живописи),artist,C1
5910,бейнелеу өнерінің туындысы,произведение живописи,paintings,C1
5911,жетекші,руководитель,leader/head,C1
5912,жалпы түсініктер,общие понятия,general idea,C1
5913,талант,талант,talent,C1
5914,өнер шығармалары,произведение искусства,work of art,C1
5915,шіркеу,церковь,church,C1
5916,фонтан (субұрқақ),фонтан,fountain,C1
5917,режиссёр,режиссер,director.,C1
5918,зал,зал,hall,C1
5919,бейнефильм,"видео, видеофильм",video,C1
5920,бейнекассета,видеокассета,videocassete,C1
5921,кейіпкер (фильмнің),герой (фильма),hero,C1
5922,қызық оқиғалы фильм,приключенческий фильм,adventure film,C1
5923,өткір сюжетті фильм,остросюжетный фильм,thriller,C1
5924,балерина,балерина,ballet dancer,C1
5925,көрермендер,зрители,viewers,C1
5926,қол шапалақтау,аплодисменты,applause,C1
5927,музыкалық комедия,музыкальная комедия,musical comedy,C1
5928,кейіпкер (пьеса),герой (пьесы),hero,C1
5929,партердің алдыңғы қатары,передние ряды партера,parquet circle,C1
5930,партердің артқы қатары,задние ряды партера,parterre,C1
5931,дирижёр,дирижёр,conductor,C1
5932,музыканттар тобы,группа музыкантов,band,C1
5933,саксофон,саксофон,saxophone,C1
5934,бис,бис,encore,C1
5935,драмматург,драмматург,dramaturge,C1
5936,типография,типография,printer,C1
5937,гимнастика,гимнастика,gymnastics,C1
5938,тенис,теннис,tennis,C1
5939,клуб (спорт),клуб (спортивный),sport club,C1
5940,чемпионат,чемпионат,championship,C1
5941,олимпиялық ойындар,олимпийские игры,Olympic games,C1
5942,медаль,медаль,medal,C1
5943,"алтын/күміс, қола медаль",золотая/серебряная/ бронзовая медаль,"gold, silver, bronze medal",C1
5944,тең ойын,ничья,drawn game,C1
5945,"капитан, жетекші",капитан,captain,C1
5946,атлет,атлет,athlete,C1
5947,көркем сырғанау,фигурное катание,Figure skating,C1
5948,автомобиль,автомобиль,car/motor,C1
5949,машина,машина,car,C1
5950,шоссе (тас жол),шоссе,highway/road,C1
5951,"билет (бару, қайтуға)",билет (туда и обратно),return/round trip,C1
5952,жоспар (қаланың),план (города),plan,C1
5953,маршрут,маршрут,route/course,C1
5954,"паспорт, төлқұжат ЖҰМЫС",паспорт,passport,C1
5955,"Еңбек, жұмысбастылық","Труд, занятость","Work, occupancy",C1
5956,қайраткерлік,деятельность,activity,C1
5957,"Қызмет, әрекет саласы",Сферы деятельности,Field of activity,C1
5958,зауыт/фабрика,завод/фабрика,plant/factory,C1
5959,авиазауыт,авиазавод,aircraft factory,C1
5960,автозауыт,автозавод,motor car works/factory,C1
5961,мұнай өңдейтін зауыт,нефтеперегонный завод,oil refinery,C1
5962,композитор,композитор,composer,C1
5963,медбике,медсестра,nurse,C1
5964,оташы,хирург,surgeon,C1
5965,инженер-электроншы,инженер-электронщик,engineer electronician,C1
5966,металл ісінің маманы,токарь,turner,C1
5967,дәнекерлеуші,сварщик,welder,C1
5968,биолог,биолог,biologist,C1
5969,география маманы,географ,geographer,C1
5970,геология маманы,геолог,geologist,C1
5971,психология маманы,психолог,psychologist,C1
5972,математик,математик,mathematician,C1
5973,физика маманы,физик,physicist,C1
5974,филолог,филолог,philologist,C1
5975,философ,философ,philosopher,C1
5976,химия маманы,химик,chemist,C1
5977,экономика маманы,экономист,economist,C1
5978,асаба,тамада,toastmaster,C1
5979,бағбан,садовод,gardener,C1
5980,малшы,скотовод,cattle-breeder,C1
5981,сауыншы,доярка,dairymaid,C1
5982,егінші,земледелец,farmer,C1
5983,етікші,сапожник,shoemaker,C1
5984,басқарушы,управляющий,manager,C1
5985,меңгеруші,заведующий,"chief, head",C1
5986,бастық,начальник,"head, chief, boss",C1
5987,бастықтың орынбасары,заместитель начальника,deputy chief,C1
5988,жетекші маман,ведущий специалист,key specialist,C1
5989,төраға,председатель,"chairman, chairperson",C1
5990,қызметкер,сотрудник,collaborator,C1
5991,мансап,карьера,career,C1
5992,мәртебе,статус,status,C1
5993,"Құралдар, жабдықтар","Инструменты,","Instruments,",C1
5994,шайба,шайба,washer,C1
5995,ажырататын кілт,разводной ключ,adjustable spanner,C1
5996,шүріп,шуруп,screw,C1
5997,сіріппе,пружина,spring,C1
5998,жабдық,оборудование,equipment,C1
5999,аппарат,аппарат,device,C1
6000,станок/машиналар,станки/машины,machine-tools,C1
6001,материал,материал,material,C1
6002,"қайрақ тас БАЙЛАНЫС, КӨЛІК",точильный камень,whetstone,C1
6003,"пошта, пошта бөлімі","почта, почтовое отделение",post office,C1
6004,сәлемдеме алу,получить посылку,get/receive a parcel,C1
6005,жұмыс телефоны,рабочий телефон,business/office phone,C1
6006,үй телефоны,домашний телефон,home phone,C1
6007,ашық хат,открытка,postcard,C1
6008,кабина,кабина,cabin,C1
6009,қоғамдық телефон,общественный телефон,public telephone,C1
6010,жөнелтілім,отправление,departure,C1
6011,электронды пошта,электронная почта,e-mail,C1
6012,байланыс жүйесі,система связи,communication(s) system,C1
6013,байланыс желісі,линия связи,communication channel,C1
6014,ғарыштық байланыс желісі,линия космической связи,space communication line,C1
6015,магистральды байланыс,магистральная связь,long-hall communication,C1
6016,халықаралық бағыт,международное направление,international direction,C1
6017,"қалааралық, халықаралық","междугородняя,","trunk communication, long",C1
6018,халықаралық арна,международный канал,"toll circuit, trunk circuit",C1
6019,халықаралық желі,международная сеть,international network,C1
6020,халықаралық байланыс,международная линия,long distance line,C1
6021,жергілікті абонент,местный абонент,local user,C1
6022,жергілікті байланыс желісі,местная линия связи,home line,C1
6023,байланыс құралы,средства связи,communication facilities,C1
6024,телеграф абоненті,телеграфный абонент,telegraph subscriber,C1
6025,телеграф арнасы,телеграфный канал,telegraph channel,C1
6026,телеграф торабы,телеграфный узел,telegraph center,C1
6027,телеграфтық хабар,телеграфное сообщение,telegraphic communication/ message,C1
6028,телеграф  байланысы,телеграфная связь,telegraphic communication,C1
6029,телефакс,телефакс,facsmile,C1
6030,телефон абоненті,телефонный абонент,telephone subscriber,C1
6031,телефон желісі,телефонный кабель,telephone cabel,C1
6032,телефон байланысы,телефонная связь,telecommunications/telephony,C1
6033,телефонограмма,телефонограмма,telephone message,C1
6034,байланыс торабы,узел связи,communication center,C1
6035,байланыс жиілігі,частота связи,communication band/carrier selection,C1
6036,абоненттік төлем,абонентская плата,user charge,C1
6037,қалалық байланыс,городская связь,intercity network,C1
6038,тепловоз,тепловоз,locomotive,C1
6039,цистерна,цистерна,cistern,C1
6040,тасушы,носильщик,porter/carrier/ baggage-man,C1
6041,жол серік,проводник,conductor,C1
6042,темір жол билеті,железнодорожный билет,commutation/railway ticket,C1
6043,жатын вагон,спальный вагон,sleeping car,C1
6044,тауар вагоны,товарный вагон,freight-car,C1
6045,әуе вокзал,аэровокзал,air terminal,C1
6046,реактивті ұшақ,реактивный самолет,jet aircraft,C1
6047,әуелайнері,авиалайнер,airliner,C1
6048,ұшу жолағы,взлетная полоса,runway,C1
6049,штурман,штурман,flight navigator,C1
6050,борт-радист,борт-радист,airborne radio operator/ flight radio operator,C1
6051,құйрығы,хвост,plane’s tail,C1
6052,шасси,шасси,chassis,C1
6053,жолаушыларды бортқа,посадка пассажиров,take on board,C1
6054,қонбай ұшу,беспосадочный перелет,non-stop flight,C1
6055,Автомобиль көлігі,Автомобильный транспорт,Motor transport,C1
6056,фургон,фургон,estate car,C1
6057,автоцистерна,автоцистерна,tank-lorry,C1
6058,автожол,автодорога,highway,C1
6059,капот,капот,bonnet,C1
6060,фар,фары,headlight,C1
6061,шина,шина,tyre,C1
6062,жолдың қиылысы,перекресток дорог,crossroads,C1
6063,шыны тазартқыш,стеклоочистители,windscreen wiper,C1
6064,жүксалғыш,багажник,"boot, trunk",C1
6065,сигнал,сигнал,signal,C1
6066,двигатель,двигатель,engine/motor,C1
6067,автосервис,автосервис,service center,C1
6068,автомобиль жуатын жер,мойка автомобилей,car wash,C1
6069,пайдаланылған газды шығаратын труба,выхлопная труба,exhaust pipe,C1
6070,рөл дөңгелегі,рулевая педаль,steering wheel,C1
6071,акселератор,акселератор,accelerator,C1
6072,жанармай көлемінің,показатель количества,fuel quantity indicator,C1
6073,ауыл,деревня,village,C1
6074,тротуар/асфальт,тротуар/асфальт,sidewalk/asphalt,C1
6075,кондуктор,кондуктор,conductor,C1
6076,қала көлігі,городской транспорт,urban transport,C1
6077,Тұрғылықты және,Место проживания,Place of living and,C1
6078,жұмыс істейтін жері,и работы (городские,place of work,C1
6079,зообақ,зоопарк,zoo,C1
6080,гастроном,гастроном,groсery,C1
6081,өтетін жер,переход,passage,C1
6082,әмбебап дүкен,универмаг,department store,C1
6083,қалалық,городской,urban,C1
6084,радио,радио,radio,C1
6085,тіл (қай тілде?),язык (на каком языке?),language (what?),C1
6086,жазбахат,записка,note,C1
6087,"Құжаттар, баспа","Документы, печатная","Document, print",C1
6088,өнімдері,продукция,production,C1
6089,"паспорт, төлқұжат",паспорт,passport,C1
6090,журнал,журнал,magazine,C1
6091,маркі,марка,stamp,C1
6092,роман ҚАТЫСЫМ,роман,novel,C1
6093,жаңалықтар,новости,news,C1
6094,"Қатысым, сөйлесім","Общение,","Communication,",C1
6095,сұхбат,интервью,interview,C1
6096,өз пікірін білдіру,высказывание,statement/utterance,C1
6097,рұқсат,разрешение,permission,C1
6098,тыйым,запрещение,prohibition,C1
6099,ертеңге дейін,до завтра!,Have a nice day!,C1
6100,"Кешіріңіз, сіз білесіз бе?","Извините, вы не знаете?","Sorry, don’t you know?",C1
6101,Мерекеңізбен!,С праздником!,Congratulations!,C1
6102,Қарым-қатынас тәртібі,Этикет,Etiquette,C1
6103,этикет,этикет,etiquette,C1
6104,Сәлем,Привет!,Hi!,C1
6105,Менің атым,Меня зовут,My name is,C1
6106,Менің тегім,Моя фамилия,My surname is,C1
6107,Сізді көргеніме қуаныштымын,Рад вас видеть,I am glad to see you.,C1
6108,Рахмет,Спасибо,Thank you!,C1
6109,Жақсылық тілеймін!,Всего хорошего!,Good-bye! All the best!,C1
6110,Қымбатты,Дорогая,Dear Ainur,C1
6111,Айнұр Рахманқызы!,Айнур Рахмановна!,Rakhmanovna!,C1
6112,Достар!,Друзья!,Dear Friends!,C1
6113,Өте қуаныштымын,Очень рад(а),I’m glad to…,C1
6114,өкінішті-ақ,очень жаль,it is a thousand pities,C1
6115,ризашылықпен,с удовольствием,with pleasure,C1
6116,Қаратпа түрлері,Формы обращения,Form of address,C1
6117,Құрметті қонақтар!,Уважаемое гости,Dear guests,C1
6118,Қадірлі әріптестер,Уважаемые коллеги!,Dear colleagues,C1
6119,Тыңдаңызшы!,Послушайте!,"Listen to me, please!",C1
6120,Ханымдар мен мырзалар!,Дамы и господа!,Ladies and gentlemen!,C1
6121,"Кешіріңіз, кешірерсіз!",Извините!,Excuse me/ Pardon me!,C1
6122,Ғафу етіңіз!,Простите!,Excuse me/ I’m sorry!,C1
6123,"Иә, бұл мен","Да, это я","Yes, it’s me",C1
6124,жарайды,Ладно,All right,C1
6125,"Жарайды, әрине","Да, конечно.",Of course.,C1
6126,Өте жақсы,Очень хорошо,Very well.,C1
6127,Біз қарсы емеспіз,Мы не возражаем,We don't mind.,C1
6128,"Иә, мейліңіз","Да, пожалуйста","Yes, please",C1
6129,Мен қарсы емеспін,Я не возражаю,I don't mind,C1
6130,Болмайды,Нельзя,It is impossible,C1
6131,"Жоқ, рахмет","Нет, спасибо","No, thank you",C1
6132,Біз келіспейміз,Мы не согласны,We don’t agree (with),C1
6133,Білмейміз,Не знаем,We do not know,C1
6134,Бұл менің қолымнан келмейді,Это не в моих силах,I can not do this,C1
6135,Құптамаймын,Не поддерживаю,I hold no brief for/i don’t support,C1
6136,Бұл мүмкін емес,Это невозможно,It’s impossible,C1
6137,Бұлай болуы мүмкін емес,Это исключено,It is not ruled out/it may well be so,C1
6138,Сенікі дұрыс емес,Ты не прав(а),You are not right,C1
6139,Сіз қателесесіз,Вы ошибаетесь,You are mistaken,C1
6140,Сіздікі дұрыс емес,Вы не правы,You are not right,C1
6141,Аман-сау бол!,Будь здоров! До свидания!,Good bye!,C1
6142,Қайыр қош бол!,Счастливо оставаться!,Good luck!,C1
6143,Сәлем айт,Передай привет,Best regards to,C1
6144,Әпере салыңызшы,"Подайте, пожалуйста",Could you pass it to me?,C1
6145,Есікті жабыңызшы,"Закройте дверь, пожалуйста",Could you close the door?,C1
6146,Түсіндіріңізші,"Объясните, пожалуйста",Could you explain to me?,C1
6147,"Айналайын, көмектесіңізші","Помогите, пожалуйста","Please, help me",C1
6148,мұнда әкеліңізші,принесите,Could you bring it here?,C1
6149,Өзіңіз алыңызшы!,"Возьмите, пожалуйста, сами!",Could you take it yourself?,C1
6150,Сізден өтінемін!,Прошу вас!,Could you do a favour?/ I  ask you to do a favour for me,C1
6151,Абыржымаңыз!,Не волнуйтесь!,Don’t worry!,C1
6152,Айтып жіберіңізші!,"Подскажите, пожалуйста!",Could you tell me?,C1
6153,Көмектесіп жіберіңізші!,"Помогите, пожалуйста!",Could you help me?,C1
6154,Сабыр етіңізші!,"Успокойтесь, пожалуйста!",Take it easy.,C1
6155,Сәл кідіріңізші! МЕМЛЕКЕТ,Подождите немного!,Wait a little.,C1
6156,жалау,флаг,flag,C1
6157,социализм,социализм,socialism,C1
6158,капитализм,капитализм,capitalism,C1
6159,прокурор,прокурор,public prosecutor,C1
6160,адвокат,адвокат,advocate,C1
6161,"Ішкі одақ, федерация",Федерация,Federation,C1
6162,мемлекеттік құрылыс,государственное устройство,state organization,C1
6163,ұлттық,национальный,national,C1
6164,ата заң,конституция,constitution,C1
6165,"съезд, құрылтай",съезд,congress/convention,C1
6166,монархия,монархия,monarchy,C1
6167,король,король,king,C1
6168,император,император,emperor,C1
6169,жеке бүлік,диктатура,dictatorship,C1
6170,экономика (ғылым),экономика ( наука),economy(science),C1
6171,ел экономикасы,экономика страны,national economy,C1
6172,экономикалық интеграция,экономическая интеграция,economic integration,C1
6173,экономикалық саясат,экономическая политика,"deal, economic policy",C1
6174,экономикалық ақпарат,экономическая информация,economic information,C1
6175,экономикалық көрсеткіштер,экономические показатели,economic indexes,C1
6176,экономикалық талдау,экономический анализ,economic analysis,C1
6177,бейбіт шарт,мирный договор,treaty of peace/peace treaty,C1
6178,халықаралық шарт,международный договор,international agreement,C1
6179,ұзақ мерзімді шарт,долгосрочный договор,period contract/time contract,C1
6180,қысқа мерзімді шарт,краткосрочный договор,short-term agreement,C1
6181,жанама шығындар,косвенные расходы,indirect costs,C1
6182,үстеме шығындар,накладные расходы,"burden, overhead charges",C1
6183,төтенше шығындар,чрезвычайные расходы,extraordinary costs,C1
6184,төте шығындар,прямые расходы,direct expences,C1
6185,валюта,валюта,currency,C1
6186,айырбасталатын валюта,конвертируемая валюта,convertible currency,C1
6187,валюта бағамы,курс валют,exchange rate,C1
6188,салық жүйесі,налоговая система,tax system,C1
6189,салық заңдары,налоговое законодательство,tax legislation,C1
6190,салық құқығы,налоговое право,revenue law/fiscal law,C1
6191,мәмлегерлік,дипломатия,diplomacy,C1
6192,араласпаушылық,невмешательство,non-interference,C1
6193,дипломатиялық қатынастар,дипломатические отношения,diplomatic relations,C1
6194,дипломатиялық,дипломатические,diplomatic,C1
6195,келіссөздер,переговоры,negotations,C1
6196,халықаралық қауіпсіздік МӘДЕНИЕТ,международная безопасность,international security,C1
6197,өлім,смерть,death,C1
6198,нәресте денсаулығы,здоровье ребенка,child health,C1
6199,жаңа туылған баланың гигиенасы,гигиена новорожденного,newborn hygiene,C1
6200,шала туылған балалар,недоношенные дети,premature babies,C1
6201,оқушы гигиенасы,гигиена школьников,sсhool children hygiene,C1
6202,жасөспірімдер гигиенасы,гигиена подростков,teenager hygiene,C1
6203,әйел аурулары,женские болезни,women's diseases,C1
6204,мастит,мастит,mastitis,C1
6205,миома,миома,myoma,C1
6206,аденома,аденома,adenoma,C1
6207,простатит,простатит,prostatitis,C1
6208,белсіздік,мужское бесплодие,male sterlity,C1
6209,ағзаны тазалау,очищение организма,detox,C1
6210,індет,чума,plague,C1
6211,құрт ауруы,туберкулез,tuberculosis,C1
6212,Басқа аурулар,Другие заболевания,Other illnesses,C1
6213,су қараңғылық,глаукома,glaucoma,C1
6214,шел басу,катаракта,cataract,C1
6215,диатез,диатез,diathesis,C1
6216,мешел,рахит,rachitis,C1
6217,қанның азаюы,анемия,anemia,C1
6218,Ауру белгілері,Симптомы,Symptoms,C1
6219,белгілер,симптомы,symptoms,C1
6220,бас айналымы,головокружение,vertigo,C1
6221,"Дәрігерлер,","Врачи, больница","Doctor/physician,",C1
6222,операция столы,операционный стол,surgical (operaional) table,C1
6223,жансақтау бөлімі,реанимация,resuscitation,C1
6224,анестезиолог,анестезиолог,"anaesthetist, anaesthesiologist",C1
6225,дәрігерлік тексеру,медосмотр,medical examination/medical inspection,C1
6226,стетоскоп,стетоскоп,stethoscope,C1
6227,қан анализі,анализ крови,blood test/ blood examination,C1
6228,укол,укол,prick,C1
6229,кардиограмма,кардиограмма,cardiogram,C1
6230,кардиография,кардиография,cardiography,C1
6231,томография,томография,tonography,C1
6232,флюорография,флюорография,fluorography,C1
6233,"ультрадыбыстық сәулелену Етістіктер Етістіктердің мағыналық топтарының классификациясы 1. кезең, стадияны білдіретін етістіктер (бастау, жалғастыру, аяқтау); 2. қозғалыс етістіктері (жүгіру, бару, ұшу); 3. санды, барлықты білдіретін етістіктер (сақтау, қысқарту, жинақтау); 4. қалып күйді білдіретін етістіктер (тұру, отыру, ілініп тұру, жату); 5. тұрмыс мәнді етістіктер (жұмыс істеу, жеу, киіну, ауыру); 6. сезім етістіктері (жақсы көру, жек көру, қуану, жылау); 7. ойлау етістіктері (ойлау, қорытынды жасау, есеп шығару, қайта ойлау); 8. жұмыс операцияларын білдіретін етістіктер (дайындау, жөндеу, аралау, жуу); 9. қатысым етістіктері (сөйлеу, сұрау, жауап беру, алу, беру, танысу, кешірім сұрау); 10. күрес мәнді білдіретін етістіктер (шабуыл жасау, қорғану, жеңу, ату);",ультразвуковое излучение,ultrasonic radiation,C1
6234,Кезеңді,Глаголы,Verbs defining,C1
6235,білдіретін,определяющие,stage AND period,C1
6236,"көріну, пайда болу",появиться,to appear/emerge,C1
6237,қалыптасу,"формироваться, складываться",to form/take shape,C1
6238,жалғасу,продолжаться,to continue,C1
6239,жаңарту,обновить,to renovate,C1
6240,Aяқтау,Завершение,Сomplete,C1
6241,шаңғымен сырғанау,кататься на лыжах,to ski,C1
6242,конькимен сырғанау,кататься на коньках,to skate,C1
6243,Қозғалыс түрлері,Виды движений,Kinds of movements,C1
6244,"Жоғарыға, төменге","Действия верх, вниз","Actions top,",C1
6245,Жылдамдық,Скорость,Speed,C1
6246,Ізіне түсу,Преследование,Рersecution,C1
6247,Шыққаннан кіргенге,Цикл движений,Cycle movement,C1
6248,дейінгі қозғалыс,от выхода до входа,from an exit to an,C1
6249,Судағы қозғалыс,Движения в воде,Movements in water,C1
6250,бұрылу (оңға),повернуть направо,to turn to the right,C1
6251,батып кетпеу,не утонуть,to not to sink,C1
6252,Жетпеушілік,Недостаточность,Insufficiency,C1
6253,Қосу (қолданыс),Добавление,Аddition,C1
6254,сақтану,беречься,to preservation,C1
6255,"қосу, үстемелеу",дополнить,to add,C1
6256,"ілу, ілініп тұру","вешать, висеть,",to hung,C1
6257,жұмсау (ақша),тратить (деньги),to spend,C1
6258,жұмыстан босату,уволить,to fire,C1
6259,су ішкісі келу,хотеть пить,to be thirsty,C1
6260,төсектен тұру,вставать из постели,to get up,C1
6261,өлу,умереть,to die,C1
6262,жерлеу,хоронить,to bury,C1
6263,Қуаныш – қайғы,Радость – печаль,Рleasure – grief,C1
6264,шыдай білу,выдержать,"to hold out (against), withstand",C1
6265,Мақтаныш –,Гордость –,Pride/simplicity,C1
6266,арсыздану,наглеть,to become impudent,C1
6267,арсыз болу,быть наглым,to be impudent,C1
6268,Сенімділік – күдіктілік,Надежность –,Reliability –,C1
6269,Тырысу – жалқаулық,Старание – лень,Effort – laziness,C1
6270,бар мүмкіндікті жасауға,стараться сделать все,to do one’s  best,C1
6271,тыңдау,слушать,to listen (to),C1
6272,қайта ойлау,передумать,to change one’s mind,C1
6273,Адамның эмоциялық,Эмоциональное,Emotional and,C1
6274,және физикалық,и физическое,physical condition,C1
6275,қалып күйі,состояние человека,of the person,C1
6276,таң тамаша қалу,"удивиться, восхищаться",to wonder( at),C1
6277,күйгелектену,суетиться,to fuss/bustle,C1
6278,сасқалақтау,теряться,to be at loss,C1
6279,ашулану,"сердиться, гневаться, злиться",to be angry with,C1
6280,сақадай сай болу,быть готовым,to be ready,C1
6281,құлағы бітіп қалу,заложить уши,to ear is blocked,C1
6282,қалшылдау,знобить,to to feel feverish,C1
6283,қалтырау,лихорадить,to cause fever in,C1
6284,жүрегі сыздау,болеть душой,to take to heart,C1
6285,қобалжу,"волноваться, беспокоиться",to worry,C1
6286,жүрегі орнына түсу,"успокоиться, перестать со-",to calm,C1
6287,жүрегі су ету,испугаться (какой-либо неожиданности),to tremble/shiver,C1
6288,дірілдеу,дрожать,to dry mouth,C1
6289,аузы құрғау,сухость во рту,to thrush,C1
6290,аузы уылу,мед. молочница (болезнь грудных детей),to thrush,C1
6291,таңдайы кебу,пересыхать в горле/ испытывать жажду,to be thirsty,C1
6292,сай сүйегі сырқырау,"ломить тело, болеть",aching pain,C1
6293,Логикалық операциялар,Логические операции,Logic operations,C1
6294,Жұмыс операцияларЫ,Рабочие операции,Working operations,C1
6295,құю,лить,to cast/ pour,C1
6296,бұрау (гайкамен),прикрутить (гайкой),to screw on,C1
6297,Жабу/ашу,Закрыть/открыть,Сlose/open,C1
6298,Cуға қатысты,Операции с водой,Operations with,C1
6299,айта беру,продолжать говорить,to to continue to speak,C1
6300,айтып бітіру,досказать,to finish/tell to,C1
6301,айтып жеткізу,донести,to inform (of),C1
6302,айтып қою,"сказать заранее, выдать секрет",to tell beforehand,C1
6303,ақыл айту,советовать (выступает в качестве вспомогательного гл.),to advise,C1
6304,арыз айту,жаловаться,to complain,C1
6305,айтпағанды айту,"оговаривать, клеветать",to calumniate,C1
6306,Біреуге,Обращаться,"Speak (to), address",C1
6307,қарата айту,к кому-либо,oneself (to),C1
6308,ұсыну (идея),предложить (идею),to suggest an idea,C1
6309,прокатқа алу/беру,брать или давать на прокат,to take or give on hive,C1
6310,Визит және этикет,Глаголы визита,Visit and etiquette,C1
6311,етістіктері,и этикета,verbs,C1
6312,қонақтарды қабылдау,принимать гостей,to to have guests,C1
6313,"кедергі келтіру, мазалау",мешать,to prevent,C1
6314,Этикетті бұзу,Нарушение этикета,Breach of the etiquette,C1
6315,кедергі келтіру,"мешать, препятствовать",to prevent,C1
6316,оккупациялау,оккупировать,to occupy,C1
6317,бағыну,подчиниться,to resign oneself,C1
6318,әскери тұтқын болу,быть военнопленным,to be prisoner of war,C1
6319,"ауырады (тамақ, тіс, іш, бас)","болит (горло, зуб, живот,",have a sore throat/,C1
6320,шақыру (дәрігерді),вызвать (врача),to call a doctor,C1
6321,емдеу (кімді?),лечить (кого?),to cure/heal up,C1
6322,сындыру (аяғын сындырып алу),сломать (ногу),to break smb’s leg,C1
6323,"байлау, таңу",перевязать,to bandage,C1
6324,"жазылу, емделу, сауығу","вылечиться, выздоравливать",to recover,C1
6325,ауруханадан шығу,выписаться,to dislocate,C1
6326,"күту, өзін-өзі күту","ухаживать, следить за собой",to take good care of oneself,C1
6327,"көңілін сұрау, бару",навестить кого-то,to come to see,C1
6328,өзін нашар сезіну,чувствовать себя плохо,to feel bad,C1
6329,жерге қону,приземлиться,to fly,C1
6330,сапар шегу (қайда?),путешествовать (куда?),to lose,C1
6331,жаяу жүру,идти пешком,to travel (where?),C1
6332,бару (қайда?),пойти (куда?),to walk,C1
6333,жүзу (қайда?),плыть (куда?),to go (where?),C1
6334,ұшу (қайда?),лететь (куда?),to float (where?),C1
6335,отыру – неге отыру?,сесть – сесть на что?,to go/travel by plane (where?),C1
6336,сапар шегу – қайда,путешествовать куда? –,to get on (what?)/take (what?),C1
6337,шығу (қайда?),выйти (куда?),to travel (where?),C1
6338,келу (қайда келу?),прийти/приехать (куда?),to arrive/come (where?),C1
6339,кету (қайда кету?),уйти/уехать (куда?),to leave (where?),C1
6340,"қайда жүзу, қайда малту?",плыть (куда?),to swim (where?),C1
6341,нені көру?,посмотреть (что?),to watch (what?),C1
6342,нені қарау?,осмотреть (что?),to look (round)(what?),C1
6343,қайдан (келу?),приехать откуда?,to arrive (where)?,C1
6344,жүру (қайда?),идти (поезд идет) куда?,train to (where)?,C1
6345,келу – (пойыз келді) қайда?,прийти (поезд пришел) куда?,train arrives/pulls in (where)?,C1
6346,кіру – қайда кіру?,войти – войти куда?,to enter (where)?,C1
6347,шығу – қайда шығу?,выйти – выйти куда?,to exist (where)?,C1
6348,кету – қайда кету?,уйти – уйти куда?,to leave (where)?,C1
6349,қайда ұшу?,летать (куда?),to travel by plane/fly in/on a plane (where)?,C1
6350,ұшып келу – қайда?,прилететь куда?,to arrive (by air)(where)?,C1
6351,ұшып кету – қайда ұшып кету?,улететь – улететь куда?,to fly (away) (where)?,C1
6352,қайда жүзу?,плыть куда?,to float (where)?,C1
6353,"көшу, көшіп келу",переехать,to move to,C1
6354,өтіп кету – неден өтіп кету?,проехать что?,to pass by (what)?,C1
6355,шегіну – пойыз шегінді неден?,отойти (поезд отходит) от чего?,to leave/pull out/depart?,C1
6356,жету – неге жетті?,подойти – подошел к чему?,"to come in, pull in (where)?",C1
6357,жинау (жүк),"складывать, убирать",to tidy up,C1
6358,жуу (қол),мыть,to clean the appartment,C1
6359,сүрту (шаң),вытирать,to dust,C1
6360,абаттандыру,благоустроить,to face-lift,C1
6361,ажарлау,шлифовать,to grinding,C1
6362,"шығу, көтерілу",подняться,to rise,C1
6363,түсу,спуститься,to go/come down,C1
6364,қайта ат қою,переименовать,to rename,C1
6365,айналдыру,преобразовать,to transform,C1
6366,алмастыру,заменить,to substitute,C1
6367,сүрлеу,коптить,to smoke,C1
6368,тұздау,солить,to salt,C1
6369,шабу,косить,to mow,C1
6370,тігіс тігу,шить,to sew,C1
6371,балғамен ұру,забивать молотком,to hummer,C1
6372,сату,продать,to sell,C1
6373,брать,алу,to take,C1
6374,әкелу,"привести, принести",to bring,C1
6375,сөмкені көтеру,поднять сумку,to lift,C1
6376,лақтыру,кидать,to throw,C1
6377,тарту,тянуть,to pull/draw,C1
6378,"жеңу, ұту",победить,to gain/win,C1
6379,"жеңілу, ұтылу",проиграть,to lose,C1
6380,тұрғызу,построить,to upbuild,C1
6381,"сұрау, тергеу",допрасить,"to interrogate, examine, question",C1
6382,сұрақ қою,задать вопрос,to question,C1
6383,ерту,растворить,to dissolve,C1
6384,ажырау,разлучиться,"to separate, get detached",C1
6385,іру,киснуть,to turn sour,C1
6386,таңдау – нені таңдау?,выбрать – выбрать что?,to choose (what)?,C1
6387,ауыстыру – нені ауыстыру?,менять – поменять что?,to change (what)?,C1
6388,өлшеу – нені өлшеу?,мерить – померить что?,to try on (what)?,C1
6389,сатып алу – нені сатып алу?,купить – купить что?,to buy (what)?,C1
6390,кию – нені кию?,надеть – надеть что?,to wear (what)?,C1
6391,тігу – нені тігу?,шить – сшить что?,to sew(what)?,C1
6392,сыйлау – нені сыйлау?,дарить – подарить что?,to present (what)?,C1
6393,киіндіру – кімді киіндіру?,одевать – одеть кого?,to choose (what)? to dress (who)?,C1
6394,нәрсеге,направленные на кого-,"on someone, on",C1
6395,бағытталған іс-әрекет,"либо, на что-либо",something,C1
6396,жазып алу – нені жазу?,записать – записать что?,to write down (what)?,C1
6397,еске сақтау–нені еске сақтау?,запомнить–запомнить что?,to remember (what)?,C1
6398,нені білу?,знать что?,to know (what)?,C1
6399,түзеу – нені түзеу?,исправить – исправить что?,to correct(what)?,C1
6400,тексеру – нені тексеру?,проверять – проверить что?,to check (what)?,C1
6401,бастау – нені бастау?,начинать – начать (ант.) что?,to begin (what)?,C1
6402,жалғастыру – нені,продолжить–продолжить,to continue (what)?,C1
6403,аяқтау – нені аяқтау?,закончить – окончить что?,to finish (what)?,C1
6404,немен?,с чем?,to compare (what) with,C1
6405,конспектілеу – нені,конспектировать что?,(what)?,C1
6406,талқылау – нені талқылау?,обсуждать – обсудить что?,to discuss (what) with,C1
6407,кіммен?,с кем?,(whom)?,C1
6408,"Бір нәрсенің, біреудің","Цена, значимость","The price, the",C1
6409,"бағасы, маңыздылығы","чего-либо, кого-либо","importance something, someone",C1
6410,"беру – баға беру, неге?",давать – дать оценку чему?,to еvaluate (what)?,C1
6411,"жақсы көру (кімді, нені?)",любить кого? что?,to love smb.,C1
6412,ұнату – кімге ұнау?,симпотизировать – понравиться кому?,to liked,C1
6413,сыйлау – кімді сыйлау?,уважать кого?,to respect smb.,C1
6414,ұрысу – кімге ұрсу? неге?,ругать кого? что?,to scould at/abuse (whom)?,C1
6415,"маңызы бар, маңызы болу",иметь значение,to be of importance,C1
6416,келісу – кіммен келісу?,соглашаться – согласиться с кем?,to agree with (whom)?,C1
6417,сынау – кімді? нені?,критиковать кого? что?,to criticize (whom? What?),C1
6418,мақтау – кімді мақтау?,хвалить – похвалить кого?,to Give the compliment for (whom?),C1
6419,кімнің ролінде ойнау,играть в роли кого?,to play the role of (whom?),C1
6420,"Бағалау,","Оценка,",Evoluation,C1
6421,қатыстылық,относиться,To concern whom /,C1
6422,"(кімге, неге, қашан?)",к кому/ чему? как?,What? How?,C1
6423,"білдіру (көзқарасын, пікірін,",выражать – выразить (точку,to give voice/express,C1
6424,бағасын білдіру),"зрения, мнение, оценку)",opinion,C1
6425,бағалау – нені бағалау?,оценивать – оценить что?,to what to price?,C1
6426,бағалау – кімді? нені?,ценить кого? что?,to what to evaluate?,C1
6427,қайда бару?,ехать куда?,to go (where)?,C1
6428,күйеуге шығу,выйти замуж,to marry smb./be married to smb.,C1
6429,Мамандыққа,Слова связанные с,Words connected,C1
6430,істеу – не істеу?,делать – сделать что?,to be busy with (what)?,C1
6431,өндіру,производить  что?,to produce(what)?,C1
6432,құру,создать что?,to set up/ establish/ develop (what)?,C1
6433,алу – мамандық алу,"получить (профессию, специальность)",to have a profession,C1
6434,Спорт терминдері,Спортивные термины,Sport terms,C1
6435,"жүгіру, қашып кету, зымырау",бежать,to run,C1
6436,"сөйлесу, сөйлеу",выступать – выступить,"to speak, make a speech",C1
6437,дайындалу – неге,готовиться – подготовиться,to prepare for (what)?,C1
6438,жеңу – кімді жеңу?,победить кого?,to win (who)?,C1
6439,"жүгіру, қашу",убегать,"to run, run away",C1
6440,"жүзу, малту, қалықтау",плавать,to swim,C1
6441,"кімге жанкүйер болу, не үшін?",болеть за кого? за что?,to be a fun (who)?,C1
6442,не ойнау?,играть во что?,to what to play for?,C1
6443,немен айналысу?,заниматься чем?,to what to be busy?,C1
6444,"ұтылып қалу, ұтылу, жеңілу",проиграть,to lose,C1
6445,пісіру (нені?),варить – сварить что?,to boil (What)?,C1
6446,таңдау (нені?),выбирать – выбрать что?,to chose what?,C1
6447,тапсырыс беру (неге?),заказать – заказать что?,to order what?,C1
6448,дайындау (нені?),готовить – приготовить что?,to prepare what?,C1
6449,жаттау – нені жаттау?,учить – выучить что?,to learn by heart (what)?,C1
6450,оқу – нені оқу?,читать – прочитать что?,to read (what)?,C1
6451,жазу – нені жазу?,писать – написать что?,to write (what)?,C1
6452,"беру – тапсырма, сұрақ","задать – задать (вопрос,",to give smb. task,C1
6453,түсіну – нені түсіну?,понимать – понять что?,to learn,C1
6454,түсіндіру – нені түсіндіру?,объяснять – объяснить что? кому?,to explain (what) to (whom)?,C1
6455,түсу – қайда түсу?,поступить – поступить куда?,to enter (where) (the university)?,C1
6456,кім болу?,стать кем?,to become (what)?,C1
6457,талдау – нені талдау?,анализировать – проанализировать что?,to analyze what?,C1
6458,зерттеу – нені зерттеу?,исследовать что?,to discover/invention,C1
6459,жасау – жаңалық ашу,делать – сделать (открытие),to study what/research?,C1
6460,шығару – нені шығару?,решать – решить что?,to solve what?,C1
6461,оқыту – кімді оқыту?,учить – научить кого?,to teach whom?,C1
6462,теңеу – нені немен теңеу?,сравнивать – сравнить что,to compare what with,C1
6463,Ғылыми қарым-,Глаголы относящие-,Verbs concerning,C1
6464,қатынасқа қатысты,ся к научной связи,scientific,C1
6465,"суреттеу, сипаттау",описание,description,C1
6466,"салыстыру, салғастыру",сопоставление,"comparison, contrusting",C1
6467,"Демалыс, мереке","Отдых, праздники","Rest, holidays",C1
6468,шақыру – шақыру кімді?,пригласить– пригласить,"to invite (whom),  (where)?",C1
6469,құттықтау – кімді,поздравить – поздравить,to congratulate  (whom) on,C1
6470,құттықтау? немен?,кого? с чем?,(what)?,C1
6471,"айту, сөйлеу",говорить – сказать,to speak (english/russian),C1
6472,"(ағылшынша, орысша)","(по-английский, по-русски) (син.) кому? о чем?",to (whom)?,C1
6473,шақыру – кімді шақыру?,звать – позвать (син.) кого?,to call for/in (whom)?,C1
6474,беру – нені беру?,передать – передать что?,to send (what)?,C1
6475,қайталау – нені қайталау?,повторять – повторить что?,to repeat (what)?,C1
6476,"жіберу – нені жіберу, кімге жіберу?",послать – послать что? кому?,to send (what) (whom)?,C1
6477,сұрау – кімнен сұрау?,просить – попросить кого?,to ask (whom)?,C1
6478,тыңдау (радио тыңдау),слушать (по радио),to listen to (radio),C1
6479,сұрау – не туралы сұрау?,спросить – спросить о чем?,to ask (about) (what)?,C1
6480,жауап беру – кімге жауап беру?,ответить – ответить кому?,to answer (whom)?,C1
6481,әңгімелесу – не туралы,беседовать – беседовать,to talk to /with,C1
6482,не туралы әңгімелесу?,разговаривать (син.) о чем?,to speak about (what)?,C1
6483,аудару – нені аудару?,перевести – перевести что?,to translate (what)?,C1
6484,көрсету – нені көрсету?,показать – показать что?,to show (what)?,C1
6485,қарау – нені қарау?,смотреть – посмотреть что?,to see (what)?,C1
6486,қатысу - әңгімеге қатысу,принять – принять участие (в разговоре),to take part in discussion,C1
6487,хабарлау – нені хабарлау?,сообщить – сообщить что? о,to who to inform? what to,C1
6488,не туралы?,чем?,inform?,C1
6489,білу – не туралы білу?,узнавать – узнать о чем?,to what to be informed? to consult /ask for,C1
6490,кеңесу – кіммен кеңесу?,советовать – посоветоваться с кем?,advice(whom)?,C1
6491,Қызмет әрекет саласына қатысты,Сферы деятельности,Field of activities,C1
6492,немен айналысу,заниматься чем?,to busy with (what)?,C1
6493,қайда жұмыс істеу?,работать где?,to work (where)?,C1
6494,не істеу?,делать что?,to be busy with(what)?,C1
6495,қайда еңбек ету?,трудиться где?,to work (where)?,C1
6496,нені ойнау?,играть во что?,to play (what?),C1
6497,нені зерттеу?,исследовать что?,to search (what)?,C1
6498,нені құру?,создать что?,to set up (what)?,C1
6499,нені ұйымдастыру?,организовать что?,to organize (what)?,C1
6500,неге жетекшілік ету?,руководить чем?,to lead (what)?,C1
6501,ұнау – ұнайды,нравиться – нравится,to like,C1
6502,жақсы көру – нені,полюбить что?,to like (what)?,C1
6503,"сурет салу – кімнің, ненің",рисовать – нарисовать,to draw/painting (whom)/,C1
6504,суретін салу?,кого? что?,(what)?,C1
6505,Жалпы ғылымға,Имена,Adjectives,C1
6506,қатысты сын есімдер,"прилагательные, относящиеся к науке",concerning science,C1
6507,"глобальды, жаһандық",глобальный,global,C1
6508,механикалық,механический,mechanical,C1
6509,шолу,обзор,review,C1
6510,Температуралық,Температурное,Temperature,C1
6511,"өзгеріс, заттың","изменение,","change, substance",C1
6512,қалып-күйі,состояние вещества,condition,C1
6513,қыздыру,греть,to warm/heat,C1
6514,жылыту,согреть,to warm,C1
6515,суыту,охладить,to cool/cool off,C1
6516,мұздату,заморозить,to freeze,C1
6517,балқыту,"плавить, расплавлять",to melt down,C1
6518,"Заттың, құбылыстың",Возникновение/,Temperature,C1
6519,пайда болуы/,исчезновение,a substance,C1
6520,жоғалуы,"веществ, явлений",condition,C1
6521,ғайып болу,исчезнуть,to disappear/vanish,C1
6522,құрту,погубить,to ruin/destroy,C1
6523,қазаға ұшырау,погибнуть,to peris/be lost,C1
6524,суға кету,утонуть,to drown,C1
6525,жағдаятына,в соответствии с си-,according to,C1
6526,қарай сөйлеуді,туацией общения и,a situation of,C1
6527,қатысым жасау,вступать в коммуникацию,to enter into communication with smb,C1
6528,әңгімені бастау,инициировать беседу,to initiate talk,C1
6529,әңгімені қолдау,поддерживать беседу,to have talk,C1
6530,әңгіме тақырыбын өзгерту,изменить тему беседы,to change the theme,C1
6531,"қатысым жағдаятына қарай,",завершить беседу адекватно,to finish conversation of,C1
6532,қатысым жағдаятына сәйкес,ситуации общения;,adequately situation,C1
6533,"әңгімені үзу, әңгімелесушіні","прервать беседу,",to interrupt interlocutor,C1
6534,"әңгімелесушінің ойын,",подхватывать и развивать,to take up and develop,C1
6535,"іліп әкетіп, дамыту",мысль собеседника,one’s idea,C1
6536,әңгімелесушіні қуаттау,подбадривать собеседника,to bear up interlocutor,C1
6537,күрделі сөйлеу этикеттерімен,обеспечивать,to provide psychological,C1
6538,қатысымның психологиялық,психологический комфорт,comfort of dialogue with the,C1
6539,қолайлылығын,общения усложненными,complicated forms of speech,C1
6540,"мақтау, қошемет",комплимент,compliment,C1
6541,ілтипат білдіру,почтение,courtesy,C1
6542,сыпайылық білдіру,любезность,civility,C1
6543,көңіл айту,соболезнование,condolence,C1
6544,аяныш білдіру,сочувствие,sympathy (for),C1
6545,іс-әрекетті жүзеге асыруға,побуждать собеседника,to induce the interlocutor,C1
6546,әңгімелесушіге қозғау салу,к совершению действия,to action fulfillment,C1
6547,ұсыныс айту,предложение,offer,C1
6548,шағым жасау,жаловаться,to complain,C1
6549,бұйрық беру,приказать,to order,C1
6550,нұсқау беру,указание,indication,C1
6551,есіне салу,напоминание,mention,C1
6552,келісім беру/бермеу,выражать согласие/,to express consent/,C1
6553,қарсылығын білдіру,протест,to protest,C1
6554,тілегін/тілектес еместігін білдіру,желание/нежелание,desire (for)/unwillingness,C1
6555,бағынышты/бағынышты еместігін білдіру,подчинение/неподчинение,submission/insubordination,C1
6556,уәде беру,обещать,to promise,C1
6557,кепілдеме беру,дать гарантию,to guarantee,C1
6558,өз қатесін мойындау,признать свои ошибки,to admit to (making)one’s error,C1
6559,үміттендіру,обнадежить,give hope,C1
6560,"Оқиғаға, құбылысқа,",Относящиеся,Concerning,C1
6561,"затқа, адамға","к количественному,","the quantitative,",C1
6562,"сандық, сапалық",качественному,qualitative,C1
6563,сипаттама беруге,"описанию событиЙ,","description event,",C1
6564,қайта сұрау,переспросить,to ask again,C1
6565,көрнекілеу,иллюстрировать,to illustrate,C1
6566,"қатынасын анықтау,","выяснения,","finding-out,",C1
6567,білдіруге қатысты,обозначения,a designation of the,C1
6568,ниет білдіру,намерение,intention,C1
6569,"моральдық, этикалық",выражать морально –,moral and ethic estate,C1
6570,куаттау,одобрить,to approve,C1
6571,әлеуметтік-құқықтық,выражать и выяснить,to express and find,C1
6572,"баға беру, анықтауға",социально –,out socially –,C1
6573,"жазғыру, кінәлау",обвинять,to accuse (of),C1
6574,рационалды бағалауын,выразить и выяснить,to express and find out,C1
6575,"білдіру, анықтау",рациональную оценку,a rational estimation,C1
6576,"стандартпен, нормамен",сравнивать,"to compare to the standard,",C1
6577,мүмкіндігін/мүмкін,возможность/,possibility/impossibility,C1
6578,"еместігін, ақиқаттығын,",невозможность,"the validity, probability/",C1
6579,ықтималдығын бағалау,"истинность, вероятность/ невероятность",incredibility,C1
6580,эмоциялық бағалауын,выразить эмоциональную,to express an emotional,C1
6581,білдіру,оценку,estimation,C1
6582,артықшылығын  білдіру,предпочтение,preference,C1
6583,таңданыс,удивление,astonishment,C1
6584,көңілі қалу,разочарование,disappointment,C1
6585,"қуаныш, қайғы",радость/печаль,"joy, gladness/grief, sorrow",C1
6586,қорқыныш,страх,fear,C1
6587,қауіптену СЫН ЕСІМ,опасение,apprehension,C1
6588,негізгі белгілер,основные признаки,main features,C1
6589,ауыспалы,переменный,variable,C1
6590,таңертеңгі,утренний,matutinal,C1
6591,ертеңгі,завтрашний,tomorrow’s,C1
6592,кешегі,вчерашний,yesterday’s,C1
6593,кешкі,вечерний,evenining,C1
6594,күндізгі,дневной,daytime,C1
6595,"үздіксіздік, үзіліссіз",непрерывный,continuous,C1
6596,бүтін (тұтас),целый,whole entire,C1
6597,"ұғымды, ұққыш","толковый, понятливый","sensible, knowing",C1
6598,майталман,искусный,"skilful, clever",C1
6599,қабілеттің жоқтығы,отсутствие способности,absence of ability,C1
6600,құлықсыз,нерадивый,remiss,C1
6601,құнтсыз,"неаккуратный, неусердный",careless,C1
6602,олақ,"неумелый, неловкий","unskillful, awkward",C1
6603,парықсыз,бестолковый,confused,C1
6604,сауатсыз,безграмотный,illiterate,C1
6605,"мұқият, тап-тұйнақтай",аккуратный,"painstaking, conscientious",C1
6606,ибалы,"деликатный, учтивый","considerate, tactful",C1
6607,инабатты,"уважительный, почтительный","valid, respectful contrite,",C1
6608,қанық,"опытный, осведомленный о подробностях",advanced,C1
6609,өнегелі,"образцовый, примерный","classic, examplary",C1
6610,пайымды,разумный,smart,C1
6611,санатты,уважаемый,honour,C1
6612,сауатты,грамотный,"competent, knowlegable",C1
6613,тәртіпті,дисциплинированный,disciplined,C1
6614,адамның бет-пішіні,внешний вид,appearance,C1
6615,мен дене бітімі,и телосложение человека,and figure,C1
6616,қой көзді,кареглазый,brown-eyed,C1
6617,құралай көзді,"красивые, живые глаза",bright/sparkling eyes,C1
6618,"ажарлы, көрікті","симпатичный, миловидный","pretty, nice looking",C1
6619,әсем,красивый,beautiful,C1
6620,келбетті,"видный, статный","handsome, stately",C1
6621,келісті,приятный на вид,nice looking,C1
6622,көсе,безбородый (от природы),beardless,C1
6623,қораш,"невзрачный, непримечательный (на вид)",ordinary,C1
6624,нұрсыз,"тусклый, померкший (о глазах, взгляде)",lacklustre,C1
6625,нұрлы,"лучистый, лучезарный",radiant,C1
6626,өңді,"красивый, пригожий",beautiful/handsome,C1
6627,пұшық,курносый,snub-nosed,C1
6628,сақалды,бородатый,barbate,C1
6629,сұрықсыз,"некрасивый,  невзрачный",ugly,C1
6630,төртпақ,"коренастый, жилистый","thickset, stumpy, stocky",C1
6631,қандас,родственный,relational,C1
6632,рулас,"родство по роду, люди одного рода",kinship,C1
6633,туыс,родня,affinity,C1
6634,жақын (туыс),близкий родственник,near relation,C1
6635,некесіз,"не состоящей в браке, внебрачный",born out of wedlock,C1
6636,өгей,"неродной, некровный",step (father/mother/ brother/mother),C1
6637,Физиологиялық,Физиологическое,Physiological,C1
6638,қалып пен,состояние и,condition and,C1
6639,ақсақ,хромой,lame,C1
6640,соқыр,слепой,blind,C1
6641,керең,глухой,deaf,C1
6642,қыли,косой,squint-eyed,C1
6643,дімкес,хворый,sickly,C1
6644,күржік,"сутулый, сгорбленный",stooping/stooped,C1
6645,құныс,горбатый,humpbacked,C1
6646,маймақ,косолапый,clubfooted,C1
6647,мылқау,"немой, глухонемой",dear-and-dumb,C1
6648,сал,парализованный,paralyzed,C1
6649,шұнақ,"безухий, корноухий",crop-eared,C1
6650,Адамның бойы,Рост человека,Height,C1
6651,"тапал, аласа бойлы",низкий,short,C1
6652,"бойшаң, бойлы",рослый,tall,C1
6653,қортық,низкорослый,shortish,C1
6654,қадақтай,маленький (о человеке низкого роста),dwarf,C1
6655,Бейімділік,Склонность,Bent,C1
6656,амалшыл,"находчивый, ловкий сообразительный,","adroit, crafty",C1
6657,аңғарғыш,сметливый,"quick-witted, sharp",C1
6658,"аңғарымпаз, сезімтал",чувствительный,sensitive,C1
6659,"арызқой, арызшыл","жалобщик, склонный по пустякам писать жалобы в разные инстанции",complainant,C1
6660,бағдаршыл,наблюдательный,observant,C1
6661,байымдағыш,"сообразительный, понятливый",quick-wited,C1
6662,ергіш,податливый,complaisant,C1
6663,жылауық,плаксивый,whining,C1
6664,икемді,"склонный, способный","capable, apt",C1
6665,күдікшіл,"недоверчивый, склонный сомневаться",suspective,C1
6666,күлдіргіш,шутливый,"jocular,flippant",C1
6667,қазбалағыш,"навязчивый, надоедливый",importunate,C1
6668,қазымыр,"придирчивый, назойливый","captious, carping",C1
6669,қайынсақ,угодливый (о зяте угодливо преданном родственникам своей  жены),obsequious,C1
6670,"қалжыңбас, қалжыңқой,","забавный, любящий шутить,",funny,C1
6671,қаңғалақ,непоседливый,restless,C1
6672,"назқой, назшыл","кокетливая, жеманная",сoquet (tish),C1
6673,намазгөй,"набожный, богомольный",pious,C1
6674,өкпешіл,обидчивый,"touchy, susceptible",C1
6675,Адамның жасы,Возраст,Age,C1
6676,қария,старец,"venerable old man, the elder, staretz",C1
6677,қартамыс,пожилой,"aged, elderly",C1
6678,қаршадай,малолетний (о ребенке),infant,C1
6679,қыршын (жас),"молодой, цветущий","young, youthful",C1
6680,мосқал,"преклонный, пожилой","advanced age, declining",C1
6681,Басқа адамдарға,Отношения,Relations to,C1
6682,қарым-қатынасы,к другим людям,other people,C1
6683,"аңқау, аңғал","доверчивый, наивный",trustful,C1
6684,арлы,"совестливый, стыдливый",contrite,C1
6685,дарқан,щедрый,"generous, liberal",C1
6686,дойыр,"грубый, неотесанный",uncouth,C1
6687,дөкір,"невоспитанный, грубый",ill-bred,C1
6688,ділмар,красноречивый,eloquent,C1
6689,езбе,"болтливый, многословный","garrulous, talkative",C1
6690,"есер, есерсоқ","сумасбродный, безрассудный","extravagant, reckless behaviour",C1
6691,жалтақ,"боязливый, нерешительный","timid, hesitant",C1
6692,жаурауық,мерзляк,person very sensitive to cold,C1
6693,жексұрын,"мерзкий, гадкий","disgusting, bad/wicked man",C1
6694,желөкпе,легкомысленный,light-minded,C1
6695,жинақы,"собранный, аккуратный",precise,C1
6696,залым,коварный,insidious,C1
6697,зұлым,"коварный, подлый","mean, base",C1
6698,күйгелек,"суетливый, беспокойный нетерпеливый",fussy person,C1
6699,қияңқы,"упрямый, своенравный",capricious,C1
6700,қу,хитрый,"sly, cunning",C1
6701,ойнақы,"шаловливый, игривый","playful, skittish",C1
6702,ойлы,"умный, рассудительный","clever, sencible",C1
6703,оспадар,"нетактичный, грубый",tactless,C1
6704,ұяң,"скромный, застенчивый",modest,C1
6705,"айлакер, айлақор, қу",хитрый,"artful, cunning",C1
6706,әмірлі,"приказной, командный; суровый, строгий","severe, stern",C1
6707,бағынышты,"подчиненный, зависимый",dependent,C1
6708,жағымпаз,"подхалим, льстец","toady, bootlicker, flatterer",C1
6709,қаһарлы,"яростный, грозный","menacing, furious",C1
6710,одыр,"дерзкий, скандальный, грубый","impudent, quarrelsome",C1
6711,сапасы,в общениИ,in dialogue,C1
6712,тасбауыр,"бессердечный, черствое сердце",heartless,C1
6713,ақылгөй,гений,genius,C1
6714,айлалы,"хитрый, ловкий",cunning,C1
6715,абыройсыз,"непользующийся хорошей репутацией, бесчестный, неавторитетный",dishonourable,C1
6716,елпілдек,"услужливый, предупредительный","obliging, complaisant",C1
6717,қайырымсыз,"неотзывчивый, бездушный",unsympathetic,C1
6718,қайырымшыл,"доброжелательный, милосердный",benevolent,C1
6719,қамқор,"заботливый, проявляющий внимание, участливый","thoughtful, caring",C1
6720,қамшыл,заботливый,considerate,C1
6721,қатулы,"злой, разгневанный","angry, incensed",C1
6722,намысқой,гордый,proud,C1
6723,риясыз,"честный, от всей души","unhypocritical, sincere",C1
6724,сыйлы,"почетный, уважаемый",honourable,C1
6725,барысындағы мінез,действии,time action,C1
6726,менмен (адам),эгоист,egoist,C1
6727,алаңсыз,беспечный,unconcerned,C1
6728,жібі бос,"бездеятельный, инертный, слабый","inactive, sluggish",C1
6729,жібі түзу,добропорядочный,"respectable, honest",C1
6730,араз,недружный,disunited,C1
6731,"адуын, адуынды","горячий, дерзкий, с крутым нравом (о человеке)",passionate,C1
6732,әділетсіз,несправедливый,injust,C1
6733,әккі,"набивший руку, опытный",skilled,C1
6734,білгір,знающий,competent,C1
6735,дегбірсіз,нетерпеливый,impatient,C1
6736,жасқаншақ,пугливый,"fearful, easily",C1
6737,жасық,"нерешительный, робкий",hesitating,C1
6738,кәрлі,"суровый, гневный","severe, angry",C1
6739,қанағатсыз,ненасытный,insatiable,C1
6740,қызметтік,служебный,character certificate,C1
6741,әпенді,"чудаковатый, странный",eccentric,C1
6742,бұйығы,"замкнутый, молчаливый",self-contained,C1
6743,бойкүйез,"небрежный, нерадивый",slack,C1
6744,даңғаза,шумливый,noisy,C1
6745,"ренішті, құсалы",огорченный,"upset, distressed",C1
6746,"жолы болғыш, ақжолтай",везучий,lucky,C1
6747,"қапалы, зарлы",горестный,"sorrowful, sad",C1
6748,азалы,"траурный, скорбный",mourning,C1
6749,"жабыраңқы, жабырқау",унылый,damp,C1
6750,жайдары,"приветливый, добродушный",good-natured,C1
6751,кейісті,"огорченный, недовольный","upset, distressed",C1
6752,қалтарыссыз,"искренний, откровенный",sincere,C1
6753,назалы,"опечаленный, огорченный",sad,C1
6754,қызық,интересный,interesting,C1
6755,"қорқынышты, ызғарлы",страшный,terrible,C1
6756,"керемет, таңғажайып",чудесный,wonderful,C1
6757,"сүйкімді, жағымды",приятный,pleasant,C1
6758,"басым, бөлекше",превосходный,"excellent, magnificent",C1
6759,"тамаша, ғажап, ғаламат, таңғарарлық",удивительный,"surprising, amazing",C1
6760,"келісті, реңді, әдемі, әрлі",симпатичный,"nice, likeable",C1
6761,айбарлы,"грозный, свирепый; перен.",disastrous,C1
6762,дүниеқор,"жадный, корыстолюбец","bore, nuisance",C1
6763,діңкілдек,надоедливый,negligent,C1
6764,итжанды,выносливый,of great endurance,C1
6765,"ашулы, ашуланшақ",взволнованный,anxious,C1
6766,маңғаз,"важный, величайший","important, significant",C1
6767,сау,здоровый,healthy,C1
6768,сау және күшті,здоровый и сильный,healthy and strong,C1
6769,"жабығыңқы, жабыққан, жадау, жүдеу",исхудалый,"emaciated, wasted",C1
6770,көк бақа,"очень худой, нежирный",skinny,C1
6771,аш,голодный,hungry,C1
6772,болбыр,"дряблый, рыхлый",flabby,C1
6773,қарымды,"сильный, мощный","acute, vigorous",C1
6774,нәзік,"нежный, тонкий",gentle,C1
6775,жағдайы,положение,position,C1
6776,аш - жалаңаш,нищий,begger,C1
6777,тоқ,сытый,full up,C1
6778,аянышты,вызывающий жалость,rueful,C1
6779,барлы,"зажиточный, состоятельный","well-off, consistent",C1
6780,бейшара,"несчастный, бедняга","unfortunate, poor thing",C1
6781,дәулетті,"богатый, состоятельный","rich, consistent",C1
6782,жарлы,бедный,impoverished,C1
6783,кәріп,"безпомощный, жалкий","helpless, miserable",C1
6784,күйлі,зажиточный; живущий в достатке,prosperous,C1
6785,күйсіз,"бедный, скудный",impoverished,C1
6786,қарабайыр,"простой, заурядный,",mediocre,C1
6787,панасыз,безприютный,homeless,C1
6788,ризықты,обеспеченный,independent,C1
6789,үйленбеген,неженатый,unmarried,C1
6790,тұрмыс құрған,замужняя,married,C1
6791,аяғы ауыр,беременная,pregnant,C1
6792,сүр бойдақ,убежденный холостяк,celibatarian,C1
6793,бедеу,бесплодная (о женщине),sterile,C1
6794,үйлі-баранды,семейный,domestic,C1
6795,классификация,классификация,classification,C1
6796,әрбір,каждый,every,C1
6797,әр түрлі,различный,different,C1
6798,"азғантай, болмашы, мардымсыз",незначительный,insignificant,C1
6799,азат,"свободный, вольный",free,C1
6800,артық/мол,лишний/избыточный,superfluous/surplus,C1
6801,азғантай,"немного, чуточку, малость",tiny piece /bit,C1
6802,есепсіз,"бесчисленный, многочис- ленный","infinite, manifold",C1
6803,кем,"меньше, менее","less, smaller",C1
6804,санаулы,считанный,counted,C1
6805,анаусы,несметный,overwhelming,C1
6806,категориялар,категории,categories,C1
6807,"нақты, іс жүзінде",фактический,"actual, real",C1
6808,"жаратымды, жарамды оң, ұнамды",положительный,"affirmative, positive",C1
6809,"жаратымсыз, жарамсыз, теріс, ұнамсыз",отрицательный,negative,C1
6810,шарасыз,неизбежный,inevitable,C1
6811,дұрыс емес,неправильный,wrong,C1
6812,жуық,приблизительный,"approximate, rough",C1
6813,заңсыз,незаконный,illegal,C1
6814,стандартты,стандартный,standard,C1
6815,лайық,подходящий,suitable,C1
6816,абсурд,абсурдный,absurd,C1
6817,орынсыз,неуместный,inappropriate,C1
6818,"баянды, сенімді",надежный,"reliable, solid",C1
6819,"сенімсіз, толқымалы",ненадежный,"unreliable, insecure",C1
6820,қанағаттанарлық,удовлетворительный,satisfactory,C1
6821,ағат,"необдуманный, неосмотрительный",hasty,C1
6822,зиянсыз,безвредный,harmless,C1
6823,зиянды,вредный,harmful,C1
6824,тиімсіз,невыгодный,unprofitable,C1
6825,табыссыз,недоходный,"unprofitable, gainless",C1
6826,пайдасыз,бесполезный,"useless, pointless, waste of (money)",C1
6827,мәндес,однозначная,one-valued,C1
6828,оңды,положительный,affirmative,C1
6829,ізгі,доброе,"favourable, good",C1
6830,ізгілікті,хорошее,good will,C1
6831,дәлелсіз,необоснованный,ill-founded,C1
6832,мазмұнды,содержательный,intensional,C1
6833,санасыз,несознательный,unconscientious,C1
6834,саналы,сознательный,voluntary,C1
6835,аяқ астынан,неожиданный,"unexpected, sudden",C1
6836,күтпеген,неожиданный,unexpected,C1
6837,баяғы,давний,"old, ancient",C1
6838,өткен жылғы,прошлогодний,last year’s,C1
6839,былтырғы,прошлогодний,last year’s,C1
6840,айтулы,"обусловленный, похвальный","conditional, praisworthy",C1
6841,деректі,конкретный,concrete,C1
6842,дүрмекті,шумный,noisy,C1
6843,елеусіз,"незаметный, малозначительный",unnoticeable,C1
6844,ерсі,"неприличный, неуместный",obscene,C1
6845,жайсыз,неприятный,offensive,C1
6846,келеңсіз,"досадный, неуместный",disappointing,C1
6847,қанды,кровавый,bloody,C1
6848,"қатерлі, қауіпті",опасный,dangerous,C1
6849,(адам) нанғысыз,"невероятный, невообразимый",improbable,C1
6850,немқұрайды,халатно,careless,C1
6851,үйреншікті,привычный,customary,C1
6852,шиеленіскен,напряженный,intensive,C1
6853,зиялы орта,интеллигентная,intelligent,C1
6854,әріптестік орта,среда своих коллег,team,C1
6855,"ағат, жаңсақ, қате, теріс",неправильный,inaccurate,C1
6856,жаңсақ,ошибочный,false,C1
6857,"қайшы, қайшылықты",противоречивый,inconsistent,C1
6858,көрнекі,наглядно,demonstrably,C1
6859,көркем,художественный,artistic,C1
6860,сипаттамалы,описательное,descriptive,C1
6861,дәстүрлі,традиционный,legacy,C1
6862,анық,конкретный,concrete,C1
6863,"дәйекті, сындарлы",конструктивный,constructional,C1
6864,деркезіндегі,своевременный,opportune,C1
6865,асығыс,поспешный,rough and ready,C1
6866,орынды,уместный,appropriate,C1
6867,қайырлы,благополучный,successful,C1
6868,қарқынды,"интенсивный, в темпе",intensive,C1
6869,мақсатты,целенаправленный,purposeful,C1
6870,пәрменді,"действенный, сильный",efficient,C1
6871,игі,благая,good,C1
6872,Сезім органдары,"Признаки,",The signs,C1
6873,арқылы қабылданатын,воспринимаемые,perceived by,C1
6874,сын белгілер,органами чувств,sense organs,C1
6875,түс,цвет,colour,C1
6876,алабажақ,пестрый,particoloured,C1
6877,Жан-жануарлардың түсі,Масти животных,Animal’s colour,C1
6878,ала,пегий,skewbald,C1
6879,шабдар (жылқы),рыжевато-пегая,tan-skewbald,C1
6880,ақ боз,светло-сивый,light-grey,C1
6881,жирен (ат),рыжий (конь),red (horse),C1
6882,бурыл (ат),чалый (конь),roan,C1
6883,көк (ат),серый (конь),dapple-grey,C1
6884,кер ат,карий конь,chestnut,C1
6885,қара торы (ат),темно-гнедой (конь),dark bay,C1
6886,қара (ат),вороной (о масти лошади),black horse,C1
6887,боз,"светло-серый, сивый",light/pale grey,C1
6888,құла,саврасый (масть,"bay, light brown with black",C1
6889,қылаң,"светло-серая, буланая",light-bay,C1
6890,тарғыл,"пестрый, полосатый","splashey, motley",C1
6891,абажадай,"огромный, громадный",huge,C1
6892,дағарадай,"грамоздкий, большой","cumbersome, big",C1
6893,жартымды,"существенный, значительный",considerable,C1
6894,жартымсыз,незначительный,inconspicuous,C1
6895,жуан,толстый,chunky,C1
6896,зілдей,очень тяжелый,very heavy,C1
6897,қабыршақтай,тонкий в поперечнике,thin in accross,C1
6898,"құйттай, құйтымдай",крохотный,tiny,C1
6899,өлшеусіз,"безмерный, очень много",immeasurable,C1
6900,"таяз, сайыз, саяз",неглубокий,shallow,C1
6901,"түзу, тура",прямой,straight,C1
6902,шығыңқы,выпуклый,salient,C1
6903,буылтық,узловатый,knotty; nodose,C1
6904,домалақ,"шарообразный, круглый",globose,C1
6905,еңкейіңкі,наклонный,oblique,C1
6906,еңкіс,"сутулый, согбенный",stooping,C1
6907,жұмыр,круглый,round,C1
6908,иір-иір,извилистый,twisting/winding,C1
6909,ойыс,вогнутый,concave downward,C1
6910,"иір, ирек",зигзагообразный,zigzag,C1
6911,енсіз,"узкий, неширокий",narrow,C1
6912,заңғар,"высочайший, очень высокий",high,C1
6913,зәулім,высотный,high-altitude,C1
6914,кіп-кішкене,малюсенький,tiny,C1
6915,нардай,"рослый, огромный (как верблюд)",full-grown,C1
6916,Өлшем. Қашықтық,Размер. Расстояние,Size. Distance,C1
6917,келте,"короткий, куцый","short, dock- tailed",C1
6918,қашық,далекий,distant,C1
6919,Тері арқылы,"признаки качества,",Quality,C1
6920,сезілетін сапа,воспринимаемые,characteriStics,C1
6921,айқыш-ұйқыш,"перекрестный, крест на крест",crossed,C1
6922,бедерлі,с узором; тисненый,stamped; embossed,C1
6923,бұдыр,бугристый,"uneven, hilly",C1
6924,бұжыр,"корявый, шершавый бугорок, слегка выпуклая",stunted,C1
6925,жалпақ,плоский,flat,C1
6926,қыратты,"холмистый, возвышенный",hilly,C1
6927,қожыр,"шершавый, шероховатый",asperous,C1
6928,ойқыл,ухабистая местность,"bumpy, rough",C1
6929,ойпатты,"низменный, низкий",low-land,C1
6930,"тайғақ, тайғанақ",скользкий,slippery,C1
6931,тақыр (жер),"голая, лысая земля","bare, empty",C1
6932,"ылғалды,",влажный,wet,C1
6933,дымқыл,мокрый,"humid, moist",C1
6934,сызды,"сырой, влажный, с влагой","crude, damp",C1
6935,Тіл арқылы сезілетін сапа,Осязание,Touch,C1
6936,сұйық,жидкий,liquid,C1
6937,жұғымды,питательный,"nourishing, rich",C1
6938,жұғымсыз,малопитательный,not very nutritious,C1
6939,ашқылтым,"кисловатый, горьковатый","acidulous, bitterish",C1
6940,қоректі,сытный,"substantial, nourishing",C1
6941,шикі,"сырой, недоваренный",raw,C1
6942,Құлақ арқылы,Звуки передающиеся,Sounds transferred,C1
6943,берілетін дыбыстар,на слух,to hearing,C1
6944,"ұнамды, жағымды, сүйкімді",приятный,pleasant,C1
6945,ащы дыбыс,резкий звук,harsh sound,C1
6946,бәсеңдетілген,приглушенный,damped/muffled sound,C1
6947,қатаң дауыс,глухой голос,deaf sound,C1
6948,қарлыққан,хриплый,hoarse,C1
6949,ащы дауыс,пронзительный голос,"shrill, strident",C1
6950,Мұрын арқылы сезілетін иістер,Обоняние,Sense of smell,C1
6951,спецификалық,специфический,specific,C1
6952,Мекендік қатынас,Пространственное отношение,Regional term,C1
6953,аймақтық,региональный,regional,C1
6954,облыстық,областной,regional,C1
6955,республикалық,республиканский,republican,C1
6956,ауылдық,сельский,"country, rural",C1
6957,"Қатысы жоқ,",Неимеющий,"Not concerning,",C1
6958,сапаға тән емес,"отношение, не присущее качество",not the qualitative,C1
6959,айыпсыз,невиновный,"innocent, guiltless",C1
6960,ақшасыз,безденежный,moneyless,C1
6961,атақсыз,"бесславный, незнаменитый, безвестный",ingnominious,C1
6962,әжімсіз,безморщин,fin-free,C1
6963,баспанасыз,бездомный,"outcast, homeless",C1
6964,жансыз,"безжизненный, мертвый,",dead,C1
6965,қайратсыз,"физический бессильный, слабый",weak,C1
6966,қанатсыз,бескрылый,apterous,C1
6967,тұл,бесплодный,"sterile, abortive",C1
6968,мінсіз,безупречный,pure,C1
6969,талғамсыз,"неразборчивый, неприхотливый",undecipherible,C1
6970,"Қатысы бар,","Имеющий отношение,","Concerning,",C1
6971,сапа тән,присущие качество,inherent quality,C1
6972,айыпты,виновный,guilty,C1
6973,ақаулы,с дефектом,with defect,C1
6974,ақшалы,"денежный, платный","moneyed, paid, charged",C1
6975,ақылы,платный,"paid, charged",C1
6976,айдарлы,хохлатый,comate,C1
6977,аспалы,"подвесной, висячий",hanging,C1
6978,атақты,"прославный, знатный, знаменитый","eminent, famous",C1
6979,емдәмдік,диетический,dietary,C1
6980,ерікті,вольный,free,C1
6981,жанды,"одушевленный, живой",animated,C1
6982,жауырынды,плечистый,broad-shouldered,C1
6983,зәрлі,ядовитый,poison-bearing,C1
6984,қанатты,крылатый,winged,C1
6985,қарулы,вооруженный,armed,C1
6986,қасиетті,"достойный, благонравный","worthy, well-behaved",C1
6987,жемісті,плодоносный,fruitful,C1
6988,сирақты,"голенастый, длинноногий",long-legged,C1
6989,Жан-жануарлар мен,Признаки касающиеся,Signs concerning,C1
6990,хайуанаттарға  тән сындық белгілер,животных и зверей,animals and animals,C1
6991,асау,"дикий, неприрученный, необъезженный (о коне)",unbroken horse,C1
6992,бақырауық,ревун (о верблюде),howler,C1
6993,қоңсыз,"худой, тощий, неупитанный",skinny,C1
6994,қысыр,яловая,dry,C1
6995,тағы,дикий,wild,C1
6996,тоқал,безрогий,acerous,C1
6997,Табиғат құбылыстары,Природные явления,Natural,C1
6998,дымқыл (ауа),"влажный, сырой (воздух)",moist/humid air,C1
6999,жайма-шуақ,"солнечный, ясный (о погоде)",sunny,C1
7000,жауын-шашынды,дождливый,rainy,C1
7001,желді,ветреный,windy,C1
7002,қоңыржай (жел),умеренно прохладный (ветерок),cool breeze,C1
7003,найзағайлы,грозовой,thundery,C1
7004,өткінші,"мимолетный, кратковременный (дождь)",scattered showers,C1
7005,Заттың,"Состояние,",Condition,C1
7006,"күйі, сипаты",характеристика,characteristic,C1
7007,былжыр,полужидкий,semiliquid,C1
7008,бітік,густой (о растениях),bushy,C1
7009,жіңішке,узкий,narrow,C1
7010,қайнақ,кипяченый,boiled,C1
7011,майысқақ,"гибкий, упругий","flexible, elastic",C1
7012,мұздай,"очень холодный, ледяной","very cold, ice",C1
7013,саздақ,глинистый,clayey,C1
7014,созлғыш,тягучий,ductile,C1
7015,солқылдақ,упругий,elastic,C1
7016,сусымалы,скользящий,sliding,C1
7017,жабысқақ,липкий,asdxesive,C1
7018,"Әрекет сапасы, сыны",Качество действия,Quality of the action,C1
7019,сорақы,нелепый,absurd,C1
7020,Өсімдік,Растение,Plant,C1
7021,тез өскіш,быстрорастущий,fast-growing,C1
7022,сағақты,черешковой,petiolar,C1
7023,сағызды,каучуковый,rubber,C1
7024,улы,ядовитый,poison-bearing,C1
7025,шүйгін,"сочный, питательный (о траве)",juicy,C1
7026,шығымды,урожайный,productive,C1
7027,өскіш,быстрорастущий,fast-growing,C1
7028,төзімді,"крепкий, прочный","hardwearing fabric, durable stuff",C1
7029,"алба-жалба, алба-жұлба","рваная, лохмотья","torn, rags",C1
7030,ағал-жағал,испачканный,soiled,C1
7031,көнетоз,"поношенный, потертый","well-worn, used",C1
7032,тоз-тоз,"изношенный, потрепанный",shabby,C1
7033,тозыңқы,поношенный (об одежде),threadbare,C1
7034,Тек пен түрге қатысты,"Имена прилагательные,",Adjectives,C1
7035,әдеби,литературный,literary,C1
7036,біртекті,однородный,homogeneous,C1
7037,ғылыми,научный,scientific,C1
7038,діни,религиозный,spiritual,C1
7039,империалистік,империалистический,"imperialist, imperialistic",C1
7040,кәсіби,профессиональный,professional,C1
7041,кітаби,книжный,portrait,C1
7042,"Деректі, дерексіз",Имена прилагательные,Adjectives,C1
7043,заттарға ортақ,применяемые,applied equally,C1
7044,қолданылатын сын,одинаково,"to concrete,",C1
7045,айшықты,"выразительный, яркий",significant,C1
7046,баянды,"устойчивый, стабильный",stable,C1
7047,бөтен,чужой,alien,C1
7048,айғыз-айғыз,грязный,dirty,C1
7049,жалбыр,всклокоченный (о шерсти),tousled,C1
7050,жарамды,годный,fit (for),C1
7051,жарамсыз,негодный,unfit,C1
7052,кір-қожалақ,"чумазый, сильно испачканный",dirty- faced,C1
7053,кіршісіз,чистый,pure,C1
7054,қабырғалас,"соседний, смежный",adjacent,C1
7055,ақ құба,"белолицый, белокожий",white-skinned,C1
7056,ақ көңіл,"простодушный, добрый, малый",unsophisticated,C1
7057,ақ жарқын,жизнерадостный,cheerful,C1
7058,ақжүрек,"прямодушный, откровенный, душа на распашку",frank,C1
7059,ала аяқ,пройдоха,rogue,C1
7060,ашық ауыз,"ротозей, раззява",scatterbrain,C1
7061,бармағынан бал тамған,золотые руки,skilful/clever fingers,C1
7062,без бүйрек,бездушный,heartless,C1
7063,бейілі (пейілі) тар,"скупой, злонамеренный",ill-intentioned,C1
7064,дүние қоңыз,"скупой, скупердяй",miser,C1
7065,діні қатты,"бездушный, черствый",stale,C1
7066,екіжүзді,двуличный,double-faced,C1
7067,екі ұшты,"неискрений, лицемерный",hyposritical,C1
7068,еті тірі,"активный, деятельный, энергичный","active, energetic",C1
7069,жат бауыр,чужак,stranger,C1
7070,жау жүрек,"смелый, смельчак",bold spirt,C1
7071,жел өкпе,легкомысленный,"light-minded, light-hearted",C1
7072,жеті қараңғы түн,"глубокая, поздняя ночь",late night,C1
7073,жүрек жұтқан,"бесстрашный, храбрый, смелый",courageous,C1
7074,иман жүзді,"добродушный, доброжелательный",good-natured,C1
7075,иманы жоқ,"бессовестный, нечестный","shameless, unjustice",C1
7076,иі жұмсақ,"добрый, мягкий (о человеке)","kind, mild/gentle disposition",C1
7077,кең пейіл,"добродушный, широкая натура",good-natured,C1
7078,көзі ашық,"грамотный, мыслящий","competent, intellectual",C1
7079,көк ми,"глупый, бестолковый, дубовая голова","stupid, blockhead, numskull",C1
7080,көрсе қызар,"падкий, быстро увлекающийся",having a weakness/greedy,C1
7081,кіші пейіл,"скромный, обходительный, учтивый",decent,C1
7082,қолы қысқа,бедный,poor,C1
7083,қолы ұзын,"влиятельный, богатый","authoriative, influential, powerful",C1
7084,қыпша бел,тонкая талия,slender waist,C1
7085,мінезі ауыр,"выдержанный, уравновешанный","self-possessed, self-restrained",C1
7086,"сегіз қырлы, бір сырлы",многогранный,many–sided  personality,C1
7087,су жүрек,трус,coward,C1
7088,су жаңа,с иголочки,"spic-and-span, out of the box",C1
7089,тас бауыр,"бессердечный, безжалостный","inhuman, brutal",C1
7090,тұзы жеңіл,невезучий,unfortunate,C1
7091,төрт құбыласы сай(түгел),счастливый,happy,C1
7092,ұр да жық,сорвиголова,"madcap, daredevil",C1
7093,іші тар,завистливый,envious,C1
7094,шырт ұйқы,глубокий сон,deep sleep,C1
7095,баяғыдан,с давних пор,"since long ago, for a long time",C1
7096,Киім сипаты,Характеристика,The clothes,C1
7097,Тамақ сипаты,Описание еды,The description of meal,C1
7098,қою емес,слабый,weak tea,C1
7099,объектінің салмағы,характеристика,weight,C1
7100,Объектінің мекені,Характеристика,The characteristic,C1
7101,оң,правый,right,C1
7102,қалалық саябақ,городской парк,park,C1
7103,"бағалы (сыйлық, зат)","ценный (подарок, вещь)",valuable,C1
7104,сенің,твой,your,C1
7105,оның,его,his/her,C1
7106,олардың,их,their,C1
7107,өзімнің,свой,my,C1
7108,әкемнің,(дом) отца,father’s,C1
7109,университеттік,университетская (гостиница),university hotel,C1
7110,Объектінің Өнерге,Характеристика,The characteristic,C1
7111,қатысты сипаты,объектов по культуре,of objects on culture,C1
7112,Объектінің Музыкаға,Характеристика,The characteristic,C1
7113,мазмұнсыз,бессодержательный,empty,C1
7114,жуық (мағынасынан),близкий (по смыслу),close (in content),C1
7115,"графикалық түр, сызба түрі",графический вид,graphic,C1
7116,"комплексті, кешенді",комплексный,complex,C1
7117,нақтылы,конкретный,"concrete, specific",C1
7118,жергілікті (белгілі көлемде),локальный,local,C1
7119,институтаралық,межинститутный,inter institute,C1
7120,Адам жүрісіне,Прилагательные,Adjective concerning,C1
7121,қатысты сын есім,относительно,walking of the,C1
7122,Адамның сөйлеген сөзіне қатысты сын есім,Речь,Speech,C1
7123,Адамның күлкісіне қатысты сын есім,Смех,Laugh/laughter,C1
7124,Адамның қасына қатысты сын есім,Брови,Eyebrow,C1
7125,Адам басына қатысты,Прилагательные,Adjectives,C1
7126,Бетке қатысты,Прилагательные,Clean face,C1
7127,қанша,сколько,how many/how much,C1
7128,жиырма бүтін оннан сегіз,двадцать целых восемь,three and a fourth,C1
7129,Болжалды,Предположительные,Presumable,C1
7130,сан есімдер,числительные,numerals,C1
7131,Жинақтық,Собирательные,Collective,C1
7132,Сілтеу,Указательное,Demonstrative,C1
7133,қашан,когда?,when?,C1
7134,өздерің,вы сами,yourselves,C1
7135,өздеріңіз,вы сами,yourselves,C1
7136,әркім,каждый,every,C1
7137,Болымсыздық есімдігі,Отрицательное,Negative,C1
7138,"әрмен, әрмен қарай, әріде",дальше,"farther, further",C1
7139,жоғарғы,вверху,up/ above,C1
7140,сол жақта,слева,to/from/on the left (of),C1
7141,оң жақта,справа,to/at/from/on the right (of),C1
7142,қайталанымдығы,"действий, событий","of actions, events",C1
7143,"күнде (күн, ай және т.б.)","каждый (день, месяц и т.д.)","every (day,month, etc.)",C1
7144,"күнделікті, күн сайынғы",ежедневный,daily,C1
7145,жыл сайын,ежегодный,"yearly, annual",C1
7146,"дейін, кейін (жұмыстан)","до, после (работы)",before/after,C1
7147,(2 сағаттан) соң,через (2 часа),in two hours,C1
7148,алдында (жұмыс),перед (работой),before,C1
7149,уақыт бойынша бағыт,ориентация во времени,orientation on time,C1
7150,осы кезде,в это время,at this time,C1
7151,келешек,будущий,next,C1
7152,Қайталанымдылық,Повторение,Repetition and,C1
7153,анда-санда,иногда,at times,C1
7154,әлсін-әлі,часто,often,C1
7155,оқта-текте,иногда,at times,C1
7156,текке,зря,to no purpose,C1
7157,оқыс,внезапно,suddenly,C1
7158,"біреулеп,бір-бірлеп",по одному,one by one,C1
7159,топастықпен,глупо,foolishly,C1
7160,"азғана, зорға, сәл",чуть,just,C1
7161,бірен-саран,некоторый,certain,C1
7162,Бір-бірімен,сопоставления,Comparison of two,C1
7163,аздап қана,немного,"a little, some",C1
7164,салыстырмасыз,несопоставимо,incomparably,C1
7165,"өте-мөте, аса",чрезмерно,"excessively, (far) too",C1
7166,білдіретін үстеулер,состояния,condition,C1
7167,тұсы,напротив,on the opposite side,C1
7168,"немесе, әлде",или,or,C1
7169,сонда да,не менее,nevertheless,C1
7170,не болмаса,или,or,C1
7171,әйтпесе,"иначе, в противном случае",otherwise,C1
7172,шынында,в действительности,"in reality, in (actual) fact possibly",C1
7173,Септеуліктер,Послелоги,Рostposition,C1
7174,ма/ме/ба/бе/па/пе/ше – сен ше? кітап па?,– а ты? книга-ли?,are you? is it a book?,C1
7175,"қана/ ғана –ақ, тек – бүгін ғана кешіктім.",только сегодня опоздал,i ‘ve been late only today,C1
7176,"болар, ықтимал",вероятно,may be,C1
7177,Ғылым және өнер,Наука. Искусство,Profession,C1
7178,"Еңбек етсең еленерсің,","Мешай дело с бездельем,",All work and no play makes,C1
7179,Қызығына бөленерсің.,проживешь век,Jack a dull boy.,C1
7180,"Іске уақыт, ермекке сағат.","Делу время, потехе час.",Business before pleasure.,C1
7181,Өмір. Өлім. Тағдыр,Жизнь. Смерть. Судьба,Life. Death. Fate,C1
7182,"Жоқтық не жегізбейді,",Нужда многому научит;,Adversity (misery or poverty),C1
7183,Тоқтық не дегізбейді.,нужда научит кузнеца са-,makes strange bedfellows;,C1
7184,Ақша ақшадан құралады;,Деньги к деньгам идут;,"Money begets (breeds,",C1
7185,"Бай байға құяды, сай сайға",деньга на деньгу,"draws, makes) money.",C1
7186,"Қырық жыл қырғын болса да,",Кому суждено быть,He that is born to be,C1
7187,ажалды өледі.,"повышенным, тот не",hanged shall never be,C1
7188,Ақыл-кеңес. Тәлім-тәрбие,Совет. Воспитание,Advice,C1
7189,Балықты жүзуге үйретпе.,Не учи рыбу плавать; не учи,Don’t teach your grandmother,C1
7190,Күшікті үруге үйретпе.,ученого; яйца курицу не,to suck eggs; never offer to,C1
7191,Оқу инемен құдық қазғандай. Қиындыққа жол жоқ.,Через тернии к звездам.,Every path has a puddle.,C1
7192,Ерте тұрған жігіттің ырысы,"Кто хочет преуспевать,",He that will thrive must,C1
7193,"артық,",должен пораньше вставать;,rise at five.,C1
7194,"Екпей егін шықпас,","Много не сделаешь, пока не",He who would climb,C1
7195,Үйренбей білім жұқпас.,"выучишься, но много надо",the ladder must begin,C1
7196,Білімнің басы бейнет,"сделать, чтобы выучиться;",at the bottom.,C1
7197,"Барымен базар,","Чем богат, тем и рад.","If you cannot have the best,",C1
7198,"Ақылмен басқарғанды,",С умом и дело спорится.,"If you command wise, you’ll",C1
7199,Бейтаныс кісі бітеу жаңғақ.,Не суди о людях и вещах,Judge not of men and things,C1
7200,Адамның сырты алдамшы.,с первого взгляда.,at first sight.,C1
7201,Керек тастың ауырлығы жоқ.,"В конце концов, все",Keep a thing year and you will,C1
7202,"Өрт болмасын десең,","Искру туши до пожара,",A little fire is quickly trodden,C1
7203,ұшқынды өшір. Ұшқыннан жалын лаулайды.,беду отводи до удара.,out.,C1
7204,"Ғасыр жасасаң, Ғасыр бойы үйрен.","Век живи, век учись.",Live and learn.,C1
7205,"Асау үшін жасама,","Жить не для того, что-","Leave not to eat, but eat to",C1
7206,Жасау үшін аса.,"бы есть, но есть для того, чтобы жить.",live.,C1
7207,Өткенге өкініш аз.,Потерянного времени не,Lost time is never found again.,C1
7208,Асығыс түбі өкініш.,Поспешность нужна толь-,Nothing must be done hastily,C1
7209,Әсіре қызыл тез оңады.,"Что быстро созревает, то быстро портится.","Soon ripe, soon rotten.",C1
7210,"Кесір сөзде қырсық көп,",Злом зла не поправишь;,Two wrongs do not make,C1
7211,Кесір адамда тыртық көп.,оплата злом за зло до до- бра не доведет.,a right.,C1
7212,Үйлену. Отбасы. Бала-шаға.,Семья. Дети.,Marriage. Family.,C1
7213,"Адамнан ала да туады,","В семье не без урода,",Accidents will happen in the,C1
7214,құла да туады.,и на урода все не в угоду.,best regulated families; it is a small flock that has not a black sheep; there is a black sheep in every flock.,C1
7215,Қыз күнінде қыздардың бәрі,Все девушки хороши - а,"All are good lasses, but",C1
7216,"жақсы, Жаман қатын",откуда берутся злые жены?,whence come the bad,C1
7217,Қауын пәлегінен ұзамайды.,Яблоко от яблоньки,"As the tree, so the fruit; like",C1
7218,"Әкеге тартып ұл өсер,",недалеко откатывается;,"father, like son; like mother,",C1
7219,Шешеге тартып қыз өсер.,недалеко от дерева яблочко,like child (or daughter).,C1
7220,Есептескен ел болмас.,У друзей все общее.,Between friends all is common.,C1
7221,"Алыстан арбалағанша,","Лучше синица в руке,",A bird in the hand is worth,C1
7222,Жақыннан дорбала.,чем журавль в небе,to in the bush.,C1
7223,Досыңды қиналғанда,Друзья познаются в беде;,A friend in need,C1
7224,"бір сына,",друг познается в несчастье;,is a friend indeed;,C1
7225,Қуанғанда бір сына.,друг познается на рати да,a friend is never known till,C1
7226,Жақсы әйел жаман,"Если Джек хорош, то Джил",A good Jack makes,C1
7227,еркекті адам етеді.,будет хороша; у хорошего мужа жена хорошая.,a good Jill.,C1
7228,"Көршің соқыр болса,","С кем поведешься, от того",He who scrubs every pig,C1
7229,Бір көзіңді қысып жүр.,и наберешься; свяжись,he sees will not long be,C1
7230,"Жүгірген жетпес,","Чему быть, того",Every cloud has a silver,C1
7231,Бұйырған кетпес.,не миновать,"lining. What must be, must be",C1
7232,"Жасында шолжың болса,",Из маменькиных сынков,Mother’s darlings are but,C1
7233,"өскенде мылжың болады. Жақсыдан жаман туады, бір аяқ асқа алғысыз, Жаманнан жақсы туады, адам айтса нанғысыз.",героев не выйдет.,milksop heroes.,C1
7234,Денсаулық. Бақыт.,Здоровье. Счастье.,Health. Happiness.,C1
7235,"Кесел батпаңдап кіріп,","Здоровье выходит пудами,",Agues come on horseback,C1
7236,Бәле бәлені ілестіре келеді.,"Беда не приходит одна,",An evil chance seldom,C1
7237,"Тіл тас жарады,","Бритва скребет, а слово ре-","The tongue is not steel,",C1
7238,"Тас жармаса,",жет; злые языки- острый,yet it cuts; many words cut,C1
7239,Бас жарады.,меч; не ножа бойся-языка.,more than swords.,C1
7240,"Жақсы байқап сөйлер,","Умей вовремя сказать,",Words are the wise man’s,C1
7241,Жаман шайқап сөйлер.,вовремя смолчать; умный,counters and the fool’s,C1
7242,Бейбітшілік. Соғыс.,Мир. Война.,PeaСe and War.,C1
7243,Қатты басталған жауын тез,После бури наступает,After a storm comes calm.,C1
7244,Махаббат пен соғыста,В любви и на войне все,All is fair in love and war.,C1
7245,"Біреудің басын шатады,","Два дурака дерутся,",Councils of war never fight.,C1
7246,Шегірткеден қорыққан,Волков бояться в лес,He that is afraid of wounds,C1
7247,егін екпес.,не ходить.,must not come near a battle.,C1
7248,Жеңгенді айыптамас болар. Табыстыны тәлкек қылма.,Победителей не судят.,Success is never blamed.,C1
7249,мақал-мәтелдер,пословицы,proverbs,C1
7250,Түсі игіден түңілме.,Хорошая лощадь не может,A good horse cannot be of,C1
7251,Түймедейді түйедей,"Если вам нужен предлог,",If you want pretence to,C1
7252,қылады; Сыныққа сылтау,"чтобы избить собаку,","whip a dog, say that he ate",C1
7253,көп. Ит ашуын тырнадан,"скажите, что она съела",the flying pan.,C1
7254,"Ақымақ тойынса,",С дураками шутить опасно.,Jest with an ass and he will,C1
7255,"Ақылдыға сөз айтсаң,","Глупец, кто свяжется",Never bray at an ass.,C1
7256,Екі қошқардың басы бір,Два знатока редко согла-,Two of trades never (or,C1
7257,қазанға сыймайды.,шаются друг с другом; два медведя в одной берлоге не уживутся.,seldom) agree.,C1
7258,Алдыңғы дөңгелек қайда,"Куда лощадь, туда и телега.",The wagon must go whither,C1
7259,"Таз тарағанша,","Пока солнце взоидет, роса",While the grass grows,C1
7260,Той тарқайды.,очи выест; пока трава,the horses (or the steed),C1
